ball_x,ball_y,ball_dx,ball_dy,paddle1_y,paddle2_y,paddle1_action,paddle2_action,score1,score2
405,295,5,-5,250,250,0,0,0,0
410,290,5,-5,250,243,0,-1,0,0
415,285,5,-5,250,236,0,-1,0,0
420,280,5,-5,250,229,0,-1,0,0
425,275,5,-5,250,236,0,1,0,0
430,270,5,-5,250,229,0,-1,0,0
435,265,5,-5,250,222,0,-1,0,0
440,260,5,-5,250,215,0,-1,0,0
445,255,5,-5,250,208,0,-1,0,0
450,250,5,-5,250,201,0,-1,0,0
455,245,5,-5,250,194,0,-1,0,0
460,240,5,-5,250,201,0,1,0,0
465,235,5,-5,250,194,0,-1,0,0
470,230,5,-5,250,187,0,-1,0,0
475,225,5,-5,250,180,0,-1,0,0
480,220,5,-5,250,173,0,-1,0,0
485,215,5,-5,250,166,0,-1,0,0
490,210,5,-5,250,166,0,0,0,0
495,205,5,-5,250,159,0,-1,0,0
500,200,5,-5,250,159,0,0,0,0
505,195,5,-5,250,152,0,-1,0,0
510,190,5,-5,250,145,0,-1,0,0
515,185,5,-5,250,138,0,-1,0,0
520,180,5,-5,250,131,0,-1,0,0
525,175,5,-5,250,124,0,-1,0,0
530,170,5,-5,250,131,0,1,0,0
535,165,5,-5,250,124,0,-1,0,0
540,160,5,-5,250,117,0,-1,0,0
545,155,5,-5,250,110,0,-1,0,0
550,150,5,-5,240,103,-1,-1,0,0
555,145,5,-5,230,96,-1,-1,0,0
560,140,5,-5,220,89,-1,-1,0,0
565,135,5,-5,210,96,-1,1,0,0
570,130,5,-5,200,89,-1,-1,0,0
575,125,5,-5,190,82,-1,-1,0,0
580,120,5,-5,180,75,-1,-1,0,0
585,115,5,-5,170,68,-1,-1,0,0
590,110,5,-5,160,61,-1,-1,0,0
595,105,5,-5,150,54,-1,-1,0,0
600,100,5,-5,140,61,-1,1,0,0
605,95,5,-5,130,54,-1,-1,0,0
610,90,5,-5,120,47,-1,-1,0,0
615,85,5,-5,110,40,-1,-1,0,0
620,80,5,-5,100,33,-1,-1,0,0
625,75,5,-5,90,26,-1,-1,0,0
630,70,5,-5,80,19,-1,-1,0,0
635,65,5,-5,70,26,-1,1,0,0
640,60,5,-5,60,19,-1,-1,0,0
645,55,5,-5,60,12,0,-1,0,0
650,50,5,-5,60,5,0,-1,0,0
655,45,5,-5,60,-2,0,-1,0,0
660,40,5,-5,60,-9,0,-1,0,0
665,35,5,-5,60,-16,0,-1,0,0
670,30,5,-5,60,-9,0,1,0,0
675,25,5,-5,60,-16,0,-1,0,0
680,20,5,-5,60,-23,0,-1,0,0
685,15,5,-5,60,-30,0,-1,0,0
690,10,5,5,60,-37,0,-1,0,0
695,15,5,5,60,-44,0,-1,0,0
700,20,5,5,60,-37,0,1,0,0
705,25,5,5,70,-30,1,1,0,0
710,30,5,5,80,-23,1,1,0,0
715,35,5,5,90,-16,1,1,0,0
720,40,5,5,100,-9,1,1,0,0
725,45,5,5,110,-16,1,-1,0,0
730,50,5,5,120,-9,1,1,0,0
735,55,5,5,130,-9,1,0,0,0
740,60,5,5,140,-2,1,1,0,0
745,65,5,5,150,5,1,1,0,0
750,70,5,5,160,12,1,1,0,0
755,75,5,5,170,19,1,1,0,0
760,80,5,5,180,26,1,1,0,0
765,85,5,5,190,33,1,1,0,0
770,90,5,5,200,40,1,1,0,0
775,95,5,5,210,40,1,0,0,0
780,100,-5,5,220,47,1,1,0,0
775,105,-5,5,230,47,1,0,0,0
770,110,-5,5,240,47,1,0,0,0
765,115,-5,5,250,47,1,0,0,0
760,120,-5,5,260,47,1,0,0,0
755,125,-5,5,270,47,1,0,0,0
750,130,-5,5,280,47,1,0,0,0
745,135,-5,5,290,47,1,0,0,0
740,140,-5,5,300,47,1,0,0,0
735,145,-5,5,300,47,0,0,0,0
730,150,-5,5,300,47,0,0,0,0
725,155,-5,5,300,47,0,0,0,0
720,160,-5,5,300,47,0,0,0,0
715,165,-5,5,300,47,0,0,0,0
710,170,-5,5,300,47,0,0,0,0
705,175,-5,5,300,47,0,0,0,0
700,180,-5,5,300,47,0,0,0,0
695,185,-5,5,300,47,0,0,0,0
690,190,-5,5,300,47,0,0,0,0
685,195,-5,5,300,47,0,0,0,0
680,200,-5,5,300,47,0,0,0,0
675,205,-5,5,300,47,0,0,0,0
670,210,-5,5,300,47,0,0,0,0
665,215,-5,5,300,47,0,0,0,0
660,220,-5,5,300,47,0,0,0,0
655,225,-5,5,300,47,0,0,0,0
650,230,-5,5,300,47,0,0,0,0
645,235,-5,5,300,47,0,0,0,0
640,240,-5,5,300,47,0,0,0,0
635,245,-5,5,300,47,0,0,0,0
630,250,-5,5,300,47,0,0,0,0
625,255,-5,5,300,47,0,0,0,0
620,260,-5,5,300,47,0,0,0,0
615,265,-5,5,300,47,0,0,0,0
610,270,-5,5,300,47,0,0,0,0
605,275,-5,5,300,47,0,0,0,0
600,280,-5,5,300,47,0,0,0,0
595,285,-5,5,300,47,0,0,0,0
590,290,-5,5,300,47,0,0,0,0
585,295,-5,5,300,47,0,0,0,0
580,300,-5,5,300,47,0,0,0,0
575,305,-5,5,310,47,1,0,0,0
570,310,-5,5,320,47,1,0,0,0
565,315,-5,5,330,47,1,0,0,0
560,320,-5,5,340,47,1,0,0,0
555,325,-5,5,350,47,1,0,0,0
550,330,-5,5,360,47,1,0,0,0
545,335,-5,5,370,47,1,0,0,0
540,340,-5,5,380,47,1,0,0,0
535,345,-5,5,390,47,1,0,0,0
530,350,-5,5,400,47,1,0,0,0
525,355,-5,5,410,47,1,0,0,0
520,360,-5,5,420,47,1,0,0,0
515,365,-5,5,430,47,1,0,0,0
510,370,-5,5,440,47,1,0,0,0
505,375,-5,5,450,47,1,0,0,0
500,380,-5,5,460,47,1,0,0,0
495,385,-5,5,470,47,1,0,0,0
490,390,-5,5,480,47,1,0,0,0
485,395,-5,5,490,47,1,0,0,0
480,400,-5,5,500,47,1,0,0,0
475,405,-5,5,500,47,0,0,0,0
470,410,-5,5,500,47,0,0,0,0
465,415,-5,5,500,47,0,0,0,0
460,420,-5,5,500,47,0,0,0,0
455,425,-5,5,500,47,0,0,0,0
450,430,-5,5,500,47,0,0,0,0
445,435,-5,5,500,47,0,0,0,0
440,440,-5,5,500,47,0,0,0,0
435,445,-5,5,500,47,0,0,0,0
430,450,-5,5,500,47,0,0,0,0
425,455,-5,5,500,47,0,0,0,0
420,460,-5,5,500,47,0,0,0,0
415,465,-5,5,500,47,0,0,0,0
410,470,-5,5,500,47,0,0,0,0
405,475,-5,5,500,47,0,0,0,0
400,480,-5,5,500,47,0,0,0,0
395,485,-5,5,500,47,0,0,0,0
390,490,-5,5,490,47,-1,0,0,0
385,495,-5,5,480,47,-1,0,0,0
380,500,-5,5,470,47,-1,0,0,0
375,505,-5,5,460,47,-1,0,0,0
370,510,-5,5,450,47,-1,0,0,0
365,515,-5,5,440,47,-1,0,0,0
360,520,-5,5,430,47,-1,0,0,0
355,525,-5,5,420,47,-1,0,0,0
350,530,-5,5,410,47,-1,0,0,0
345,535,-5,5,410,47,0,0,0,0
340,540,-5,5,410,47,0,0,0,0
335,545,-5,5,410,47,0,0,0,0
330,550,-5,5,410,47,0,0,0,0
325,555,-5,5,410,47,0,0,0,0
320,560,-5,5,410,47,0,0,0,0
315,565,-5,5,410,47,0,0,0,0
310,570,-5,5,410,47,0,0,0,0
305,575,-5,5,410,47,0,0,0,0
300,580,-5,5,410,47,0,0,0,0
295,585,-5,5,410,47,0,0,0,0
290,590,-5,-5,410,47,0,0,0,0
285,585,-5,-5,410,47,0,0,0,0
280,580,-5,-5,410,47,0,0,0,0
275,575,-5,-5,410,47,0,0,0,0
270,570,-5,-5,410,47,0,0,0,0
265,565,-5,-5,410,47,0,0,0,0
260,560,-5,-5,410,47,0,0,0,0
255,555,-5,-5,410,47,0,0,0,0
250,550,-5,-5,410,47,0,0,0,0
245,545,-5,-5,410,47,0,0,0,0
240,540,-5,-5,410,47,0,0,0,0
235,535,-5,-5,410,47,0,0,0,0
230,530,-5,-5,410,47,0,0,0,0
225,525,-5,-5,410,47,0,0,0,0
220,520,-5,-5,410,47,0,0,0,0
215,515,-5,-5,410,47,0,0,0,0
210,510,-5,-5,410,47,0,0,0,0
205,505,-5,-5,410,47,0,0,0,0
200,500,-5,-5,410,47,0,0,0,0
195,495,-5,-5,410,47,0,0,0,0
190,490,-5,-5,410,47,0,0,0,0
185,485,-5,-5,410,47,0,0,0,0
180,480,-5,-5,410,47,0,0,0,0
175,475,-5,-5,400,47,-1,0,0,0
170,470,-5,-5,390,47,-1,0,0,0
165,465,-5,-5,380,47,-1,0,0,0
160,460,-5,-5,370,47,-1,0,0,0
155,455,-5,-5,360,47,-1,0,0,0
150,450,-5,-5,350,47,-1,0,0,0
145,445,-5,-5,340,47,-1,0,0,0
140,440,-5,-5,330,47,-1,0,0,0
135,435,-5,-5,320,47,-1,0,0,0
130,430,-5,-5,310,47,-1,0,0,0
125,425,-5,-5,300,47,-1,0,0,0
120,420,-5,-5,290,47,-1,0,0,0
115,415,-5,-5,280,47,-1,0,0,0
110,410,-5,-5,270,47,-1,0,0,0
105,405,-5,-5,260,47,-1,0,0,0
100,400,-5,-5,250,47,-1,0,0,0
95,395,-5,-5,240,47,-1,0,0,0
90,390,-5,-5,230,47,-1,0,0,0
85,385,-5,-5,230,47,0,0,0,0
80,380,-5,-5,230,47,0,0,0,0
75,375,-5,-5,230,47,0,0,0,0
70,370,-5,-5,230,47,0,0,0,0
65,365,-5,-5,230,47,0,0,0,0
60,360,-5,-5,230,47,0,0,0,0
55,355,-5,-5,230,47,0,0,0,0
50,350,-5,-5,230,47,0,0,0,0
45,345,-5,-5,230,47,0,0,0,0
40,340,-5,-5,230,47,0,0,0,0
35,335,-5,-5,230,47,0,0,0,0
30,330,-5,-5,230,47,0,0,0,0
25,325,-5,-5,230,47,0,0,0,0
20,320,5,-5,230,47,0,0,0,0
25,315,5,-5,230,54,0,1,0,0
30,310,5,-5,230,61,0,1,0,0
35,305,5,-5,230,68,0,1,0,0
40,300,5,-5,230,75,0,1,0,0
45,295,5,-5,240,82,1,1,0,0
50,290,5,-5,250,89,1,1,0,0
55,285,5,-5,260,96,1,1,0,0
60,280,5,-5,270,103,1,1,0,0
65,275,5,-5,280,110,1,1,0,0
70,270,5,-5,290,117,1,1,0,0
75,265,5,-5,300,124,1,1,0,0
80,260,5,-5,310,131,1,1,0,0
85,255,5,-5,310,138,0,1,0,0
90,250,5,-5,310,145,0,1,0,0
95,245,5,-5,310,152,0,1,0,0
100,240,5,-5,310,159,0,1,0,0
105,235,5,-5,310,166,0,1,0,0
110,230,5,-5,310,173,0,1,0,0
115,225,5,-5,310,180,0,1,0,0
120,220,5,-5,310,173,0,-1,0,0
125,215,5,-5,310,166,0,-1,0,0
130,210,5,-5,310,159,0,-1,0,0
135,205,5,-5,310,166,0,1,0,0
140,200,5,-5,310,159,0,-1,0,0
145,195,5,-5,310,152,0,-1,0,0
150,190,5,-5,310,145,0,-1,0,0
155,185,5,-5,310,138,0,-1,0,0
160,180,5,-5,310,138,0,0,0,0
165,175,5,-5,310,131,0,-1,0,0
170,170,5,-5,310,124,0,-1,0,0
175,165,5,-5,310,117,0,-1,0,0
180,160,5,-5,310,110,0,-1,0,0
185,155,5,-5,310,110,0,0,0,0
190,150,5,-5,310,103,0,-1,0,0
195,145,5,-5,310,96,0,-1,0,0
200,140,5,-5,310,89,0,-1,0,0
205,135,5,-5,310,96,0,1,0,0
210,130,5,-5,310,89,0,-1,0,0
215,125,5,-5,300,82,-1,-1,0,0
220,120,5,-5,290,75,-1,-1,0,0
225,115,5,-5,280,68,-1,-1,0,0
230,110,5,-5,270,61,-1,-1,0,0
235,105,5,-5,260,54,-1,-1,0,0
240,100,5,-5,250,61,-1,1,0,0
245,95,5,-5,240,54,-1,-1,0,0
250,90,5,-5,230,47,-1,-1,0,0
255,85,5,-5,220,40,-1,-1,0,0
260,80,5,-5,210,33,-1,-1,0,0
265,75,5,-5,200,33,-1,0,0,0
270,70,5,-5,190,33,-1,0,0,0
275,65,5,-5,180,26,-1,-1,0,0
280,60,5,-5,170,19,-1,-1,0,0
285,55,5,-5,170,12,0,-1,0,0
290,50,5,-5,170,5,0,-1,0,0
295,45,5,-5,170,5,0,0,0,0
300,40,5,-5,170,-2,0,-1,0,0
305,35,5,-5,170,-9,0,-1,0,0
310,30,5,-5,170,-16,0,-1,0,0
315,25,5,-5,170,-23,0,-1,0,0
320,20,5,-5,170,-30,0,-1,0,0
325,15,5,-5,170,-30,0,0,0,0
330,10,5,5,170,-37,0,-1,0,0
335,15,5,5,170,-44,0,-1,0,0
340,20,5,5,170,-44,0,0,0,0
345,25,5,5,170,-37,0,1,0,0
350,30,5,5,170,-30,0,1,0,0
355,35,5,5,170,-23,0,1,0,0
360,40,5,5,170,-16,0,1,0,0
365,45,5,5,170,-9,0,1,0,0
370,50,5,5,170,-9,0,0,0,0
375,55,5,5,170,-2,0,1,0,0
380,60,5,5,170,5,0,1,0,0
385,65,5,5,170,12,0,1,0,0
390,70,5,5,180,19,1,1,0,0
395,75,5,5,190,19,1,0,0,0
400,80,5,5,200,26,1,1,0,0
405,85,5,5,210,33,1,1,0,0
410,90,5,5,220,40,1,1,0,0
415,95,5,5,230,40,1,0,0,0
420,100,5,5,240,47,1,1,0,0
425,105,5,5,250,54,1,1,0,0
430,110,5,5,260,61,1,1,0,0
435,115,5,5,260,54,0,-1,0,0
440,120,5,5,260,61,0,1,0,0
445,125,5,5,260,68,0,1,0,0
450,130,5,5,260,75,0,1,0,0
455,135,5,5,260,82,0,1,0,0
460,140,5,5,260,89,0,1,0,0
465,145,5,5,260,96,0,1,0,0
470,150,5,5,260,89,0,-1,0,0
475,155,5,5,260,96,0,1,0,0
480,160,5,5,260,103,0,1,0,0
485,165,5,5,260,110,0,1,0,0
490,170,5,5,260,117,0,1,0,0
495,175,5,5,260,124,0,1,0,0
500,180,5,5,260,131,0,1,0,0
505,185,5,5,260,124,0,-1,0,0
510,190,5,5,260,131,0,1,0,0
515,195,5,5,260,138,0,1,0,0
520,200,5,5,260,145,0,1,0,0
525,205,5,5,260,152,0,1,0,0
530,210,5,5,260,159,0,1,0,0
535,215,5,5,260,166,0,1,0,0
540,220,5,5,260,159,0,-1,0,0
545,225,5,5,260,166,0,1,0,0
550,230,5,5,260,173,0,1,0,0
555,235,5,5,260,180,0,1,0,0
560,240,5,5,260,187,0,1,0,0
565,245,5,5,260,194,0,1,0,0
570,250,5,5,260,201,0,1,0,0
575,255,5,5,260,194,0,-1,0,0
580,260,5,5,260,194,0,0,0,0
585,265,5,5,260,201,0,1,0,0
590,270,5,5,260,208,0,1,0,0
595,275,5,5,260,215,0,1,0,0
600,280,5,5,260,222,0,1,0,0
605,285,5,5,260,229,0,1,0,0
610,290,5,5,260,236,0,1,0,0
615,295,5,5,260,243,0,1,0,0
620,300,5,5,260,250,0,1,0,0
625,305,5,5,260,250,0,0,0,0
630,310,5,5,260,257,0,1,0,0
635,315,5,5,260,264,0,1,0,0
640,320,5,5,260,271,0,1,0,0
645,325,5,5,260,264,0,-1,0,0
650,330,5,5,260,271,0,1,0,0
655,335,5,5,260,278,0,1,0,0
660,340,5,5,260,285,0,1,0,0
665,345,5,5,260,292,0,1,0,0
670,350,5,5,260,299,0,1,0,0
675,355,5,5,260,306,0,1,0,0
680,360,5,5,260,299,0,-1,0,0
685,365,5,5,260,306,0,1,0,0
690,370,5,5,260,313,0,1,0,0
695,375,5,5,260,313,0,0,0,0
700,380,5,5,260,320,0,1,0,0
705,385,5,5,260,327,0,1,0,0
710,390,5,5,260,334,0,1,0,0
715,395,5,5,260,334,0,0,0,0
720,400,5,5,260,341,0,1,0,0
725,405,5,5,260,348,0,1,0,0
730,410,5,5,260,355,0,1,0,0
735,415,5,5,260,362,0,1,0,0
740,420,5,5,260,369,0,1,0,0
745,425,5,5,260,376,0,1,0,0
750,430,5,5,260,369,0,-1,0,0
755,435,5,5,260,376,0,1,0,0
760,440,5,5,260,383,0,1,0,0
765,445,5,5,260,390,0,1,0,0
770,450,5,5,260,390,0,0,0,0
775,455,5,5,260,397,0,1,0,0
780,460,-5,5,260,404,0,1,0,0
775,465,-5,5,260,404,0,0,0,0
770,470,-5,5,260,404,0,0,0,0
765,475,-5,5,260,404,0,0,0,0
760,480,-5,5,260,404,0,0,0,0
755,485,-5,5,260,404,0,0,0,0
750,490,-5,5,260,404,0,0,0,0
745,495,-5,5,260,404,0,0,0,0
740,500,-5,5,260,404,0,0,0,0
735,505,-5,5,260,404,0,0,0,0
730,510,-5,5,260,404,0,0,0,0
725,515,-5,5,260,404,0,0,0,0
720,520,-5,5,260,404,0,0,0,0
715,525,-5,5,260,404,0,0,0,0
710,530,-5,5,260,404,0,0,0,0
705,535,-5,5,260,404,0,0,0,0
700,540,-5,5,260,404,0,0,0,0
695,545,-5,5,260,404,0,0,0,0
690,550,-5,5,260,404,0,0,0,0
685,555,-5,5,260,404,0,0,0,0
680,560,-5,5,260,404,0,0,0,0
675,565,-5,5,260,404,0,0,0,0
670,570,-5,5,260,404,0,0,0,0
665,575,-5,5,260,404,0,0,0,0
660,580,-5,5,260,404,0,0,0,0
655,585,-5,5,260,404,0,0,0,0
650,590,-5,-5,260,404,0,0,0,0
645,585,-5,-5,260,404,0,0,0,0
640,580,-5,-5,260,404,0,0,0,0
635,575,-5,-5,260,404,0,0,0,0
630,570,-5,-5,260,404,0,0,0,0
625,565,-5,-5,260,404,0,0,0,0
620,560,-5,-5,260,404,0,0,0,0
615,555,-5,-5,260,404,0,0,0,0
610,550,-5,-5,260,404,0,0,0,0
605,545,-5,-5,260,404,0,0,0,0
600,540,-5,-5,260,404,0,0,0,0
595,535,-5,-5,260,404,0,0,0,0
590,530,-5,-5,260,404,0,0,0,0
585,525,-5,-5,260,404,0,0,0,0
580,520,-5,-5,260,404,0,0,0,0
575,515,-5,-5,260,404,0,0,0,0
570,510,-5,-5,260,404,0,0,0,0
565,505,-5,-5,260,404,0,0,0,0
560,500,-5,-5,260,404,0,0,0,0
555,495,-5,-5,260,404,0,0,0,0
550,490,-5,-5,260,404,0,0,0,0
545,485,-5,-5,260,404,0,0,0,0
540,480,-5,-5,260,404,0,0,0,0
535,475,-5,-5,260,404,0,0,0,0
530,470,-5,-5,260,404,0,0,0,0
525,465,-5,-5,260,404,0,0,0,0
520,460,-5,-5,260,404,0,0,0,0
515,455,-5,-5,260,404,0,0,0,0
510,450,-5,-5,260,404,0,0,0,0
505,445,-5,-5,250,404,-1,0,0,0
500,440,-5,-5,240,404,-1,0,0,0
495,435,-5,-5,230,404,-1,0,0,0
490,430,-5,-5,220,404,-1,0,0,0
485,425,-5,-5,210,404,-1,0,0,0
480,420,-5,-5,200,404,-1,0,0,0
475,415,-5,-5,190,404,-1,0,0,0
470,410,-5,-5,180,404,-1,0,0,0
465,405,-5,-5,170,404,-1,0,0,0
460,400,-5,-5,160,404,-1,0,0,0
455,395,-5,-5,150,404,-1,0,0,0
450,390,-5,-5,140,404,-1,0,0,0
445,385,-5,-5,130,404,-1,0,0,0
440,380,-5,-5,120,404,-1,0,0,0
435,375,-5,-5,110,404,-1,0,0,0
430,370,-5,-5,100,404,-1,0,0,0
425,365,-5,-5,90,404,-1,0,0,0
420,360,-5,-5,80,404,-1,0,0,0
415,355,-5,-5,70,404,-1,0,0,0
410,350,-5,-5,60,404,-1,0,0,0
405,345,-5,-5,50,404,-1,0,0,0
400,340,-5,-5,40,404,-1,0,0,0
395,335,-5,-5,40,404,0,0,0,0
390,330,-5,-5,40,404,0,0,0,0
385,325,-5,-5,40,404,0,0,0,0
380,320,-5,-5,40,404,0,0,0,0
375,315,-5,-5,40,404,0,0,0,0
370,310,-5,-5,40,404,0,0,0,0
365,305,-5,-5,40,404,0,0,0,0
360,300,-5,-5,40,404,0,0,0,0
355,295,-5,-5,40,404,0,0,0,0
350,290,-5,-5,40,404,0,0,0,0
345,285,-5,-5,40,404,0,0,0,0
340,280,-5,-5,40,404,0,0,0,0
335,275,-5,-5,40,404,0,0,0,0
330,270,-5,-5,40,404,0,0,0,0
325,265,-5,-5,40,404,0,0,0,0
320,260,-5,-5,40,404,0,0,0,0
315,255,-5,-5,50,404,1,0,0,0
310,250,-5,-5,60,404,1,0,0,0
305,245,-5,-5,70,404,1,0,0,0
300,240,-5,-5,80,404,1,0,0,0
295,235,-5,-5,90,404,1,0,0,0
290,230,-5,-5,100,404,1,0,0,0
285,225,-5,-5,110,404,1,0,0,0
280,220,-5,-5,120,404,1,0,0,0
275,215,-5,-5,130,404,1,0,0,0
270,210,-5,-5,140,404,1,0,0,0
265,205,-5,-5,140,404,0,0,0,0
260,200,-5,-5,140,404,0,0,0,0
255,195,-5,-5,140,404,0,0,0,0
250,190,-5,-5,140,404,0,0,0,0
245,185,-5,-5,140,404,0,0,0,0
240,180,-5,-5,140,404,0,0,0,0
235,175,-5,-5,140,404,0,0,0,0
230,170,-5,-5,140,404,0,0,0,0
225,165,-5,-5,140,404,0,0,0,0
220,160,-5,-5,140,404,0,0,0,0
215,155,-5,-5,140,404,0,0,0,0
210,150,-5,-5,140,404,0,0,0,0
205,145,-5,-5,140,404,0,0,0,0
200,140,-5,-5,140,404,0,0,0,0
195,135,-5,-5,140,404,0,0,0,0
190,130,-5,-5,130,404,-1,0,0,0
185,125,-5,-5,120,404,-1,0,0,0
180,120,-5,-5,110,404,-1,0,0,0
175,115,-5,-5,100,404,-1,0,0,0
170,110,-5,-5,90,404,-1,0,0,0
165,105,-5,-5,80,404,-1,0,0,0
160,100,-5,-5,70,404,-1,0,0,0
155,95,-5,-5,60,404,-1,0,0,0
150,90,-5,-5,50,404,-1,0,0,0
145,85,-5,-5,40,404,-1,0,0,0
140,80,-5,-5,30,404,-1,0,0,0
135,75,-5,-5,20,404,-1,0,0,0
130,70,-5,-5,20,404,0,0,0,0
125,65,-5,-5,20,404,0,0,0,0
120,60,-5,-5,20,404,0,0,0,0
115,55,-5,-5,20,404,0,0,0,0
110,50,-5,-5,20,404,0,0,0,0
105,45,-5,-5,20,404,0,0,0,0
100,40,-5,-5,20,404,0,0,0,0
95,35,-5,-5,20,404,0,0,0,0
90,30,-5,-5,20,404,0,0,0,0
85,25,-5,-5,20,404,0,0,0,0
80,20,-5,-5,20,404,0,0,0,0
75,15,-5,-5,20,404,0,0,0,0
70,10,-5,5,20,404,0,0,0,0
65,15,-5,5,20,404,0,0,0,0
60,20,-5,5,20,404,0,0,0,0
55,25,-5,5,20,404,0,0,0,0
50,30,-5,5,20,404,0,0,0,0
45,35,-5,5,20,404,0,0,0,0
40,40,-5,5,20,404,0,0,0,0
35,45,-5,5,20,404,0,0,0,0
30,50,-5,5,20,404,0,0,0,0
25,55,-5,5,20,404,0,0,0,0
20,60,5,5,20,404,0,0,0,0
25,65,5,5,20,397,0,-1,0,0
30,70,5,5,20,390,0,-1,0,0
35,75,5,5,20,383,0,-1,0,0
40,80,5,5,20,376,0,-1,0,0
45,85,5,5,20,369,0,-1,0,0
50,90,5,5,20,362,0,-1,0,0
55,95,5,5,20,355,0,-1,0,0
60,100,5,5,20,348,0,-1,0,0
65,105,5,5,20,341,0,-1,0,0
70,110,5,5,20,334,0,-1,0,0
75,115,5,5,20,327,0,-1,0,0
80,120,5,5,20,320,0,-1,0,0
85,125,5,5,20,320,0,0,0,0
90,130,5,5,20,313,0,-1,0,0
95,135,5,5,20,306,0,-1,0,0
100,140,5,5,20,299,0,-1,0,0
105,145,5,5,20,299,0,0,0,0
110,150,5,5,20,292,0,-1,0,0
115,155,5,5,20,292,0,0,0,0
120,160,5,5,20,285,0,-1,0,0
125,165,5,5,20,278,0,-1,0,0
130,170,5,5,20,271,0,-1,0,0
135,175,5,5,20,271,0,0,0,0
140,180,5,5,20,264,0,-1,0,0
145,185,5,5,20,257,0,-1,0,0
150,190,5,5,20,250,0,-1,0,0
155,195,5,5,20,243,0,-1,0,0
160,200,5,5,20,236,0,-1,0,0
165,205,5,5,20,229,0,-1,0,0
170,210,5,5,20,222,0,-1,0,0
175,215,5,5,20,215,0,-1,0,0
180,220,5,5,20,208,0,-1,0,0
185,225,5,5,20,201,0,-1,0,0
190,230,5,5,20,194,0,-1,0,0
195,235,5,5,20,187,0,-1,0,0
200,240,5,5,20,180,0,-1,0,0
205,245,5,5,20,187,0,1,0,0
210,250,5,5,20,187,0,0,0,0
215,255,5,5,20,194,0,1,0,0
220,260,5,5,20,201,0,1,0,0
225,265,5,5,20,208,0,1,0,0
230,270,5,5,20,215,0,1,0,0
235,275,5,5,20,222,0,1,0,0
240,280,5,5,20,229,0,1,0,0
245,285,5,5,20,236,0,1,0,0
250,290,5,5,20,229,0,-1,0,0
255,295,5,5,20,236,0,1,0,0
260,300,5,5,20,243,0,1,0,0
265,305,5,5,20,250,0,1,0,0
270,310,5,5,20,257,0,1,0,0
275,315,5,5,20,264,0,1,0,0
280,320,5,5,20,271,0,1,0,0
285,325,5,5,20,264,0,-1,0,0
290,330,5,5,20,271,0,1,0,0
295,335,5,5,20,278,0,1,0,0
300,340,5,5,20,285,0,1,0,0
305,345,5,5,20,292,0,1,0,0
310,350,5,5,20,299,0,1,0,0
315,355,5,5,20,306,0,1,0,0
320,360,5,5,20,299,0,-1,0,0
325,365,5,5,20,306,0,1,0,0
330,370,5,5,20,313,0,1,0,0
335,375,5,5,20,320,0,1,0,0
340,380,5,5,20,327,0,1,0,0
345,385,5,5,20,327,0,0,0,0
350,390,5,5,20,334,0,1,0,0
355,395,5,5,20,341,0,1,0,0
360,400,5,5,20,348,0,1,0,0
365,405,5,5,20,355,0,1,0,0
370,410,5,5,20,355,0,0,0,0
375,415,5,5,20,362,0,1,0,0
380,420,5,5,20,369,0,1,0,0
385,425,5,5,20,376,0,1,0,0
390,430,5,5,20,369,0,-1,0,0
395,435,5,5,20,376,0,1,0,0
400,440,5,5,20,383,0,1,0,0
405,445,5,5,20,390,0,1,0,0
410,450,5,5,20,397,0,1,0,0
415,455,5,5,20,404,0,1,0,0
420,460,5,5,20,411,0,1,0,0
425,465,5,5,20,404,0,-1,0,0
430,470,5,5,20,411,0,1,0,0
435,475,5,5,20,418,0,1,0,0
440,480,5,5,20,425,0,1,0,0
445,485,5,5,20,432,0,1,0,0
450,490,5,5,20,439,0,1,0,0
455,495,5,5,20,446,0,1,0,0
460,500,5,5,20,439,0,-1,0,0
465,505,5,5,20,446,0,1,0,0
470,510,5,5,20,453,0,1,0,0
475,515,5,5,20,460,0,1,0,0
480,520,5,5,20,467,0,1,0,0
485,525,5,5,20,474,0,1,0,0
490,530,5,5,20,481,0,1,0,0
495,535,5,5,20,474,0,-1,0,0
500,540,5,5,20,481,0,1,0,0
505,545,5,5,20,488,0,1,0,0
510,550,5,5,20,495,0,1,0,0
515,555,5,5,20,502,0,1,0,0
520,560,5,5,20,509,0,1,0,0
525,565,5,5,20,516,0,1,0,0
530,570,5,5,20,509,0,-1,0,0
535,575,5,5,20,516,0,1,0,0
540,580,5,5,20,523,0,1,0,0
545,585,5,5,20,530,0,1,0,0
550,590,5,-5,20,537,0,1,0,0
555,585,5,-5,20,544,0,1,0,0
560,580,5,-5,20,537,0,-1,0,0
565,575,5,-5,20,530,0,-1,0,0
570,570,5,-5,20,523,0,-1,0,0
575,565,5,-5,20,516,0,-1,0,0
580,560,5,-5,20,509,0,-1,0,0
585,555,5,-5,20,516,0,1,0,0
590,550,5,-5,20,509,0,-1,0,0
595,545,5,-5,20,502,0,-1,0,0
600,540,5,-5,20,502,0,0,0,0
605,535,5,-5,20,495,0,-1,0,0
610,530,5,-5,20,488,0,-1,0,0
615,525,5,-5,20,481,0,-1,0,0
620,520,5,-5,20,474,0,-1,0,0
625,515,5,-5,20,474,0,0,0,0
630,510,5,-5,20,474,0,0,0,0
635,505,5,-5,20,467,0,-1,0,0
640,500,5,-5,20,460,0,-1,0,0
645,495,5,-5,20,453,0,-1,0,0
650,490,5,-5,20,453,0,0,0,0
655,485,5,-5,20,446,0,-1,0,0
660,480,5,-5,20,439,0,-1,0,0
665,475,5,-5,20,432,0,-1,0,0
670,470,5,-5,20,425,0,-1,0,0
675,465,5,-5,20,418,0,-1,0,0
680,460,5,-5,20,411,0,-1,0,0
685,455,5,-5,20,404,0,-1,0,0
690,450,5,-5,20,411,0,1,0,0
695,445,5,-5,20,404,0,-1,0,0
700,440,5,-5,20,397,0,-1,0,0
705,435,5,-5,20,397,0,0,0,0
710,430,5,-5,20,390,0,-1,0,0
715,425,5,-5,20,383,0,-1,0,0
720,420,5,-5,20,376,0,-1,0,0
725,415,5,-5,20,369,0,-1,0,0
730,410,5,-5,20,362,0,-1,0,0
735,405,5,-5,20,355,0,-1,0,0
740,400,5,-5,20,355,0,0,0,0
745,395,5,-5,20,355,0,0,0,0
750,390,5,-5,20,348,0,-1,0,0
755,385,5,-5,20,341,0,-1,0,0
760,380,5,-5,20,334,0,-1,0,0
765,375,5,-5,20,327,0,-1,0,0
770,370,5,-5,20,320,0,-1,0,0
775,365,5,-5,20,320,0,0,0,0
780,360,-5,-5,20,313,0,-1,0,0
775,355,-5,-5,20,313,0,0,0,0
770,350,-5,-5,20,313,0,0,0,0
765,345,-5,-5,20,313,0,0,0,0
760,340,-5,-5,20,313,0,0,0,0
755,335,-5,-5,20,313,0,0,0,0
750,330,-5,-5,20,313,0,0,0,0
745,325,-5,-5,20,313,0,0,0,0
740,320,-5,-5,20,313,0,0,0,0
735,315,-5,-5,20,313,0,0,0,0
730,310,-5,-5,20,313,0,0,0,0
725,305,-5,-5,20,313,0,0,0,0
720,300,-5,-5,20,313,0,0,0,0
715,295,-5,-5,20,313,0,0,0,0
710,290,-5,-5,20,313,0,0,0,0
705,285,-5,-5,20,313,0,0,0,0
700,280,-5,-5,20,313,0,0,0,0
695,275,-5,-5,20,313,0,0,0,0
690,270,-5,-5,20,313,0,0,0,0
685,265,-5,-5,20,313,0,0,0,0
680,260,-5,-5,20,313,0,0,0,0
675,255,-5,-5,20,313,0,0,0,0
670,250,-5,-5,20,313,0,0,0,0
665,245,-5,-5,20,313,0,0,0,0
660,240,-5,-5,20,313,0,0,0,0
655,235,-5,-5,20,313,0,0,0,0
650,230,-5,-5,20,313,0,0,0,0
645,225,-5,-5,20,313,0,0,0,0
640,220,-5,-5,20,313,0,0,0,0
635,215,-5,-5,20,313,0,0,0,0
630,210,-5,-5,20,313,0,0,0,0
625,205,-5,-5,20,313,0,0,0,0
620,200,-5,-5,20,313,0,0,0,0
615,195,-5,-5,20,313,0,0,0,0
610,190,-5,-5,20,313,0,0,0,0
605,185,-5,-5,20,313,0,0,0,0
600,180,-5,-5,20,313,0,0,0,0
595,175,-5,-5,20,313,0,0,0,0
590,170,-5,-5,20,313,0,0,0,0
585,165,-5,-5,20,313,0,0,0,0
580,160,-5,-5,20,313,0,0,0,0
575,155,-5,-5,20,313,0,0,0,0
570,150,-5,-5,20,313,0,0,0,0
565,145,-5,-5,20,313,0,0,0,0
560,140,-5,-5,20,313,0,0,0,0
555,135,-5,-5,20,313,0,0,0,0
550,130,-5,-5,20,313,0,0,0,0
545,125,-5,-5,20,313,0,0,0,0
540,120,-5,-5,20,313,0,0,0,0
535,115,-5,-5,20,313,0,0,0,0
530,110,-5,-5,20,313,0,0,0,0
525,105,-5,-5,20,313,0,0,0,0
520,100,-5,-5,20,313,0,0,0,0
515,95,-5,-5,20,313,0,0,0,0
510,90,-5,-5,20,313,0,0,0,0
505,85,-5,-5,20,313,0,0,0,0
500,80,-5,-5,20,313,0,0,0,0
495,75,-5,-5,20,313,0,0,0,0
490,70,-5,-5,20,313,0,0,0,0
485,65,-5,-5,20,313,0,0,0,0
480,60,-5,-5,20,313,0,0,0,0
475,55,-5,-5,20,313,0,0,0,0
470,50,-5,-5,20,313,0,0,0,0
465,45,-5,-5,20,313,0,0,0,0
460,40,-5,-5,20,313,0,0,0,0
455,35,-5,-5,20,313,0,0,0,0
450,30,-5,-5,20,313,0,0,0,0
445,25,-5,-5,20,313,0,0,0,0
440,20,-5,-5,20,313,0,0,0,0
435,15,-5,-5,20,313,0,0,0,0
430,10,-5,5,20,313,0,0,0,0
425,15,-5,5,20,313,0,0,0,0
420,20,-5,5,20,313,0,0,0,0
415,25,-5,5,20,313,0,0,0,0
410,30,-5,5,20,313,0,0,0,0
405,35,-5,5,20,313,0,0,0,0
400,40,-5,5,20,313,0,0,0,0
395,45,-5,5,20,313,0,0,0,0
390,50,-5,5,20,313,0,0,0,0
385,55,-5,5,20,313,0,0,0,0
380,60,-5,5,20,313,0,0,0,0
375,65,-5,5,20,313,0,0,0,0
370,70,-5,5,20,313,0,0,0,0
365,75,-5,5,20,313,0,0,0,0
360,80,-5,5,20,313,0,0,0,0
355,85,-5,5,20,313,0,0,0,0
350,90,-5,5,20,313,0,0,0,0
345,95,-5,5,20,313,0,0,0,0
340,100,-5,5,20,313,0,0,0,0
335,105,-5,5,20,313,0,0,0,0
330,110,-5,5,20,313,0,0,0,0
325,115,-5,5,20,313,0,0,0,0
320,120,-5,5,20,313,0,0,0,0
315,125,-5,5,20,313,0,0,0,0
310,130,-5,5,20,313,0,0,0,0
305,135,-5,5,20,313,0,0,0,0
300,140,-5,5,20,313,0,0,0,0
295,145,-5,5,20,313,0,0,0,0
290,150,-5,5,30,313,1,0,0,0
285,155,-5,5,40,313,1,0,0,0
280,160,-5,5,50,313,1,0,0,0
275,165,-5,5,60,313,1,0,0,0
270,170,-5,5,70,313,1,0,0,0
265,175,-5,5,80,313,1,0,0,0
260,180,-5,5,90,313,1,0,0,0
255,185,-5,5,100,313,1,0,0,0
250,190,-5,5,110,313,1,0,0,0
245,195,-5,5,120,313,1,0,0,0
240,200,-5,5,130,313,1,0,0,0
235,205,-5,5,140,313,1,0,0,0
230,210,-5,5,150,313,1,0,0,0
225,215,-5,5,160,313,1,0,0,0
220,220,-5,5,170,313,1,0,0,0
215,225,-5,5,180,313,1,0,0,0
210,230,-5,5,190,313,1,0,0,0
205,235,-5,5,200,313,1,0,0,0
200,240,-5,5,210,313,1,0,0,0
195,245,-5,5,220,313,1,0,0,0
190,250,-5,5,230,313,1,0,0,0
185,255,-5,5,240,313,1,0,0,0
180,260,-5,5,250,313,1,0,0,0
175,265,-5,5,260,313,1,0,0,0
170,270,-5,5,270,313,1,0,0,0
165,275,-5,5,280,313,1,0,0,0
160,280,-5,5,290,313,1,0,0,0
155,285,-5,5,300,313,1,0,0,0
150,290,-5,5,310,313,1,0,0,0
145,295,-5,5,310,313,0,0,0,0
140,300,-5,5,310,313,0,0,0,0
135,305,-5,5,310,313,0,0,0,0
130,310,-5,5,310,313,0,0,0,0
125,315,-5,5,310,313,0,0,0,0
120,320,-5,5,310,313,0,0,0,0
115,325,-5,5,310,313,0,0,0,0
110,330,-5,5,310,313,0,0,0,0
105,335,-5,5,310,313,0,0,0,0
100,340,-5,5,310,313,0,0,0,0
95,345,-5,5,310,313,0,0,0,0
90,350,-5,5,310,313,0,0,0,0
85,355,-5,5,310,313,0,0,0,0
80,360,-5,5,310,313,0,0,0,0
75,365,-5,5,310,313,0,0,0,0
70,370,-5,5,310,313,0,0,0,0
65,375,-5,5,310,313,0,0,0,0
60,380,-5,5,310,313,0,0,0,0
55,385,-5,5,310,313,0,0,0,0
50,390,-5,5,310,313,0,0,0,0
45,395,-5,5,310,313,0,0,0,0
40,400,-5,5,310,313,0,0,0,0
35,405,-5,5,310,313,0,0,0,0
30,410,-5,5,310,313,0,0,0,0
25,415,-5,5,310,313,0,0,0,0
20,420,-5,5,310,313,0,0,0,0
15,425,-5,5,310,313,0,0,0,0
10,430,-5,5,310,313,0,0,0,0
5,435,-5,5,310,313,0,0,0,0
0,440,-5,5,310,313,0,0,0,0
400,300,5,5,310,313,0,0,0,1
405,305,5,5,310,306,0,-1,0,1
410,310,5,5,310,299,0,-1,0,1
415,315,5,5,310,292,0,-1,0,1
420,320,5,5,310,285,0,-1,0,1
425,325,5,5,310,278,0,-1,0,1
430,330,5,5,310,271,0,-1,0,1
435,335,5,5,310,278,0,1,0,1
440,340,5,5,310,285,0,1,0,1
445,345,5,5,310,292,0,1,0,1
450,350,5,5,310,299,0,1,0,1
455,355,5,5,310,299,0,0,0,1
460,360,5,5,310,306,0,1,0,1
465,365,5,5,310,313,0,1,0,1
470,370,5,5,310,320,0,1,0,1
475,375,5,5,310,320,0,0,0,1
480,380,5,5,310,327,0,1,0,1
485,385,5,5,310,334,0,1,0,1
490,390,5,5,310,341,0,1,0,1
495,395,5,5,310,334,0,-1,0,1
500,400,5,5,310,341,0,1,0,1
505,405,5,5,310,348,0,1,0,1
510,410,5,5,310,348,0,0,0,1
515,415,5,5,310,355,0,1,0,1
520,420,5,5,310,355,0,0,0,1
525,425,5,5,310,362,0,1,0,1
530,430,5,5,310,362,0,0,0,1
535,435,5,5,310,369,0,1,0,1
540,440,5,5,310,376,0,1,0,1
545,445,5,5,320,383,1,1,0,1
550,450,5,5,330,390,1,1,0,1
555,455,5,5,340,397,1,1,0,1
560,460,5,5,350,404,1,1,0,1
565,465,5,5,360,411,1,1,0,1
570,470,5,5,370,418,1,1,0,1
575,475,5,5,380,425,1,1,0,1
580,480,5,5,390,425,1,0,0,1
585,485,5,5,400,432,1,1,0,1
590,490,5,5,410,439,1,1,0,1
595,495,5,5,420,446,1,1,0,1
600,500,5,5,430,439,1,-1,0,1
605,505,5,5,440,446,1,1,0,1
610,510,5,5,450,453,1,1,0,1
615,515,5,5,460,460,1,1,0,1
620,520,5,5,470,467,1,1,0,1
625,525,5,5,480,474,1,1,0,1
630,530,5,5,490,481,1,1,0,1
635,535,5,5,500,474,1,-1,0,1
640,540,5,5,500,481,0,1,0,1
645,545,5,5,500,488,0,1,0,1
650,550,5,5,500,495,0,1,0,1
655,555,5,5,500,502,0,1,0,1
660,560,5,5,500,509,0,1,0,1
665,565,5,5,500,516,0,1,0,1
670,570,5,5,500,509,0,-1,0,1
675,575,5,5,500,516,0,1,0,1
680,580,5,5,500,523,0,1,0,1
685,585,5,5,500,530,0,1,0,1
690,590,5,-5,500,537,0,1,0,1
695,585,5,-5,500,537,0,0,0,1
700,580,5,-5,500,537,0,0,0,1
705,575,5,-5,500,530,0,-1,0,1
710,570,5,-5,500,530,0,0,0,1
715,565,5,-5,500,523,0,-1,0,1
720,560,5,-5,500,516,0,-1,0,1
725,555,5,-5,500,509,0,-1,0,1
730,550,5,-5,490,509,-1,0,0,1
735,545,5,-5,480,509,-1,0,0,1
740,540,5,-5,470,502,-1,-1,0,1
745,535,5,-5,460,502,-1,0,0,1
750,530,5,-5,450,495,-1,-1,0,1
755,525,5,-5,440,488,-1,-1,0,1
760,520,5,-5,430,481,-1,-1,0,1
765,515,5,-5,420,474,-1,-1,0,1
770,510,5,-5,410,467,-1,-1,0,1
775,505,5,-5,400,460,-1,-1,0,1
780,500,-5,-5,390,453,-1,-1,0,1
775,495,-5,-5,380,453,-1,0,0,1
770,490,-5,-5,370,453,-1,0,0,1
765,485,-5,-5,360,453,-1,0,0,1
760,480,-5,-5,350,453,-1,0,0,1
755,475,-5,-5,340,453,-1,0,0,1
750,470,-5,-5,330,453,-1,0,0,1
745,465,-5,-5,320,453,-1,0,0,1
740,460,-5,-5,310,453,-1,0,0,1
735,455,-5,-5,300,453,-1,0,0,1
730,450,-5,-5,290,453,-1,0,0,1
725,445,-5,-5,280,453,-1,0,0,1
720,440,-5,-5,270,453,-1,0,0,1
715,435,-5,-5,260,453,-1,0,0,1
710,430,-5,-5,250,453,-1,0,0,1
705,425,-5,-5,240,453,-1,0,0,1
700,420,-5,-5,230,453,-1,0,0,1
695,415,-5,-5,220,453,-1,0,0,1
690,410,-5,-5,210,453,-1,0,0,1
685,405,-5,-5,200,453,-1,0,0,1
680,400,-5,-5,190,453,-1,0,0,1
675,395,-5,-5,190,453,0,0,0,1
670,390,-5,-5,190,453,0,0,0,1
665,385,-5,-5,190,453,0,0,0,1
660,380,-5,-5,190,453,0,0,0,1
655,375,-5,-5,190,453,0,0,0,1
650,370,-5,-5,190,453,0,0,0,1
645,365,-5,-5,190,453,0,0,0,1
640,360,-5,-5,190,453,0,0,0,1
635,355,-5,-5,190,453,0,0,0,1
630,350,-5,-5,190,453,0,0,0,1
625,345,-5,-5,190,453,0,0,0,1
620,340,-5,-5,190,453,0,0,0,1
615,335,-5,-5,190,453,0,0,0,1
610,330,-5,-5,190,453,0,0,0,1
605,325,-5,-5,180,453,-1,0,0,1
600,320,-5,-5,170,453,-1,0,0,1
595,315,-5,-5,160,453,-1,0,0,1
590,310,-5,-5,150,453,-1,0,0,1
585,305,-5,-5,140,453,-1,0,0,1
580,300,-5,-5,130,453,-1,0,0,1
575,295,-5,-5,120,453,-1,0,0,1
570,290,-5,-5,110,453,-1,0,0,1
565,285,-5,-5,100,453,-1,0,0,1
560,280,-5,-5,90,453,-1,0,0,1
555,275,-5,-5,80,453,-1,0,0,1
550,270,-5,-5,70,453,-1,0,0,1
545,265,-5,-5,60,453,-1,0,0,1
540,260,-5,-5,50,453,-1,0,0,1
535,255,-5,-5,50,453,0,0,0,1
530,250,-5,-5,50,453,0,0,0,1
525,245,-5,-5,50,453,0,0,0,1
520,240,-5,-5,50,453,0,0,0,1
515,235,-5,-5,50,453,0,0,0,1
510,230,-5,-5,50,453,0,0,0,1
505,225,-5,-5,50,453,0,0,0,1
500,220,-5,-5,50,453,0,0,0,1
495,215,-5,-5,50,453,0,0,0,1
490,210,-5,-5,50,453,0,0,0,1
485,205,-5,-5,50,453,0,0,0,1
480,200,-5,-5,50,453,0,0,0,1
475,195,-5,-5,50,453,0,0,0,1
470,190,-5,-5,50,453,0,0,0,1
465,185,-5,-5,60,453,1,0,0,1
460,180,-5,-5,70,453,1,0,0,1
455,175,-5,-5,80,453,1,0,0,1
450,170,-5,-5,90,453,1,0,0,1
445,165,-5,-5,100,453,1,0,0,1
440,160,-5,-5,110,453,1,0,0,1
435,155,-5,-5,120,453,1,0,0,1
430,150,-5,-5,130,453,1,0,0,1
425,145,-5,-5,140,453,1,0,0,1
420,140,-5,-5,150,453,1,0,0,1
415,135,-5,-5,160,453,1,0,0,1
410,130,-5,-5,170,453,1,0,0,1
405,125,-5,-5,180,453,1,0,0,1
400,120,-5,-5,190,453,1,0,0,1
395,115,-5,-5,200,453,1,0,0,1
390,110,-5,-5,210,453,1,0,0,1
385,105,-5,-5,220,453,1,0,0,1
380,100,-5,-5,230,453,1,0,0,1
375,95,-5,-5,240,453,1,0,0,1
370,90,-5,-5,250,453,1,0,0,1
365,85,-5,-5,260,453,1,0,0,1
ball_x,ball_y,ball_dx,ball_dy,paddle1_y,paddle2_y,paddle1_action,paddle2_action,score1,score2
405,305,5,5,250,250,0,0,0,0
410,310,5,5,250,257,0,1,0,0
415,315,5,5,250,264,0,1,0,0
420,320,5,5,250,264,0,0,0,0
425,325,5,5,250,271,0,1,0,0
430,330,5,5,250,278,0,1,0,0
435,335,5,5,250,285,0,1,0,0
440,340,5,5,250,285,0,0,0,0
445,345,5,5,250,292,0,1,0,0
450,350,5,5,250,299,0,1,0,0
455,355,5,5,250,306,0,1,0,0
460,360,5,5,250,299,0,-1,0,0
465,365,5,5,250,306,0,1,0,0
470,370,5,5,250,313,0,1,0,0
475,375,5,5,250,320,0,1,0,0
480,380,5,5,250,327,0,1,0,0
485,385,5,5,250,334,0,1,0,0
490,390,5,5,250,341,0,1,0,0
495,395,5,5,250,334,0,-1,0,0
500,400,5,5,250,341,0,1,0,0
505,405,5,5,250,348,0,1,0,0
510,410,5,5,250,348,0,0,0,0
515,415,5,5,250,355,0,1,0,0
520,420,5,5,250,362,0,1,0,0
525,425,5,5,250,369,0,1,0,0
530,430,5,5,250,376,0,1,0,0
535,435,5,5,250,383,0,1,0,0
540,440,5,5,250,390,0,1,0,0
545,445,5,5,250,390,0,0,0,0
550,450,5,5,250,397,0,1,0,0
555,455,5,5,250,404,0,1,0,0
560,460,5,5,250,411,0,1,0,0
565,465,5,5,250,404,0,-1,0,0
570,470,5,5,250,411,0,1,0,0
575,475,5,5,250,411,0,0,0,0
580,480,5,5,250,418,0,1,0,0
585,485,5,5,250,425,0,1,0,0
590,490,5,5,250,432,0,1,0,0
595,495,5,5,250,439,0,1,0,0
600,500,5,5,250,446,0,1,0,0
605,505,5,5,250,453,0,1,0,0
610,510,5,5,250,460,0,1,0,0
615,515,5,5,250,460,0,0,0,0
620,520,5,5,250,467,0,1,0,0
625,525,5,5,250,474,0,1,0,0
630,530,5,5,250,481,0,1,0,0
635,535,5,5,250,474,0,-1,0,0
640,540,5,5,250,481,0,1,0,0
645,545,5,5,250,488,0,1,0,0
650,550,5,5,250,495,0,1,0,0
655,555,5,5,250,502,0,1,0,0
660,560,5,5,250,509,0,1,0,0
665,565,5,5,250,516,0,1,0,0
670,570,5,5,250,509,0,-1,0,0
675,575,5,5,250,516,0,1,0,0
680,580,5,5,250,523,0,1,0,0
685,585,5,5,250,530,0,1,0,0
690,590,5,-5,250,537,0,1,0,0
695,585,5,-5,250,544,0,1,0,0
700,580,5,-5,250,537,0,-1,0,0
705,575,5,-5,250,530,0,-1,0,0
710,570,5,-5,250,530,0,0,0,0
715,565,5,-5,250,523,0,-1,0,0
720,560,5,-5,240,516,-1,-1,0,0
725,555,5,-5,230,516,-1,0,0,0
730,550,5,-5,220,509,-1,-1,0,0
735,545,5,-5,210,502,-1,-1,0,0
740,540,5,-5,200,495,-1,-1,0,0
745,535,5,-5,190,488,-1,-1,0,0
750,530,5,-5,180,481,-1,-1,0,0
755,525,5,-5,170,474,-1,-1,0,0
760,520,5,-5,160,481,-1,1,0,0
765,515,5,-5,150,474,-1,-1,0,0
770,510,5,-5,150,467,0,-1,0,0
775,505,5,-5,150,460,0,-1,0,0
780,500,-5,-5,150,453,0,-1,0,0
775,495,-5,-5,150,453,0,0,0,0
770,490,-5,-5,150,453,0,0,0,0
765,485,-5,-5,150,453,0,0,0,0
760,480,-5,-5,150,453,0,0,0,0
755,475,-5,-5,150,453,0,0,0,0
750,470,-5,-5,150,453,0,0,0,0
745,465,-5,-5,150,453,0,0,0,0
740,460,-5,-5,150,453,0,0,0,0
735,455,-5,-5,160,453,1,0,0,0
730,450,-5,-5,170,453,1,0,0,0
725,445,-5,-5,180,453,1,0,0,0
720,440,-5,-5,190,453,1,0,0,0
715,435,-5,-5,200,453,1,0,0,0
710,430,-5,-5,210,453,1,0,0,0
705,425,-5,-5,220,453,1,0,0,0
700,420,-5,-5,230,453,1,0,0,0
695,415,-5,-5,240,453,1,0,0,0
690,410,-5,-5,250,453,1,0,0,0
685,405,-5,-5,260,453,1,0,0,0
680,400,-5,-5,270,453,1,0,0,0
675,395,-5,-5,280,453,1,0,0,0
670,390,-5,-5,290,453,1,0,0,0
665,385,-5,-5,300,453,1,0,0,0
660,380,-5,-5,310,453,1,0,0,0
655,375,-5,-5,320,453,1,0,0,0
650,370,-5,-5,330,453,1,0,0,0
645,365,-5,-5,340,453,1,0,0,0
640,360,-5,-5,350,453,1,0,0,0
635,355,-5,-5,360,453,1,0,0,0
630,350,-5,-5,360,453,0,0,0,0
625,345,-5,-5,360,453,0,0,0,0
620,340,-5,-5,360,453,0,0,0,0
615,335,-5,-5,360,453,0,0,0,0
610,330,-5,-5,360,453,0,0,0,0
605,325,-5,-5,360,453,0,0,0,0
600,320,-5,-5,360,453,0,0,0,0
595,315,-5,-5,360,453,0,0,0,0
590,310,-5,-5,350,453,-1,0,0,0
585,305,-5,-5,340,453,-1,0,0,0
580,300,-5,-5,330,453,-1,0,0,0
575,295,-5,-5,320,453,-1,0,0,0
570,290,-5,-5,310,453,-1,0,0,0
565,285,-5,-5,300,453,-1,0,0,0
560,280,-5,-5,290,453,-1,0,0,0
555,275,-5,-5,280,453,-1,0,0,0
550,270,-5,-5,270,453,-1,0,0,0
545,265,-5,-5,260,453,-1,0,0,0
540,260,-5,-5,250,453,-1,0,0,0
535,255,-5,-5,240,453,-1,0,0,0
530,250,-5,-5,230,453,-1,0,0,0
525,245,-5,-5,220,453,-1,0,0,0
520,240,-5,-5,210,453,-1,0,0,0
515,235,-5,-5,200,453,-1,0,0,0
510,230,-5,-5,190,453,-1,0,0,0
505,225,-5,-5,180,453,-1,0,0,0
500,220,-5,-5,170,453,-1,0,0,0
495,215,-5,-5,160,453,-1,0,0,0
490,210,-5,-5,150,453,-1,0,0,0
485,205,-5,-5,140,453,-1,0,0,0
480,200,-5,-5,130,453,-1,0,0,0
475,195,-5,-5,120,453,-1,0,0,0
470,190,-5,-5,110,453,-1,0,0,0
465,185,-5,-5,100,453,-1,0,0,0
460,180,-5,-5,90,453,-1,0,0,0
455,175,-5,-5,80,453,-1,0,0,0
450,170,-5,-5,70,453,-1,0,0,0
445,165,-5,-5,60,453,-1,0,0,0
440,160,-5,-5,50,453,-1,0,0,0
435,155,-5,-5,40,453,-1,0,0,0
430,150,-5,-5,30,453,-1,0,0,0
425,145,-5,-5,30,453,0,0,0,0
420,140,-5,-5,30,453,0,0,0,0
415,135,-5,-5,30,453,0,0,0,0
410,130,-5,-5,30,453,0,0,0,0
405,125,-5,-5,30,453,0,0,0,0
400,120,-5,-5,30,453,0,0,0,0
395,115,-5,-5,30,453,0,0,0,0
390,110,-5,-5,30,453,0,0,0,0
385,105,-5,-5,30,453,0,0,0,0
380,100,-5,-5,30,453,0,0,0,0
375,95,-5,-5,30,453,0,0,0,0
370,90,-5,-5,30,453,0,0,0,0
365,85,-5,-5,30,453,0,0,0,0
360,80,-5,-5,30,453,0,0,0,0
355,75,-5,-5,40,453,1,0,0,0
350,70,-5,-5,50,453,1,0,0,0
345,65,-5,-5,60,453,1,0,0,0
340,60,-5,-5,70,453,1,0,0,0
335,55,-5,-5,80,453,1,0,0,0
330,50,-5,-5,90,453,1,0,0,0
325,45,-5,-5,100,453,1,0,0,0
320,40,-5,-5,110,453,1,0,0,0
315,35,-5,-5,110,453,0,0,0,0
310,30,-5,-5,110,453,0,0,0,0
305,25,-5,-5,110,453,0,0,0,0
300,20,-5,-5,110,453,0,0,0,0
295,15,-5,-5,110,453,0,0,0,0
290,10,-5,5,110,453,0,0,0,0
285,15,-5,5,110,453,0,0,0,0
280,20,-5,5,110,453,0,0,0,0
275,25,-5,5,110,453,0,0,0,0
270,30,-5,5,110,453,0,0,0,0
265,35,-5,5,110,453,0,0,0,0
260,40,-5,5,110,453,0,0,0,0
255,45,-5,5,110,453,0,0,0,0
250,50,-5,5,110,453,0,0,0,0
245,55,-5,5,110,453,0,0,0,0
240,60,-5,5,110,453,0,0,0,0
235,65,-5,5,110,453,0,0,0,0
230,70,-5,5,110,453,0,0,0,0
225,75,-5,5,110,453,0,0,0,0
220,80,-5,5,110,453,0,0,0,0
215,85,-5,5,110,453,0,0,0,0
210,90,-5,5,110,453,0,0,0,0
205,95,-5,5,110,453,0,0,0,0
200,100,-5,5,110,453,0,0,0,0
195,105,-5,5,110,453,0,0,0,0
190,110,-5,5,110,453,0,0,0,0
185,115,-5,5,110,453,0,0,0,0
180,120,-5,5,110,453,0,0,0,0
175,125,-5,5,110,453,0,0,0,0
170,130,-5,5,110,453,0,0,0,0
165,135,-5,5,110,453,0,0,0,0
160,140,-5,5,110,453,0,0,0,0
155,145,-5,5,110,453,0,0,0,0
150,150,-5,5,110,453,0,0,0,0
145,155,-5,5,120,453,1,0,0,0
140,160,-5,5,130,453,1,0,0,0
135,165,-5,5,140,453,1,0,0,0
130,170,-5,5,150,453,1,0,0,0
125,175,-5,5,160,453,1,0,0,0
120,180,-5,5,170,453,1,0,0,0
115,185,-5,5,180,453,1,0,0,0
110,190,-5,5,190,453,1,0,0,0
105,195,-5,5,200,453,1,0,0,0
100,200,-5,5,210,453,1,0,0,0
95,205,-5,5,220,453,1,0,0,0
90,210,-5,5,220,453,0,0,0,0
85,215,-5,5,220,453,0,0,0,0
80,220,-5,5,220,453,0,0,0,0
75,225,-5,5,220,453,0,0,0,0
70,230,-5,5,220,453,0,0,0,0
65,235,-5,5,220,453,0,0,0,0
60,240,-5,5,220,453,0,0,0,0
55,245,-5,5,220,453,0,0,0,0
50,250,-5,5,230,453,1,0,0,0
45,255,-5,5,240,453,1,0,0,0
40,260,-5,5,250,453,1,0,0,0
35,265,-5,5,260,453,1,0,0,0
30,270,-5,5,270,453,1,0,0,0
25,275,-5,5,280,453,1,0,0,0
20,280,-5,5,290,453,1,0,0,0
15,285,-5,5,300,453,1,0,0,0
10,290,-5,5,300,453,0,0,0,0
5,295,-5,5,300,453,0,0,0,0
0,300,5,5,300,453,0,0,0,0
5,305,-5,5,300,446,0,-1,0,0
0,310,5,5,300,446,0,0,0,0
5,315,-5,5,300,439,0,-1,0,0
0,320,5,5,300,439,0,0,0,0
5,325,-5,5,300,432,0,-1,0,0
0,330,5,5,300,432,0,0,0,0
5,335,-5,5,300,425,0,-1,0,0
0,340,5,5,310,425,1,0,0,0
5,345,-5,5,320,418,1,-1,0,0
0,350,5,5,330,418,1,0,0,0
5,355,-5,5,340,411,1,-1,0,0
0,360,5,5,350,411,1,0,0,0
5,365,-5,5,360,404,1,-1,0,0
0,370,5,5,360,404,0,0,0,0
5,375,-5,5,360,397,0,-1,0,0
0,380,5,5,360,397,0,0,0,0
5,385,-5,5,360,390,0,-1,0,0
0,390,5,5,360,390,0,0,0,0
5,395,-5,5,360,390,0,0,0,0
0,400,5,5,360,390,0,0,0,0
5,405,-5,5,360,383,0,-1,0,0
0,410,5,5,360,383,0,0,0,0
5,415,-5,5,360,376,0,-1,0,0
0,420,5,5,360,376,0,0,0,0
5,425,-5,5,360,369,0,-1,0,0
0,430,5,5,360,369,0,0,0,0
5,435,-5,5,360,376,0,1,0,0
0,440,5,5,360,376,0,0,0,0
5,445,-5,5,360,383,0,1,0,0
0,450,5,5,360,383,0,0,0,0
5,455,-5,5,360,390,0,1,0,0
0,460,5,5,360,390,0,0,0,0
5,465,5,5,360,397,0,1,0,0
10,470,5,5,360,404,0,1,0,0
15,475,5,5,360,411,0,1,0,0
20,480,5,5,360,418,0,1,0,0
25,485,5,5,360,425,0,1,0,0
30,490,5,5,360,432,0,1,0,0
35,495,5,5,360,439,0,1,0,0
40,500,5,5,360,446,0,1,0,0
45,505,5,5,360,453,0,1,0,0
50,510,5,5,360,460,0,1,0,0
55,515,5,5,360,460,0,0,0,0
60,520,5,5,360,467,0,1,0,0
65,525,5,5,360,474,0,1,0,0
70,530,5,5,360,474,0,0,0,0
75,535,5,5,360,481,0,1,0,0
80,540,5,5,360,488,0,1,0,0
85,545,5,5,360,495,0,1,0,0
90,550,5,5,360,495,0,0,0,0
95,555,5,5,360,502,0,1,0,0
100,560,5,5,360,509,0,1,0,0
105,565,5,5,360,516,0,1,0,0
110,570,5,5,360,509,0,-1,0,0
115,575,5,5,360,516,0,1,0,0
120,580,5,5,360,523,0,1,0,0
125,585,5,5,360,530,0,1,0,0
130,590,5,-5,360,537,0,1,0,0
135,585,5,-5,360,544,0,1,0,0
140,580,5,-5,360,537,0,-1,0,0
145,575,5,-5,360,530,0,-1,0,0
150,570,5,-5,360,523,0,-1,0,0
155,565,5,-5,360,516,0,-1,0,0
160,560,5,-5,360,509,0,-1,0,0
165,555,5,-5,360,516,0,1,0,0
170,550,5,-5,360,509,0,-1,0,0
175,545,5,-5,360,502,0,-1,0,0
180,540,5,-5,360,495,0,-1,0,0
185,535,5,-5,360,488,0,-1,0,0
190,530,5,-5,360,481,0,-1,0,0
195,525,5,-5,360,474,0,-1,0,0
200,520,5,-5,360,481,0,1,0,0
205,515,5,-5,360,481,0,0,0,0
210,510,5,-5,360,481,0,0,0,0
215,505,5,-5,360,474,0,-1,0,0
220,500,5,-5,360,467,0,-1,0,0
225,495,5,-5,360,460,0,-1,0,0
230,490,5,-5,360,453,0,-1,0,0
235,485,5,-5,360,446,0,-1,0,0
240,480,5,-5,360,439,0,-1,0,0
245,475,5,-5,360,432,0,-1,0,0
250,470,5,-5,360,425,0,-1,0,0
255,465,5,-5,360,418,0,-1,0,0
260,460,5,-5,360,411,0,-1,0,0
265,455,5,-5,360,404,0,-1,0,0
270,450,5,-5,360,411,0,1,0,0
275,445,5,-5,360,404,0,-1,0,0
280,440,5,-5,360,397,0,-1,0,0
285,435,5,-5,360,397,0,0,0,0
290,430,5,-5,360,390,0,-1,0,0
295,425,5,-5,360,383,0,-1,0,0
300,420,5,-5,360,376,0,-1,0,0
305,415,5,-5,360,369,0,-1,0,0
310,410,5,-5,360,362,0,-1,0,0
315,405,5,-5,360,355,0,-1,0,0
320,400,5,-5,360,355,0,0,0,0
325,395,5,-5,360,348,0,-1,0,0
330,390,5,-5,360,341,0,-1,0,0
335,385,5,-5,360,334,0,-1,0,0
340,380,5,-5,360,341,0,1,0,0
345,375,5,-5,360,334,0,-1,0,0
350,370,5,-5,360,327,0,-1,0,0
355,365,5,-5,360,327,0,0,0,0
360,360,5,-5,360,320,0,-1,0,0
365,355,5,-5,360,313,0,-1,0,0
370,350,5,-5,360,306,0,-1,0,0
375,345,5,-5,360,299,0,-1,0,0
380,340,5,-5,360,292,0,-1,0,0
385,335,5,-5,360,285,0,-1,0,0
390,330,5,-5,360,285,0,0,0,0
395,325,5,-5,360,278,0,-1,0,0
400,320,5,-5,360,271,0,-1,0,0
405,315,5,-5,360,264,0,-1,0,0
410,310,5,-5,360,271,0,1,0,0
415,305,5,-5,360,264,0,-1,0,0
420,300,5,-5,360,257,0,-1,0,0
425,295,5,-5,360,250,0,-1,0,0
430,290,5,-5,360,243,0,-1,0,0
435,285,5,-5,360,236,0,-1,0,0
440,280,5,-5,360,236,0,0,0,0
445,275,5,-5,360,229,0,-1,0,0
450,270,5,-5,350,222,-1,-1,0,0
455,265,5,-5,340,215,-1,-1,0,0
460,260,5,-5,330,215,-1,0,0,0
465,255,5,-5,320,215,-1,0,0,0
470,250,5,-5,310,215,-1,0,0,0
475,245,5,-5,300,208,-1,-1,0,0
480,240,5,-5,290,201,-1,-1,0,0
485,235,5,-5,280,194,-1,-1,0,0
490,230,5,-5,270,187,-1,-1,0,0
495,225,5,-5,260,180,-1,-1,0,0
500,220,5,-5,250,173,-1,-1,0,0
505,215,5,-5,240,166,-1,-1,0,0
510,210,5,-5,230,159,-1,-1,0,0
515,205,5,-5,220,166,-1,1,0,0
520,200,5,-5,210,159,-1,-1,0,0
525,195,5,-5,200,159,-1,0,0,0
530,190,5,-5,190,152,-1,-1,0,0
535,185,5,-5,180,145,-1,-1,0,0
540,180,5,-5,170,138,-1,-1,0,0
545,175,5,-5,160,138,-1,0,0,0
550,170,5,-5,150,131,-1,-1,0,0
555,165,5,-5,140,124,-1,-1,0,0
560,160,5,-5,130,117,-1,-1,0,0
565,155,5,-5,120,110,-1,-1,0,0
570,150,5,-5,110,103,-1,-1,0,0
575,145,5,-5,100,103,-1,0,0,0
580,140,5,-5,90,96,-1,-1,0,0
585,135,5,-5,80,89,-1,-1,0,0
590,130,5,-5,70,82,-1,-1,0,0
595,125,5,-5,60,75,-1,-1,0,0
600,120,5,-5,50,75,-1,0,0,0
605,115,5,-5,50,68,0,-1,0,0
610,110,5,-5,50,68,0,0,0,0
615,105,5,-5,50,61,0,-1,0,0
620,100,5,-5,50,54,0,-1,0,0
625,95,5,-5,50,47,0,-1,0,0
630,90,5,-5,50,40,0,-1,0,0
635,85,5,-5,50,40,0,0,0,0
640,80,5,-5,50,33,0,-1,0,0
645,75,5,-5,50,26,0,-1,0,0
650,70,5,-5,50,19,0,-1,0,0
655,65,5,-5,50,26,0,1,0,0
660,60,5,-5,50,26,0,0,0,0
665,55,5,-5,50,19,0,-1,0,0
670,50,5,-5,50,19,0,0,0,0
675,45,5,-5,50,12,0,-1,0,0
680,40,5,-5,50,5,0,-1,0,0
685,35,5,-5,50,-2,0,-1,0,0
690,30,5,-5,50,-9,0,-1,0,0
695,25,5,-5,50,-16,0,-1,0,0
700,20,5,-5,50,-16,0,0,0,0
705,15,5,-5,50,-23,0,-1,0,0
710,10,5,5,50,-30,0,-1,0,0
715,15,5,5,50,-37,0,-1,0,0
720,20,5,5,50,-30,0,1,0,0
725,25,5,5,50,-30,0,0,0,0
730,30,5,5,50,-23,0,1,0,0
735,35,5,5,50,-16,0,1,0,0
740,40,5,5,50,-16,0,0,0,0
745,45,5,5,50,-9,0,1,0,0
750,50,5,5,50,-2,0,1,0,0
755,55,5,5,50,5,0,1,0,0
760,60,5,5,50,5,0,0,0,0
765,65,5,5,50,12,0,1,0,0
770,70,5,5,50,19,0,1,0,0
775,75,5,5,50,26,0,1,0,0
780,80,-5,5,50,19,0,-1,0,0
775,85,-5,5,50,19,0,0,0,0
770,90,-5,5,50,19,0,0,0,0
765,95,-5,5,50,19,0,0,0,0
760,100,-5,5,50,19,0,0,0,0
755,105,-5,5,50,19,0,0,0,0
750,110,-5,5,50,19,0,0,0,0
745,115,-5,5,50,19,0,0,0,0
740,120,-5,5,50,19,0,0,0,0
735,125,-5,5,50,19,0,0,0,0
730,130,-5,5,50,19,0,0,0,0
725,135,-5,5,50,19,0,0,0,0
720,140,-5,5,50,19,0,0,0,0
715,145,-5,5,50,19,0,0,0,0
710,150,-5,5,50,19,0,0,0,0
705,155,-5,5,50,19,0,0,0,0
700,160,-5,5,50,19,0,0,0,0
695,165,-5,5,50,19,0,0,0,0
690,170,-5,5,50,19,0,0,0,0
685,175,-5,5,50,19,0,0,0,0
680,180,-5,5,50,19,0,0,0,0
675,185,-5,5,50,19,0,0,0,0
670,190,-5,5,50,19,0,0,0,0
665,195,-5,5,50,19,0,0,0,0
660,200,-5,5,60,19,1,0,0,0
655,205,-5,5,70,19,1,0,0,0
650,210,-5,5,80,19,1,0,0,0
645,215,-5,5,90,19,1,0,0,0
640,220,-5,5,100,19,1,0,0,0
635,225,-5,5,110,19,1,0,0,0
630,230,-5,5,120,19,1,0,0,0
625,235,-5,5,130,19,1,0,0,0
620,240,-5,5,140,19,1,0,0,0
615,245,-5,5,150,19,1,0,0,0
610,250,-5,5,160,19,1,0,0,0
605,255,-5,5,170,19,1,0,0,0
600,260,-5,5,180,19,1,0,0,0
595,265,-5,5,190,19,1,0,0,0
590,270,-5,5,200,19,1,0,0,0
585,275,-5,5,210,19,1,0,0,0
580,280,-5,5,220,19,1,0,0,0
575,285,-5,5,230,19,1,0,0,0
570,290,-5,5,240,19,1,0,0,0
565,295,-5,5,250,19,1,0,0,0
560,300,-5,5,260,19,1,0,0,0
555,305,-5,5,270,19,1,0,0,0
550,310,-5,5,280,19,1,0,0,0
545,315,-5,5,290,19,1,0,0,0
540,320,-5,5,300,19,1,0,0,0
535,325,-5,5,310,19,1,0,0,0
530,330,-5,5,320,19,1,0,0,0
525,335,-5,5,330,19,1,0,0,0
520,340,-5,5,340,19,1,0,0,0
515,345,-5,5,350,19,1,0,0,0
510,350,-5,5,360,19,1,0,0,0
505,355,-5,5,370,19,1,0,0,0
500,360,-5,5,380,19,1,0,0,0
495,365,-5,5,390,19,1,0,0,0
490,370,-5,5,400,19,1,0,0,0
485,375,-5,5,410,19,1,0,0,0
480,380,-5,5,420,19,1,0,0,0
475,385,-5,5,430,19,1,0,0,0
470,390,-5,5,440,19,1,0,0,0
465,395,-5,5,450,19,1,0,0,0
460,400,-5,5,460,19,1,0,0,0
455,405,-5,5,470,19,1,0,0,0
450,410,-5,5,480,19,1,0,0,0
445,415,-5,5,490,19,1,0,0,0
440,420,-5,5,500,19,1,0,0,0
435,425,-5,5,500,19,0,0,0,0
430,430,-5,5,500,19,0,0,0,0
425,435,-5,5,500,19,0,0,0,0
420,440,-5,5,500,19,0,0,0,0
415,445,-5,5,500,19,0,0,0,0
410,450,-5,5,500,19,0,0,0,0
405,455,-5,5,500,19,0,0,0,0
400,460,-5,5,500,19,0,0,0,0
395,465,-5,5,500,19,0,0,0,0
390,470,-5,5,500,19,0,0,0,0
385,475,-5,5,500,19,0,0,0,0
380,480,-5,5,500,19,0,0,0,0
375,485,-5,5,500,19,0,0,0,0
370,490,-5,5,500,19,0,0,0,0
365,495,-5,5,500,19,0,0,0,0
360,500,-5,5,500,19,0,0,0,0
355,505,-5,5,500,19,0,0,0,0
350,510,-5,5,500,19,0,0,0,0
345,515,-5,5,500,19,0,0,0,0
340,520,-5,5,500,19,0,0,0,0
335,525,-5,5,500,19,0,0,0,0
330,530,-5,5,500,19,0,0,0,0
325,535,-5,5,500,19,0,0,0,0
320,540,-5,5,500,19,0,0,0,0
315,545,-5,5,500,19,0,0,0,0
310,550,-5,5,500,19,0,0,0,0
305,555,-5,5,500,19,0,0,0,0
300,560,-5,5,500,19,0,0,0,0
295,565,-5,5,500,19,0,0,0,0
290,570,-5,5,500,19,0,0,0,0
285,575,-5,5,500,19,0,0,0,0
280,580,-5,5,500,19,0,0,0,0
275,585,-5,5,500,19,0,0,0,0
270,590,-5,-5,500,19,0,0,0,0
265,585,-5,-5,500,19,0,0,0,0
260,580,-5,-5,500,19,0,0,0,0
255,575,-5,-5,500,19,0,0,0,0
250,570,-5,-5,500,19,0,0,0,0
245,565,-5,-5,500,19,0,0,0,0
240,560,-5,-5,500,19,0,0,0,0
235,555,-5,-5,500,19,0,0,0,0
230,550,-5,-5,500,19,0,0,0,0
225,545,-5,-5,500,19,0,0,0,0
220,540,-5,-5,500,19,0,0,0,0
215,535,-5,-5,500,19,0,0,0,0
210,530,-5,-5,500,19,0,0,0,0
205,525,-5,-5,500,19,0,0,0,0
200,520,-5,-5,500,19,0,0,0,0
195,515,-5,-5,500,19,0,0,0,0
190,510,-5,-5,500,19,0,0,0,0
185,505,-5,-5,490,19,-1,0,0,0
180,500,-5,-5,480,19,-1,0,0,0
175,495,-5,-5,470,19,-1,0,0,0
170,490,-5,-5,460,19,-1,0,0,0
165,485,-5,-5,450,19,-1,0,0,0
160,480,-5,-5,440,19,-1,0,0,0
155,475,-5,-5,430,19,-1,0,0,0
150,470,-5,-5,420,19,-1,0,0,0
145,465,-5,-5,410,19,-1,0,0,0
140,460,-5,-5,400,19,-1,0,0,0
135,455,-5,-5,390,19,-1,0,0,0
130,450,-5,-5,380,19,-1,0,0,0
125,445,-5,-5,370,19,-1,0,0,0
120,440,-5,-5,360,19,-1,0,0,0
115,435,-5,-5,350,19,-1,0,0,0
110,430,-5,-5,340,19,-1,0,0,0
105,425,-5,-5,330,19,-1,0,0,0
100,420,-5,-5,320,19,-1,0,0,0
95,415,-5,-5,310,19,-1,0,0,0
90,410,-5,-5,300,19,-1,0,0,0
85,405,-5,-5,300,19,0,0,0,0
80,400,-5,-5,300,19,0,0,0,0
75,395,-5,-5,300,19,0,0,0,0
70,390,-5,-5,300,19,0,0,0,0
65,385,-5,-5,300,19,0,0,0,0
60,380,-5,-5,300,19,0,0,0,0
55,375,-5,-5,300,19,0,0,0,0
50,370,-5,-5,300,19,0,0,0,0
45,365,-5,-5,300,19,0,0,0,0
40,360,-5,-5,300,19,0,0,0,0
35,355,-5,-5,300,19,0,0,0,0
30,350,-5,-5,300,19,0,0,0,0
25,345,-5,-5,300,19,0,0,0,0
20,340,5,-5,300,19,0,0,0,0
25,335,5,-5,300,26,0,1,0,0
30,330,5,-5,300,33,0,1,0,0
35,325,5,-5,300,40,0,1,0,0
40,320,5,-5,300,40,0,0,0,0
45,315,5,-5,300,47,0,1,0,0
50,310,5,-5,300,54,0,1,0,0
55,305,5,-5,300,61,0,1,0,0
60,300,5,-5,300,68,0,1,0,0
65,295,5,-5,300,75,0,1,0,0
70,290,5,-5,300,82,0,1,0,0
75,285,5,-5,300,89,0,1,0,0
80,280,5,-5,300,96,0,1,0,0
85,275,5,-5,300,103,0,1,0,0
90,270,5,-5,300,103,0,0,0,0
95,265,5,-5,300,110,0,1,0,0
100,260,5,-5,300,117,0,1,0,0
105,255,5,-5,300,124,0,1,0,0
110,250,5,-5,300,131,0,1,0,0
115,245,5,-5,300,138,0,1,0,0
120,240,5,-5,300,145,0,1,0,0
125,235,5,-5,300,152,0,1,0,0
130,230,5,-5,300,159,0,1,0,0
135,225,5,-5,300,166,0,1,0,0
140,220,5,-5,300,166,0,0,0,0
145,215,5,-5,300,166,0,0,0,0
150,210,5,-5,300,159,0,-1,0,0
155,205,5,-5,300,166,0,1,0,0
160,200,5,-5,300,159,0,-1,0,0
165,195,5,-5,300,152,0,-1,0,0
170,190,5,-5,300,145,0,-1,0,0
175,185,5,-5,300,138,0,-1,0,0
180,180,5,-5,300,131,0,-1,0,0
185,175,5,-5,300,124,0,-1,0,0
190,170,5,-5,300,131,0,1,0,0
195,165,5,-5,300,124,0,-1,0,0
200,160,5,-5,300,117,0,-1,0,0
205,155,5,-5,300,110,0,-1,0,0
210,150,5,-5,300,110,0,0,0,0
215,145,5,-5,300,103,0,-1,0,0
220,140,5,-5,300,96,0,-1,0,0
225,135,5,-5,300,89,0,-1,0,0
230,130,5,-5,300,82,0,-1,0,0
235,125,5,-5,300,75,0,-1,0,0
240,120,5,-5,300,75,0,0,0,0
245,115,5,-5,300,68,0,-1,0,0
250,110,5,-5,300,61,0,-1,0,0
255,105,5,-5,300,54,0,-1,0,0
260,100,5,-5,300,54,0,0,0,0
265,95,5,-5,300,47,0,-1,0,0
270,90,5,-5,300,40,0,-1,0,0
275,85,5,-5,300,40,0,0,0,0
280,80,5,-5,300,40,0,0,0,0
285,75,5,-5,300,33,0,-1,0,0
290,70,5,-5,300,26,0,-1,0,0
295,65,5,-5,300,19,0,-1,0,0
300,60,5,-5,300,12,0,-1,0,0
305,55,5,-5,300,5,0,-1,0,0
310,50,5,-5,300,5,0,0,0,0
315,45,5,-5,300,-2,0,-1,0,0
320,40,5,-5,300,-9,0,-1,0,0
325,35,5,-5,300,-16,0,-1,0,0
330,30,5,-5,300,-9,0,1,0,0
335,25,5,-5,300,-9,0,0,0,0
340,20,5,-5,300,-16,0,-1,0,0
345,15,5,-5,300,-23,0,-1,0,0
350,10,5,5,300,-30,0,-1,0,0
355,15,5,5,300,-37,0,-1,0,0
360,20,5,5,300,-30,0,1,0,0
365,25,5,5,300,-30,0,0,0,0
370,30,5,5,300,-23,0,1,0,0
375,35,5,5,300,-16,0,1,0,0
380,40,5,5,300,-9,0,1,0,0
385,45,5,5,300,-16,0,-1,0,0
390,50,5,5,300,-9,0,1,0,0
395,55,5,5,300,-9,0,0,0,0
400,60,5,5,300,-2,0,1,0,0
405,65,5,5,300,5,0,1,0,0
410,70,5,5,300,12,0,1,0,0
415,75,5,5,300,19,0,1,0,0
420,80,5,5,300,26,0,1,0,0
425,85,5,5,300,33,0,1,0,0
430,90,5,5,300,40,0,1,0,0
435,95,5,5,300,40,0,0,0,0
440,100,5,5,300,47,0,1,0,0
445,105,5,5,300,54,0,1,0,0
450,110,5,5,300,61,0,1,0,0
455,115,5,5,300,54,0,-1,0,0
460,120,5,5,300,61,0,1,0,0
465,125,5,5,300,68,0,1,0,0
470,130,5,5,300,75,0,1,0,0
475,135,5,5,300,82,0,1,0,0
480,140,5,5,300,89,0,1,0,0
485,145,5,5,300,96,0,1,0,0
490,150,5,5,300,89,0,-1,0,0
495,155,5,5,300,96,0,1,0,0
500,160,5,5,300,103,0,1,0,0
505,165,5,5,300,110,0,1,0,0
510,170,5,5,300,117,0,1,0,0
515,175,5,5,300,124,0,1,0,0
520,180,5,5,300,131,0,1,0,0
525,185,5,5,300,124,0,-1,0,0
530,190,5,5,300,131,0,1,0,0
535,195,5,5,300,138,0,1,0,0
540,200,5,5,300,145,0,1,0,0
545,205,5,5,300,152,0,1,0,0
550,210,5,5,300,159,0,1,0,0
555,215,5,5,300,166,0,1,0,0
560,220,5,5,300,159,0,-1,0,0
565,225,5,5,300,166,0,1,0,0
570,230,5,5,300,173,0,1,0,0
575,235,5,5,300,180,0,1,0,0
580,240,5,5,300,187,0,1,0,0
585,245,5,5,300,194,0,1,0,0
590,250,5,5,300,201,0,1,0,0
595,255,5,5,300,194,0,-1,0,0
600,260,5,5,300,201,0,1,0,0
605,265,5,5,300,208,0,1,0,0
610,270,5,5,300,215,0,1,0,0
615,275,5,5,300,222,0,1,0,0
620,280,5,5,300,229,0,1,0,0
625,285,5,5,300,236,0,1,0,0
630,290,5,5,300,229,0,-1,0,0
635,295,5,5,300,236,0,1,0,0
640,300,5,5,300,243,0,1,0,0
645,305,5,5,300,250,0,1,0,0
650,310,5,5,300,257,0,1,0,0
655,315,5,5,300,264,0,1,0,0
660,320,5,5,300,271,0,1,0,0
665,325,5,5,300,264,0,-1,0,0
670,330,5,5,300,271,0,1,0,0
675,335,5,5,300,278,0,1,0,0
680,340,5,5,300,285,0,1,0,0
685,345,5,5,300,292,0,1,0,0
690,350,5,5,300,299,0,1,0,0
695,355,5,5,300,306,0,1,0,0
700,360,5,5,300,299,0,-1,0,0
705,365,5,5,300,306,0,1,0,0
710,370,5,5,300,313,0,1,0,0
715,375,5,5,300,313,0,0,0,0
720,380,5,5,300,320,0,1,0,0
725,385,5,5,300,327,0,1,0,0
730,390,5,5,300,334,0,1,0,0
735,395,5,5,300,341,0,1,0,0
740,400,5,5,300,348,0,1,0,0
745,405,5,5,300,348,0,0,0,0
750,410,5,5,300,348,0,0,0,0
755,415,5,5,300,348,0,0,0,0
760,420,5,5,300,355,0,1,0,0
765,425,5,5,300,362,0,1,0,0
770,430,5,5,300,369,0,1,0,0
775,435,5,5,300,376,0,1,0,0
780,440,-5,5,300,383,0,1,0,0
775,445,-5,5,300,383,0,0,0,0
770,450,-5,5,300,383,0,0,0,0
765,455,-5,5,300,383,0,0,0,0
760,460,-5,5,300,383,0,0,0,0
755,465,-5,5,300,383,0,0,0,0
750,470,-5,5,300,383,0,0,0,0
745,475,-5,5,300,383,0,0,0,0
740,480,-5,5,300,383,0,0,0,0
735,485,-5,5,300,383,0,0,0,0
730,490,-5,5,300,383,0,0,0,0
725,495,-5,5,300,383,0,0,0,0
720,500,-5,5,300,383,0,0,0,0
715,505,-5,5,300,383,0,0,0,0
710,510,-5,5,300,383,0,0,0,0
705,515,-5,5,300,383,0,0,0,0
700,520,-5,5,300,383,0,0,0,0
695,525,-5,5,300,383,0,0,0,0
690,530,-5,5,300,383,0,0,0,0
685,535,-5,5,300,383,0,0,0,0
680,540,-5,5,300,383,0,0,0,0
675,545,-5,5,300,383,0,0,0,0
670,550,-5,5,300,383,0,0,0,0
665,555,-5,5,300,383,0,0,0,0
660,560,-5,5,300,383,0,0,0,0
655,565,-5,5,300,383,0,0,0,0
650,570,-5,5,300,383,0,0,0,0
645,575,-5,5,300,383,0,0,0,0
640,580,-5,5,300,383,0,0,0,0
635,585,-5,5,300,383,0,0,0,0
630,590,-5,-5,300,383,0,0,0,0
625,585,-5,-5,300,383,0,0,0,0
620,580,-5,-5,300,383,0,0,0,0
615,575,-5,-5,300,383,0,0,0,0
610,570,-5,-5,300,383,0,0,0,0
605,565,-5,-5,300,383,0,0,0,0
600,560,-5,-5,300,383,0,0,0,0
595,555,-5,-5,300,383,0,0,0,0
590,550,-5,-5,300,383,0,0,0,0
585,545,-5,-5,300,383,0,0,0,0
580,540,-5,-5,300,383,0,0,0,0
575,535,-5,-5,300,383,0,0,0,0
570,530,-5,-5,300,383,0,0,0,0
565,525,-5,-5,300,383,0,0,0,0
560,520,-5,-5,300,383,0,0,0,0
555,515,-5,-5,300,383,0,0,0,0
550,510,-5,-5,300,383,0,0,0,0
545,505,-5,-5,300,383,0,0,0,0
540,500,-5,-5,300,383,0,0,0,0
535,495,-5,-5,300,383,0,0,0,0
530,490,-5,-5,300,383,0,0,0,0
525,485,-5,-5,300,383,0,0,0,0
520,480,-5,-5,300,383,0,0,0,0
515,475,-5,-5,300,383,0,0,0,0
510,470,-5,-5,300,383,0,0,0,0
505,465,-5,-5,300,383,0,0,0,0
500,460,-5,-5,300,383,0,0,0,0
495,455,-5,-5,300,383,0,0,0,0
490,450,-5,-5,300,383,0,0,0,0
485,445,-5,-5,300,383,0,0,0,0
480,440,-5,-5,300,383,0,0,0,0
475,435,-5,-5,300,383,0,0,0,0
470,430,-5,-5,300,383,0,0,0,0
465,425,-5,-5,300,383,0,0,0,0
460,420,-5,-5,300,383,0,0,0,0
455,415,-5,-5,300,383,0,0,0,0
450,410,-5,-5,300,383,0,0,0,0
445,405,-5,-5,300,383,0,0,0,0
440,400,-5,-5,300,383,0,0,0,0
435,395,-5,-5,300,383,0,0,0,0
430,390,-5,-5,300,383,0,0,0,0
425,385,-5,-5,300,383,0,0,0,0
420,380,-5,-5,290,383,-1,0,0,0
415,375,-5,-5,280,383,-1,0,0,0
410,370,-5,-5,270,383,-1,0,0,0
405,365,-5,-5,260,383,-1,0,0,0
400,360,-5,-5,250,383,-1,0,0,0
395,355,-5,-5,240,383,-1,0,0,0
390,350,-5,-5,230,383,-1,0,0,0
385,345,-5,-5,220,383,-1,0,0,0
380,340,-5,-5,210,383,-1,0,0,0
375,335,-5,-5,200,383,-1,0,0,0
370,330,-5,-5,190,383,-1,0,0,0
365,325,-5,-5,180,383,-1,0,0,0
360,320,-5,-5,170,383,-1,0,0,0
355,315,-5,-5,160,383,-1,0,0,0
350,310,-5,-5,150,383,-1,0,0,0
345,305,-5,-5,140,383,-1,0,0,0
340,300,-5,-5,130,383,-1,0,0,0
335,295,-5,-5,120,383,-1,0,0,0
330,290,-5,-5,110,383,-1,0,0,0
325,285,-5,-5,100,383,-1,0,0,0
320,280,-5,-5,90,383,-1,0,0,0
315,275,-5,-5,80,383,-1,0,0,0
310,270,-5,-5,70,383,-1,0,0,0
305,265,-5,-5,60,383,-1,0,0,0
300,260,-5,-5,50,383,-1,0,0,0
295,255,-5,-5,40,383,-1,0,0,0
290,250,-5,-5,30,383,-1,0,0,0
285,245,-5,-5,20,383,-1,0,0,0
280,240,-5,-5,10,383,-1,0,0,0
275,235,-5,-5,0,383,-1,0,0,0
270,230,-5,-5,0,383,0,0,0,0
265,225,-5,-5,0,383,0,0,0,0
260,220,-5,-5,0,383,0,0,0,0
255,215,-5,-5,0,383,0,0,0,0
250,210,-5,-5,0,383,0,0,0,0
245,205,-5,-5,0,383,0,0,0,0
240,200,-5,-5,0,383,0,0,0,0
235,195,-5,-5,0,383,0,0,0,0
230,190,-5,-5,0,383,0,0,0,0
225,185,-5,-5,0,383,0,0,0,0
220,180,-5,-5,0,383,0,0,0,0
215,175,-5,-5,0,383,0,0,0,0
210,170,-5,-5,0,383,0,0,0,0
205,165,-5,-5,0,383,0,0,0,0
200,160,-5,-5,0,383,0,0,0,0
195,155,-5,-5,0,383,0,0,0,0
190,150,-5,-5,0,383,0,0,0,0
185,145,-5,-5,0,383,0,0,0,0
180,140,-5,-5,0,383,0,0,0,0
175,135,-5,-5,0,383,0,0,0,0
170,130,-5,-5,0,383,0,0,0,0
165,125,-5,-5,0,383,0,0,0,0
160,120,-5,-5,0,383,0,0,0,0
155,115,-5,-5,0,383,0,0,0,0
150,110,-5,-5,0,383,0,0,0,0
145,105,-5,-5,0,383,0,0,0,0
140,100,-5,-5,0,383,0,0,0,0
135,95,-5,-5,0,383,0,0,0,0
130,90,-5,-5,0,383,0,0,0,0
125,85,-5,-5,0,383,0,0,0,0
120,80,-5,-5,0,383,0,0,0,0
115,75,-5,-5,0,383,0,0,0,0
110,70,-5,-5,0,383,0,0,0,0
105,65,-5,-5,0,383,0,0,0,0
100,60,-5,-5,0,383,0,0,0,0
95,55,-5,-5,0,383,0,0,0,0
90,50,-5,-5,0,383,0,0,0,0
85,45,-5,-5,0,383,0,0,0,0
80,40,-5,-5,0,383,0,0,0,0
75,35,-5,-5,0,383,0,0,0,0
70,30,-5,-5,0,383,0,0,0,0
65,25,-5,-5,0,383,0,0,0,0
60,20,-5,-5,0,383,0,0,0,0
55,15,-5,-5,0,383,0,0,0,0
50,10,-5,5,0,383,0,0,0,0
45,15,-5,5,0,383,0,0,0,0
40,20,-5,5,0,383,0,0,0,0
35,25,-5,5,0,383,0,0,0,0
30,30,-5,5,0,383,0,0,0,0
25,35,-5,5,0,383,0,0,0,0
20,40,5,5,0,383,0,0,0,0
25,45,5,5,0,376,0,-1,0,0
30,50,5,5,0,376,0,0,0,0
35,55,5,5,0,369,0,-1,0,0
40,60,5,5,0,362,0,-1,0,0
45,65,5,5,0,355,0,-1,0,0
50,70,5,5,0,348,0,-1,0,0
55,75,5,5,0,341,0,-1,0,0
60,80,5,5,0,334,0,-1,0,0
65,85,5,5,0,327,0,-1,0,0
70,90,5,5,0,320,0,-1,0,0
75,95,5,5,0,313,0,-1,0,0
80,100,5,5,0,306,0,-1,0,0
85,105,5,5,0,299,0,-1,0,0
90,110,5,5,0,292,0,-1,0,0
95,115,5,5,0,285,0,-1,0,0
100,120,5,5,0,278,0,-1,0,0
105,125,5,5,0,271,0,-1,0,0
110,130,5,5,0,264,0,-1,0,0
115,135,5,5,0,257,0,-1,0,0
120,140,5,5,0,257,0,0,0,0
125,145,5,5,0,250,0,-1,0,0
130,150,5,5,0,243,0,-1,0,0
135,155,5,5,0,236,0,-1,0,0
140,160,5,5,0,229,0,-1,0,0
145,165,5,5,0,222,0,-1,0,0
150,170,5,5,0,215,0,-1,0,0
155,175,5,5,0,215,0,0,0,0
160,180,5,5,0,208,0,-1,0,0
165,185,5,5,0,201,0,-1,0,0
170,190,5,5,0,194,0,-1,0,0
175,195,5,5,0,187,0,-1,0,0
180,200,5,5,0,180,0,-1,0,0
185,205,5,5,0,173,0,-1,0,0
190,210,5,5,0,166,0,-1,0,0
195,215,5,5,0,159,0,-1,0,0
200,220,5,5,0,166,0,1,0,0
205,225,5,5,0,173,0,1,0,0
210,230,5,5,0,180,0,1,0,0
215,235,5,5,0,180,0,0,0,0
220,240,5,5,0,187,0,1,0,0
225,245,5,5,0,194,0,1,0,0
230,250,5,5,0,201,0,1,0,0
235,255,5,5,0,194,0,-1,0,0
240,260,5,5,0,201,0,1,0,0
245,265,5,5,0,208,0,1,0,0
250,270,5,5,0,215,0,1,0,0
255,275,5,5,0,222,0,1,0,0
260,280,5,5,0,229,0,1,0,0
265,285,5,5,0,236,0,1,0,0
270,290,5,5,0,229,0,-1,0,0
275,295,5,5,0,236,0,1,0,0
280,300,5,5,0,236,0,0,0,0
285,305,5,5,0,243,0,1,0,0
290,310,5,5,0,250,0,1,0,0
295,315,5,5,0,257,0,1,0,0
300,320,5,5,0,264,0,1,0,0
305,325,5,5,0,264,0,0,0,0
310,330,5,5,0,264,0,0,0,0
315,335,5,5,0,271,0,1,0,0
320,340,5,5,0,278,0,1,0,0
325,345,5,5,0,285,0,1,0,0
330,350,5,5,0,292,0,1,0,0
335,355,5,5,0,299,0,1,0,0
340,360,5,5,0,306,0,1,0,0
345,365,5,5,0,313,0,1,0,0
350,370,5,5,0,313,0,0,0,0
355,375,5,5,0,313,0,0,0,0
360,380,5,5,0,320,0,1,0,0
365,385,5,5,0,327,0,1,0,0
370,390,5,5,0,327,0,0,0,0
375,395,5,5,0,334,0,1,0,0
380,400,5,5,0,341,0,1,0,0
385,405,5,5,0,348,0,1,0,0
390,410,5,5,0,355,0,1,0,0
395,415,5,5,0,362,0,1,0,0
400,420,5,5,0,369,0,1,0,0
405,425,5,5,0,376,0,1,0,0
410,430,5,5,0,369,0,-1,0,0
415,435,5,5,0,376,0,1,0,0
420,440,5,5,0,383,0,1,0,0
425,445,5,5,0,390,0,1,0,0
430,450,5,5,0,397,0,1,0,0
435,455,5,5,0,404,0,1,0,0
440,460,5,5,0,411,0,1,0,0
445,465,5,5,0,404,0,-1,0,0
450,470,5,5,0,411,0,1,0,0
455,475,5,5,0,418,0,1,0,0
460,480,5,5,0,425,0,1,0,0
465,485,5,5,0,432,0,1,0,0
470,490,5,5,0,432,0,0,0,0
475,495,5,5,0,439,0,1,0,0
480,500,5,5,0,446,0,1,0,0
485,505,5,5,0,453,0,1,0,0
490,510,5,5,0,460,0,1,0,0
495,515,5,5,0,460,0,0,0,0
500,520,5,5,0,467,0,1,0,0
505,525,5,5,0,474,0,1,0,0
510,530,5,5,0,481,0,1,0,0
515,535,5,5,0,474,0,-1,0,0
520,540,5,5,0,481,0,1,0,0
525,545,5,5,0,488,0,1,0,0
530,550,5,5,0,495,0,1,0,0
535,555,5,5,0,502,0,1,0,0
540,560,5,5,0,509,0,1,0,0
545,565,5,5,0,516,0,1,0,0
550,570,5,5,0,509,0,-1,0,0
555,575,5,5,0,516,0,1,0,0
560,580,5,5,0,523,0,1,0,0
565,585,5,5,0,530,0,1,0,0
570,590,5,-5,0,537,0,1,0,0
575,585,5,-5,0,544,0,1,0,0
580,580,5,-5,0,537,0,-1,0,0
585,575,5,-5,0,530,0,-1,0,0
590,570,5,-5,0,523,0,-1,0,0
595,565,5,-5,0,516,0,-1,0,0
600,560,5,-5,0,516,0,0,0,0
605,555,5,-5,0,516,0,0,0,0
610,550,5,-5,0,509,0,-1,0,0
615,545,5,-5,0,502,0,-1,0,0
620,540,5,-5,0,495,0,-1,0,0
625,535,5,-5,0,488,0,-1,0,0
630,530,5,-5,0,481,0,-1,0,0
635,525,5,-5,0,474,0,-1,0,0
640,520,5,-5,0,481,0,1,0,0
645,515,5,-5,0,474,0,-1,0,0
650,510,5,-5,0,467,0,-1,0,0
655,505,5,-5,0,460,0,-1,0,0
660,500,5,-5,0,453,0,-1,0,0
665,495,5,-5,0,446,0,-1,0,0
670,490,5,-5,0,439,0,-1,0,0
675,485,5,-5,0,446,0,1,0,0
680,480,5,-5,0,446,0,0,0,0
685,475,5,-5,0,439,0,-1,0,0
690,470,5,-5,0,432,0,-1,0,0
695,465,5,-5,0,425,0,-1,0,0
700,460,5,-5,0,418,0,-1,0,0
705,455,5,-5,0,411,0,-1,0,0
710,450,5,-5,0,404,0,-1,0,0
715,445,5,-5,0,397,0,-1,0,0
720,440,5,-5,0,390,0,-1,0,0
725,435,5,-5,0,390,0,0,0,0
730,430,5,-5,0,383,0,-1,0,0
735,425,5,-5,0,383,0,0,0,0
740,420,5,-5,0,376,0,-1,0,0
745,415,5,-5,0,369,0,-1,0,0
750,410,5,-5,0,362,0,-1,0,0
755,405,5,-5,0,355,0,-1,0,0
760,400,5,-5,0,355,0,0,0,0
765,395,5,-5,0,348,0,-1,0,0
770,390,5,-5,0,341,0,-1,0,0
775,385,5,-5,0,334,0,-1,0,0
780,380,-5,-5,0,341,0,1,0,0
775,375,-5,-5,0,341,0,0,0,0
770,370,-5,-5,0,341,0,0,0,0
765,365,-5,-5,0,341,0,0,0,0
760,360,-5,-5,0,341,0,0,0,0
755,355,-5,-5,0,341,0,0,0,0
750,350,-5,-5,0,341,0,0,0,0
745,345,-5,-5,0,341,0,0,0,0
740,340,-5,-5,0,341,0,0,0,0
735,335,-5,-5,0,341,0,0,0,0
730,330,-5,-5,0,341,0,0,0,0
725,325,-5,-5,0,341,0,0,0,0
720,320,-5,-5,0,341,0,0,0,0
715,315,-5,-5,0,341,0,0,0,0
710,310,-5,-5,0,341,0,0,0,0
705,305,-5,-5,0,341,0,0,0,0
700,300,-5,-5,0,341,0,0,0,0
695,295,-5,-5,0,341,0,0,0,0
690,290,-5,-5,0,341,0,0,0,0
685,285,-5,-5,0,341,0,0,0,0
680,280,-5,-5,0,341,0,0,0,0
675,275,-5,-5,0,341,0,0,0,0
670,270,-5,-5,0,341,0,0,0,0
665,265,-5,-5,0,341,0,0,0,0
660,260,-5,-5,0,341,0,0,0,0
655,255,-5,-5,0,341,0,0,0,0
650,250,-5,-5,0,341,0,0,0,0
645,245,-5,-5,0,341,0,0,0,0
640,240,-5,-5,0,341,0,0,0,0
635,235,-5,-5,0,341,0,0,0,0
630,230,-5,-5,0,341,0,0,0,0
625,225,-5,-5,10,341,1,0,0,0
620,220,-5,-5,20,341,1,0,0,0
615,215,-5,-5,30,341,1,0,0,0
610,210,-5,-5,40,341,1,0,0,0
605,205,-5,-5,50,341,1,0,0,0
600,200,-5,-5,60,341,1,0,0,0
595,195,-5,-5,70,341,1,0,0,0
590,190,-5,-5,80,341,1,0,0,0
585,185,-5,-5,90,341,1,0,0,0
580,180,-5,-5,100,341,1,0,0,0
575,175,-5,-5,110,341,1,0,0,0
570,170,-5,-5,120,341,1,0,0,0
565,165,-5,-5,130,341,1,0,0,0
560,160,-5,-5,140,341,1,0,0,0
555,155,-5,-5,150,341,1,0,0,0
550,150,-5,-5,160,341,1,0,0,0
545,145,-5,-5,170,341,1,0,0,0
540,140,-5,-5,180,341,1,0,0,0
535,135,-5,-5,190,341,1,0,0,0
530,130,-5,-5,200,341,1,0,0,0
525,125,-5,-5,210,341,1,0,0,0
520,120,-5,-5,220,341,1,0,0,0
515,115,-5,-5,230,341,1,0,0,0
510,110,-5,-5,240,341,1,0,0,0
505,105,-5,-5,250,341,1,0,0,0
500,100,-5,-5,260,341,1,0,0,0
495,95,-5,-5,270,341,1,0,0,0
490,90,-5,-5,280,341,1,0,0,0
485,85,-5,-5,290,341,1,0,0,0
480,80,-5,-5,300,341,1,0,0,0
475,75,-5,-5,310,341,1,0,0,0
470,70,-5,-5,320,341,1,0,0,0
465,65,-5,-5,330,341,1,0,0,0
460,60,-5,-5,340,341,1,0,0,0
455,55,-5,-5,350,341,1,0,0,0
450,50,-5,-5,360,341,1,0,0,0
445,45,-5,-5,360,341,0,0,0,0
440,40,-5,-5,360,341,0,0,0,0
435,35,-5,-5,360,341,0,0,0,0
430,30,-5,-5,360,341,0,0,0,0
425,25,-5,-5,360,341,0,0,0,0
420,20,-5,-5,360,341,0,0,0,0
415,15,-5,-5,360,341,0,0,0,0
410,10,-5,5,360,341,0,0,0,0
405,15,-5,5,360,341,0,0,0,0
400,20,-5,5,360,341,0,0,0,0
395,25,-5,5,360,341,0,0,0,0
390,30,-5,5,360,341,0,0,0,0
385,35,-5,5,360,341,0,0,0,0
380,40,-5,5,360,341,0,0,0,0
375,45,-5,5,360,341,0,0,0,0
370,50,-5,5,360,341,0,0,0,0
365,55,-5,5,360,341,0,0,0,0
360,60,-5,5,360,341,0,0,0,0
355,65,-5,5,360,341,0,0,0,0
350,70,-5,5,360,341,0,0,0,0
345,75,-5,5,360,341,0,0,0,0
340,80,-5,5,360,341,0,0,0,0
335,85,-5,5,360,341,0,0,0,0
330,90,-5,5,360,341,0,0,0,0
325,95,-5,5,360,341,0,0,0,0
320,100,-5,5,360,341,0,0,0,0
315,105,-5,5,360,341,0,0,0,0
310,110,-5,5,360,341,0,0,0,0
305,115,-5,5,360,341,0,0,0,0
300,120,-5,5,360,341,0,0,0,0
295,125,-5,5,360,341,0,0,0,0
290,130,-5,5,360,341,0,0,0,0
285,135,-5,5,360,341,0,0,0,0
280,140,-5,5,360,341,0,0,0,0
275,145,-5,5,360,341,0,0,0,0
270,150,-5,5,360,341,0,0,0,0
265,155,-5,5,360,341,0,0,0,0
260,160,-5,5,360,341,0,0,0,0
255,165,-5,5,360,341,0,0,0,0
250,170,-5,5,360,341,0,0,0,0
245,175,-5,5,360,341,0,0,0,0
240,180,-5,5,360,341,0,0,0,0
235,185,-5,5,360,341,0,0,0,0
230,190,-5,5,360,341,0,0,0,0
225,195,-5,5,360,341,0,0,0,0
220,200,-5,5,360,341,0,0,0,0
215,205,-5,5,360,341,0,0,0,0
210,210,-5,5,360,341,0,0,0,0
205,215,-5,5,360,341,0,0,0,0
200,220,-5,5,360,341,0,0,0,0
195,225,-5,5,360,341,0,0,0,0
190,230,-5,5,360,341,0,0,0,0
185,235,-5,5,360,341,0,0,0,0
180,240,-5,5,360,341,0,0,0,0
175,245,-5,5,360,341,0,0,0,0
170,250,-5,5,360,341,0,0,0,0
165,255,-5,5,360,341,0,0,0,0
160,260,-5,5,360,341,0,0,0,0
155,265,-5,5,360,341,0,0,0,0
150,270,-5,5,360,341,0,0,0,0
145,275,-5,5,360,341,0,0,0,0
140,280,-5,5,360,341,0,0,0,0
135,285,-5,5,360,341,0,0,0,0
130,290,-5,5,360,341,0,0,0,0
125,295,-5,5,360,341,0,0,0,0
120,300,-5,5,360,341,0,0,0,0
115,305,-5,5,360,341,0,0,0,0
110,310,-5,5,360,341,0,0,0,0
105,315,-5,5,360,341,0,0,0,0
100,320,-5,5,360,341,0,0,0,0
95,325,-5,5,360,341,0,0,0,0
90,330,-5,5,360,341,0,0,0,0
85,335,-5,5,360,341,0,0,0,0
80,340,-5,5,360,341,0,0,0,0
75,345,-5,5,360,341,0,0,0,0
70,350,-5,5,360,341,0,0,0,0
65,355,-5,5,360,341,0,0,0,0
60,360,-5,5,360,341,0,0,0,0
55,365,-5,5,360,341,0,0,0,0
50,370,-5,5,360,341,0,0,0,0
45,375,-5,5,360,341,0,0,0,0
40,380,-5,5,360,341,0,0,0,0
35,385,-5,5,360,341,0,0,0,0
30,390,-5,5,360,341,0,0,0,0
25,395,-5,5,360,341,0,0,0,0
20,400,5,5,360,341,0,0,0,0
25,405,5,5,360,348,0,1,0,0
30,410,5,5,360,348,0,0,0,0
35,415,5,5,360,355,0,1,0,0
40,420,5,5,360,362,0,1,0,0
45,425,5,5,360,369,0,1,0,0
50,430,5,5,360,376,0,1,0,0
55,435,5,5,360,376,0,0,0,0
60,440,5,5,360,383,0,1,0,0
65,445,5,5,360,390,0,1,0,0
70,450,5,5,360,397,0,1,0,0
75,455,5,5,360,404,0,1,0,0
80,460,5,5,360,404,0,0,0,0
85,465,5,5,360,411,0,1,0,0
90,470,5,5,360,418,0,1,0,0
95,475,5,5,360,425,0,1,0,0
100,480,5,5,360,425,0,0,0,0
105,485,5,5,360,432,0,1,0,0
110,490,5,5,360,439,0,1,0,0
115,495,5,5,360,446,0,1,0,0
120,500,5,5,360,439,0,-1,0,0
125,505,5,5,360,446,0,1,0,0
130,510,5,5,360,453,0,1,0,0
135,515,5,5,360,460,0,1,0,0
140,520,5,5,360,467,0,1,0,0
145,525,5,5,360,474,0,1,0,0
150,530,5,5,360,481,0,1,0,0
155,535,5,5,360,474,0,-1,0,0
160,540,5,5,360,481,0,1,0,0
165,545,5,5,360,488,0,1,0,0
170,550,5,5,360,495,0,1,0,0
175,555,5,5,360,502,0,1,0,0
180,560,5,5,360,509,0,1,0,0
185,565,5,5,360,516,0,1,0,0
190,570,5,5,360,516,0,0,0,0
195,575,5,5,360,523,0,1,0,0
200,580,5,5,360,523,0,0,0,0
205,585,5,5,360,530,0,1,0,0
210,590,5,-5,360,537,0,1,0,0
215,585,5,-5,360,544,0,1,0,0
220,580,5,-5,360,537,0,-1,0,0
225,575,5,-5,360,530,0,-1,0,0
230,570,5,-5,360,523,0,-1,0,0
235,565,5,-5,360,516,0,-1,0,0
240,560,5,-5,360,509,0,-1,0,0
245,555,5,-5,360,516,0,1,0,0
250,550,5,-5,360,509,0,-1,0,0
255,545,5,-5,360,502,0,-1,0,0
260,540,5,-5,360,495,0,-1,0,0
265,535,5,-5,360,495,0,0,0,0
270,530,5,-5,360,488,0,-1,0,0
275,525,5,-5,360,481,0,-1,0,0
280,520,5,-5,360,481,0,0,0,0
285,515,5,-5,360,474,0,-1,0,0
290,510,5,-5,360,467,0,-1,0,0
295,505,5,-5,360,460,0,-1,0,0
300,500,5,-5,360,453,0,-1,0,0
305,495,5,-5,360,446,0,-1,0,0
310,490,5,-5,360,439,0,-1,0,0
315,485,5,-5,360,446,0,1,0,0
320,480,5,-5,360,439,0,-1,0,0
325,475,5,-5,360,432,0,-1,0,0
330,470,5,-5,360,425,0,-1,0,0
335,465,5,-5,360,418,0,-1,0,0
340,460,5,-5,360,411,0,-1,0,0
345,455,5,-5,360,404,0,-1,0,0
350,450,5,-5,360,411,0,1,0,0
355,445,5,-5,360,404,0,-1,0,0
360,440,5,-5,360,397,0,-1,0,0
365,435,5,-5,360,390,0,-1,0,0
370,430,5,-5,360,383,0,-1,0,0
375,425,5,-5,360,376,0,-1,0,0
380,420,5,-5,360,369,0,-1,0,0
385,415,5,-5,360,376,0,1,0,0
390,410,5,-5,360,376,0,0,0,0
395,405,5,-5,360,369,0,-1,0,0
400,400,5,-5,360,369,0,0,0,0
405,395,5,-5,360,362,0,-1,0,0
410,390,5,-5,360,355,0,-1,0,0
415,385,5,-5,360,348,0,-1,0,0
420,380,5,-5,360,341,0,-1,0,0
425,375,5,-5,360,341,0,0,0,0
430,370,5,-5,360,334,0,-1,0,0
435,365,5,-5,360,327,0,-1,0,0
440,360,5,-5,360,320,0,-1,0,0
445,355,5,-5,360,313,0,-1,0,0
450,350,5,-5,360,306,0,-1,0,0
455,345,5,-5,360,299,0,-1,0,0
460,340,5,-5,360,292,0,-1,0,0
465,335,5,-5,360,292,0,0,0,0
470,330,5,-5,360,285,0,-1,0,0
475,325,5,-5,360,285,0,0,0,0
480,320,5,-5,360,278,0,-1,0,0
485,315,5,-5,360,278,0,0,0,0
490,310,5,-5,360,278,0,0,0,0
495,305,5,-5,360,271,0,-1,0,0
500,300,5,-5,360,264,0,-1,0,0
505,295,5,-5,360,257,0,-1,0,0
510,290,5,-5,360,250,0,-1,0,0
515,285,5,-5,360,243,0,-1,0,0
520,280,5,-5,360,236,0,-1,0,0
525,275,5,-5,360,229,0,-1,0,0
530,270,5,-5,360,222,0,-1,0,0
535,265,5,-5,360,215,0,-1,0,0
540,260,5,-5,360,215,0,0,0,0
545,255,5,-5,360,208,0,-1,0,0
550,250,5,-5,360,201,0,-1,0,0
555,245,5,-5,360,194,0,-1,0,0
560,240,5,-5,360,201,0,1,0,0
565,235,5,-5,360,194,0,-1,0,0
570,230,5,-5,360,187,0,-1,0,0
575,225,5,-5,360,180,0,-1,0,0
580,220,5,-5,360,173,0,-1,0,0
585,215,5,-5,360,166,0,-1,0,0
590,210,5,-5,360,159,0,-1,0,0
595,205,5,-5,360,166,0,1,0,0
600,200,5,-5,360,159,0,-1,0,0
605,195,5,-5,360,152,0,-1,0,0
610,190,5,-5,360,145,0,-1,0,0
615,185,5,-5,360,138,0,-1,0,0
620,180,5,-5,360,131,0,-1,0,0
625,175,5,-5,360,124,0,-1,0,0
630,170,5,-5,360,131,0,1,0,0
635,165,5,-5,360,124,0,-1,0,0
640,160,5,-5,360,117,0,-1,0,0
645,155,5,-5,360,110,0,-1,0,0
650,150,5,-5,360,103,0,-1,0,0
655,145,5,-5,360,96,0,-1,0,0
660,140,5,-5,360,89,0,-1,0,0
665,135,5,-5,360,96,0,1,0,0
670,130,5,-5,360,89,0,-1,0,0
675,125,5,-5,360,82,0,-1,0,0
680,120,5,-5,360,75,0,-1,0,0
685,115,5,-5,360,68,0,-1,0,0
690,110,5,-5,360,61,0,-1,0,0
695,105,5,-5,360,54,0,-1,0,0
700,100,5,-5,360,61,0,1,0,0
705,95,5,-5,360,54,0,-1,0,0
710,90,5,-5,360,47,0,-1,0,0
715,85,5,-5,360,40,0,-1,0,0
720,80,5,-5,360,33,0,-1,0,0
725,75,5,-5,360,26,0,-1,0,0
730,70,5,-5,360,19,0,-1,0,0
735,65,5,-5,360,19,0,0,0,0
740,60,5,-5,360,19,0,0,0,0
745,55,5,-5,360,12,0,-1,0,0
750,50,5,-5,360,5,0,-1,0,0
755,45,5,-5,360,-2,0,-1,0,0
760,40,5,-5,360,-2,0,0,0,0
765,35,5,-5,360,-9,0,-1,0,0
770,30,5,-5,360,-16,0,-1,0,0
775,25,5,-5,360,-23,0,-1,0,0
780,20,-5,-5,360,-23,0,0,0,0
775,15,-5,-5,360,-23,0,0,0,0
770,10,-5,5,360,-23,0,0,0,0
765,15,-5,5,360,-23,0,0,0,0
760,20,-5,5,360,-23,0,0,0,0
755,25,-5,5,360,-23,0,0,0,0
750,30,-5,5,360,-23,0,0,0,0
745,35,-5,5,360,-23,0,0,0,0
740,40,-5,5,360,-23,0,0,0,0
735,45,-5,5,360,-23,0,0,0,0
730,50,-5,5,360,-23,0,0,0,0
725,55,-5,5,360,-23,0,0,0,0
720,60,-5,5,360,-23,0,0,0,0
715,65,-5,5,360,-23,0,0,0,0
710,70,-5,5,360,-23,0,0,0,0
705,75,-5,5,360,-23,0,0,0,0
700,80,-5,5,360,-23,0,0,0,0
695,85,-5,5,360,-23,0,0,0,0
690,90,-5,5,360,-23,0,0,0,0
685,95,-5,5,360,-23,0,0,0,0
680,100,-5,5,360,-23,0,0,0,0
675,105,-5,5,360,-23,0,0,0,0
670,110,-5,5,360,-23,0,0,0,0
665,115,-5,5,360,-23,0,0,0,0
660,120,-5,5,360,-23,0,0,0,0
655,125,-5,5,360,-23,0,0,0,0
650,130,-5,5,360,-23,0,0,0,0
645,135,-5,5,360,-23,0,0,0,0
640,140,-5,5,360,-23,0,0,0,0
635,145,-5,5,360,-23,0,0,0,0
630,150,-5,5,360,-23,0,0,0,0
625,155,-5,5,360,-23,0,0,0,0
620,160,-5,5,360,-23,0,0,0,0
615,165,-5,5,360,-23,0,0,0,0
610,170,-5,5,360,-23,0,0,0,0
605,175,-5,5,360,-23,0,0,0,0
600,180,-5,5,360,-23,0,0,0,0
595,185,-5,5,360,-23,0,0,0,0
590,190,-5,5,360,-23,0,0,0,0
585,195,-5,5,360,-23,0,0,0,0
580,200,-5,5,360,-23,0,0,0,0
575,205,-5,5,360,-23,0,0,0,0
570,210,-5,5,360,-23,0,0,0,0
565,215,-5,5,360,-23,0,0,0,0
560,220,-5,5,360,-23,0,0,0,0
555,225,-5,5,360,-23,0,0,0,0
550,230,-5,5,360,-23,0,0,0,0
545,235,-5,5,360,-23,0,0,0,0
540,240,-5,5,360,-23,0,0,0,0
535,245,-5,5,360,-23,0,0,0,0
530,250,-5,5,360,-23,0,0,0,0
525,255,-5,5,360,-23,0,0,0,0
520,260,-5,5,360,-23,0,0,0,0
515,265,-5,5,360,-23,0,0,0,0
510,270,-5,5,360,-23,0,0,0,0
505,275,-5,5,360,-23,0,0,0,0
500,280,-5,5,360,-23,0,0,0,0
495,285,-5,5,360,-23,0,0,0,0
490,290,-5,5,360,-23,0,0,0,0
485,295,-5,5,360,-23,0,0,0,0
480,300,-5,5,360,-23,0,0,0,0
475,305,-5,5,360,-23,0,0,0,0
470,310,-5,5,360,-23,0,0,0,0
465,315,-5,5,360,-23,0,0,0,0
460,320,-5,5,360,-23,0,0,0,0
455,325,-5,5,360,-23,0,0,0,0
450,330,-5,5,360,-23,0,0,0,0
445,335,-5,5,360,-23,0,0,0,0
440,340,-5,5,360,-23,0,0,0,0
435,345,-5,5,360,-23,0,0,0,0
430,350,-5,5,360,-23,0,0,0,0
425,355,-5,5,360,-23,0,0,0,0
420,360,-5,5,360,-23,0,0,0,0
415,365,-5,5,360,-23,0,0,0,0
410,370,-5,5,360,-23,0,0,0,0
405,375,-5,5,360,-23,0,0,0,0
400,380,-5,5,360,-23,0,0,0,0
395,385,-5,5,360,-23,0,0,0,0
390,390,-5,5,360,-23,0,0,0,0
385,395,-5,5,360,-23,0,0,0,0
380,400,-5,5,360,-23,0,0,0,0
375,405,-5,5,360,-23,0,0,0,0
370,410,-5,5,360,-23,0,0,0,0
365,415,-5,5,360,-23,0,0,0,0
360,420,-5,5,370,-23,1,0,0,0
355,425,-5,5,380,-23,1,0,0,0
350,430,-5,5,390,-23,1,0,0,0
345,435,-5,5,400,-23,1,0,0,0
340,440,-5,5,410,-23,1,0,0,0
335,445,-5,5,420,-23,1,0,0,0
330,450,-5,5,430,-23,1,0,0,0
325,455,-5,5,440,-23,1,0,0,0
320,460,-5,5,450,-23,1,0,0,0
315,465,-5,5,460,-23,1,0,0,0
310,470,-5,5,470,-23,1,0,0,0
305,475,-5,5,480,-23,1,0,0,0
300,480,-5,5,490,-23,1,0,0,0
295,485,-5,5,500,-23,1,0,0,0
290,490,-5,5,500,-23,0,0,0,0
285,495,-5,5,500,-23,0,0,0,0
280,500,-5,5,500,-23,0,0,0,0
275,505,-5,5,500,-23,0,0,0,0
270,510,-5,5,500,-23,0,0,0,0
265,515,-5,5,500,-23,0,0,0,0
260,520,-5,5,500,-23,0,0,0,0
255,525,-5,5,500,-23,0,0,0,0
250,530,-5,5,500,-23,0,0,0,0
245,535,-5,5,500,-23,0,0,0,0
240,540,-5,5,500,-23,0,0,0,0
235,545,-5,5,500,-23,0,0,0,0
230,550,-5,5,500,-23,0,0,0,0
225,555,-5,5,500,-23,0,0,0,0
220,560,-5,5,500,-23,0,0,0,0
215,565,-5,5,500,-23,0,0,0,0
210,570,-5,5,500,-23,0,0,0,0
205,575,-5,5,500,-23,0,0,0,0
200,580,-5,5,500,-23,0,0,0,0
195,585,-5,5,500,-23,0,0,0,0
190,590,-5,-5,500,-23,0,0,0,0
185,585,-5,-5,500,-23,0,0,0,0
180,580,-5,-5,500,-23,0,0,0,0
175,575,-5,-5,500,-23,0,0,0,0
170,570,-5,-5,500,-23,0,0,0,0
165,565,-5,-5,500,-23,0,0,0,0
160,560,-5,-5,500,-23,0,0,0,0
155,555,-5,-5,500,-23,0,0,0,0
150,550,-5,-5,500,-23,0,0,0,0
145,545,-5,-5,500,-23,0,0,0,0
140,540,-5,-5,500,-23,0,0,0,0
135,535,-5,-5,490,-23,-1,0,0,0
130,530,-5,-5,480,-23,-1,0,0,0
125,525,-5,-5,470,-23,-1,0,0,0
120,520,-5,-5,460,-23,-1,0,0,0
115,515,-5,-5,450,-23,-1,0,0,0
110,510,-5,-5,440,-23,-1,0,0,0
105,505,-5,-5,430,-23,-1,0,0,0
100,500,-5,-5,420,-23,-1,0,0,0
95,495,-5,-5,410,-23,-1,0,0,0
90,490,-5,-5,400,-23,-1,0,0,0
85,485,-5,-5,390,-23,-1,0,0,0
80,480,-5,-5,380,-23,-1,0,0,0
75,475,-5,-5,370,-23,-1,0,0,0
70,470,-5,-5,360,-23,-1,0,0,0
65,465,-5,-5,350,-23,-1,0,0,0
60,460,-5,-5,340,-23,-1,0,0,0
55,455,-5,-5,330,-23,-1,0,0,0
50,450,-5,-5,320,-23,-1,0,0,0
45,445,-5,-5,310,-23,-1,0,0,0
40,440,-5,-5,310,-23,0,0,0,0
35,435,-5,-5,310,-23,0,0,0,0
30,430,-5,-5,310,-23,0,0,0,0
25,425,-5,-5,310,-23,0,0,0,0
20,420,-5,-5,310,-23,0,0,0,0
15,415,-5,-5,310,-23,0,0,0,0
10,410,5,-5,310,-23,0,0,0,0
15,405,-5,-5,310,-16,0,1,0,0
10,400,5,-5,310,-16,0,0,0,0
15,395,-5,-5,310,-9,0,1,0,0
10,390,5,-5,310,-9,0,0,0,0
15,385,-5,-5,310,-2,0,1,0,0
10,380,5,-5,310,-2,0,0,0,0
15,375,-5,-5,310,5,0,1,0,0
10,370,5,-5,310,5,0,0,0,0
16.0,364.0,-6.0,-6.0,310,5,0,0,0,0
10.0,358.0,6.0,-6.0,310,5,0,0,0,0
16.0,352.0,-6.0,-6.0,310,15,0,1,0,0
10.0,346.0,6.0,-6.0,310,15,0,0,0,0
16.0,340.0,-6.0,-6.0,310,25,0,1,0,0
10.0,334.0,6.0,-6.0,310,25,0,0,0,0
16.0,328.0,-6.0,-6.0,310,35,0,1,0,0
10.0,322.0,6.0,-6.0,310,35,0,0,0,0
16.0,316.0,-6.0,-6.0,310,45,0,1,0,0
10.0,310.0,6.0,-6.0,310,45,0,0,0,0
16.0,304.0,6.0,-6.0,310,55,0,1,0,0
22.0,298.0,6.0,-6.0,310,65,0,1,0,0
28.0,292.0,6.0,-6.0,310,75,0,1,0,0
34.0,286.0,6.0,-6.0,310,85,0,1,0,0
40.0,280.0,6.0,-6.0,310,95,0,1,0,0
46.0,274.0,6.0,-6.0,310,105,0,1,0,0
52.0,268.0,6.0,-6.0,310,115,0,1,0,0
58.0,262.0,6.0,-6.0,310,125,0,1,0,0
64.0,256.0,6.0,-6.0,310,135,0,1,0,0
70.0,250.0,6.0,-6.0,310,145,0,1,0,0
76.0,244.0,6.0,-6.0,310,155,0,1,0,0
82.0,238.0,6.0,-6.0,310,165,0,1,0,0
88.0,232.0,6.0,-6.0,310,175,0,1,0,0
94.0,226.0,6.0,-6.0,310,185,0,1,0,0
100.0,220.0,6.0,-6.0,310,175,0,-1,0,0
106.0,214.0,6.0,-6.0,310,165,0,-1,0,0
112.0,208.0,6.0,-6.0,310,155,0,-1,0,0
118.0,202.0,6.0,-6.0,310,165,0,1,0,0
124.0,196.0,6.0,-6.0,310,155,0,-1,0,0
130.0,190.0,6.0,-6.0,310,145,0,-1,0,0
136.0,184.0,6.0,-6.0,310,135,0,-1,0,0
142.0,178.0,6.0,-6.0,310,125,0,-1,0,0
148.0,172.0,6.0,-6.0,310,135,0,1,0,0
154.0,166.0,6.0,-6.0,310,125,0,-1,0,0
160.0,160.0,6.0,-6.0,310,115,0,-1,0,0
166.0,154.0,6.0,-6.0,310,105,0,-1,0,0
172.0,148.0,6.0,-6.0,310,95,0,-1,0,0
178.0,142.0,6.0,-6.0,310,105,0,1,0,0
184.0,136.0,6.0,-6.0,310,95,0,-1,0,0
190.0,130.0,6.0,-6.0,310,85,0,-1,0,0
196.0,124.0,6.0,-6.0,310,75,0,-1,0,0
202.0,118.0,6.0,-6.0,310,65,0,-1,0,0
208.0,112.0,6.0,-6.0,310,75,0,1,0,0
214.0,106.0,6.0,-6.0,310,65,0,-1,0,0
220.0,100.0,6.0,-6.0,310,55,0,-1,0,0
226.0,94.0,6.0,-6.0,310,45,0,-1,0,0
232.0,88.0,6.0,-6.0,310,35,0,-1,0,0
238.0,82.0,6.0,-6.0,310,35,0,0,0,0
244.0,76.0,6.0,-6.0,310,25,0,-1,0,0
250.0,70.0,6.0,-6.0,310,35,0,1,0,0
256.0,64.0,6.0,-6.0,310,35,0,0,0,0
262.0,58.0,6.0,-6.0,310,35,0,0,0,0
268.0,52.0,6.0,-6.0,310,25,0,-1,0,0
274.0,46.0,6.0,-6.0,310,15,0,-1,0,0
280.0,40.0,6.0,-6.0,310,5,0,-1,0,0
286.0,34.0,6.0,-6.0,310,-5,0,-1,0,0
292.0,28.0,6.0,-6.0,310,-15,0,-1,0,0
298.0,22.0,6.0,-6.0,310,-25,0,-1,0,0
304.0,16.0,6.0,-6.0,310,-35,0,-1,0,0
310.0,10.0,6.0,6.0,310,-35,0,0,0,0
316.0,16.0,6.0,6.0,310,-35,0,0,0,0
322.0,22.0,6.0,6.0,310,-25,0,1,0,0
328.0,28.0,6.0,6.0,310,-35,0,-1,0,0
334.0,34.0,6.0,6.0,310,-25,0,1,0,0
340.0,40.0,6.0,6.0,310,-15,0,1,0,0
346.0,46.0,6.0,6.0,310,-5,0,1,0,0
352.0,52.0,6.0,6.0,310,5,0,1,0,0
358.0,58.0,6.0,6.0,310,-5,0,-1,0,0
364.0,64.0,6.0,6.0,310,5,0,1,0,0
370.0,70.0,6.0,6.0,310,15,0,1,0,0
376.0,76.0,6.0,6.0,310,25,0,1,0,0
382.0,82.0,6.0,6.0,310,35,0,1,0,0
388.0,88.0,6.0,6.0,310,25,0,-1,0,0
394.0,94.0,6.0,6.0,310,25,0,0,0,0
400.0,100.0,6.0,6.0,310,35,0,1,0,0
406.0,106.0,6.0,6.0,310,45,0,1,0,0
412.0,112.0,6.0,6.0,310,55,0,1,0,0
418.0,118.0,6.0,6.0,310,65,0,1,0,0
424.0,124.0,6.0,6.0,310,75,0,1,0,0
430.0,130.0,6.0,6.0,310,65,0,-1,0,0
436.0,136.0,6.0,6.0,310,75,0,1,0,0
442.0,142.0,6.0,6.0,310,75,0,0,0,0
448.0,148.0,6.0,6.0,310,85,0,1,0,0
454.0,154.0,6.0,6.0,310,95,0,1,0,0
460.0,160.0,6.0,6.0,310,105,0,1,0,0
466.0,166.0,6.0,6.0,310,115,0,1,0,0
472.0,172.0,6.0,6.0,310,125,0,1,0,0
478.0,178.0,6.0,6.0,310,115,0,-1,0,0
484.0,184.0,6.0,6.0,310,125,0,1,0,0
490.0,190.0,6.0,6.0,310,135,0,1,0,0
496.0,196.0,6.0,6.0,310,135,0,0,0,0
502.0,202.0,6.0,6.0,310,145,0,1,0,0
508.0,208.0,6.0,6.0,310,155,0,1,0,0
514.0,214.0,6.0,6.0,310,165,0,1,0,0
520.0,220.0,6.0,6.0,310,155,0,-1,0,0
526.0,226.0,6.0,6.0,310,165,0,1,0,0
532.0,232.0,6.0,6.0,310,175,0,1,0,0
538.0,238.0,6.0,6.0,310,185,0,1,0,0
544.0,244.0,6.0,6.0,310,195,0,1,0,0
550.0,250.0,6.0,6.0,310,185,0,-1,0,0
556.0,256.0,6.0,6.0,325,195,1,1,0,0
562.0,262.0,6.0,6.0,340,205,1,1,0,0
568.0,268.0,6.0,6.0,355,215,1,1,0,0
574.0,274.0,6.0,6.0,370,225,1,1,0,0
580.0,280.0,6.0,6.0,385,215,1,-1,0,0
586.0,286.0,6.0,6.0,400,225,1,1,0,0
592.0,292.0,6.0,6.0,415,235,1,1,0,0
598.0,298.0,6.0,6.0,430,245,1,1,0,0
604.0,304.0,6.0,6.0,445,255,1,1,0,0
610.0,310.0,6.0,6.0,460,245,1,-1,0,0
616.0,316.0,6.0,6.0,475,255,1,1,0,0
622.0,322.0,6.0,6.0,490,265,1,1,0,0
628.0,328.0,6.0,6.0,505,275,1,1,0,0
634.0,334.0,6.0,6.0,505,285,0,1,0,0
640.0,340.0,6.0,6.0,505,275,0,-1,0,0
646.0,346.0,6.0,6.0,505,275,0,0,0,0
652.0,352.0,6.0,6.0,505,285,0,1,0,0
658.0,358.0,6.0,6.0,505,285,0,0,0,0
664.0,364.0,6.0,6.0,505,295,0,1,0,0
670.0,370.0,6.0,6.0,505,305,0,1,0,0
676.0,376.0,6.0,6.0,505,315,0,1,0,0
682.0,382.0,6.0,6.0,505,325,0,1,0,0
688.0,388.0,6.0,6.0,505,335,0,1,0,0
694.0,394.0,6.0,6.0,505,345,0,1,0,0
700.0,400.0,6.0,6.0,505,335,0,-1,0,0
706.0,406.0,6.0,6.0,505,345,0,1,0,0
712.0,412.0,6.0,6.0,505,355,0,1,0,0
718.0,418.0,6.0,6.0,505,365,0,1,0,0
724.0,424.0,6.0,6.0,505,375,0,1,0,0
730.0,430.0,6.0,6.0,505,365,0,-1,0,0
736.0,436.0,6.0,6.0,505,375,0,1,0,0
742.0,442.0,6.0,6.0,505,385,0,1,0,0
748.0,448.0,6.0,6.0,505,395,0,1,0,0
754.0,454.0,6.0,6.0,505,405,0,1,0,0
760.0,460.0,6.0,6.0,505,395,0,-1,0,0
766.0,466.0,6.0,6.0,505,405,0,1,0,0
772.0,472.0,6.0,6.0,505,415,0,1,0,0
778.0,478.0,6.0,6.0,505,425,0,1,0,0
784.0,484.0,-6.0,6.0,505,435,0,1,0,0
778.0,490.0,-6.0,6.0,505,435,0,0,0,0
772.0,496.0,-6.0,6.0,505,435,0,0,0,0
766.0,502.0,-6.0,6.0,505,435,0,0,0,0
760.0,508.0,-6.0,6.0,505,435,0,0,0,0
754.0,514.0,-6.0,6.0,505,435,0,0,0,0
748.0,520.0,-6.0,6.0,505,435,0,0,0,0
742.0,526.0,-6.0,6.0,505,435,0,0,0,0
736.0,532.0,-6.0,6.0,505,435,0,0,0,0
730.0,538.0,-6.0,6.0,505,435,0,0,0,0
724.0,544.0,-6.0,6.0,505,435,0,0,0,0
718.0,550.0,-6.0,6.0,505,435,0,0,0,0
712.0,556.0,-6.0,6.0,505,435,0,0,0,0
706.0,562.0,-6.0,6.0,505,435,0,0,0,0
700.0,568.0,-6.0,6.0,505,435,0,0,0,0
694.0,574.0,-6.0,6.0,505,435,0,0,0,0
688.0,580.0,-6.0,6.0,505,435,0,0,0,0
682.0,586.0,-6.0,6.0,505,435,0,0,0,0
676.0,592.0,-6.0,-6.0,505,435,0,0,0,0
670.0,586.0,-6.0,-6.0,490,435,-1,0,0,0
664.0,580.0,-6.0,-6.0,475,435,-1,0,0,0
658.0,574.0,-6.0,-6.0,460,435,-1,0,0,0
652.0,568.0,-6.0,-6.0,445,435,-1,0,0,0
646.0,562.0,-6.0,-6.0,430,435,-1,0,0,0
640.0,556.0,-6.0,-6.0,415,435,-1,0,0,0
634.0,550.0,-6.0,-6.0,400,435,-1,0,0,0
628.0,544.0,-6.0,-6.0,385,435,-1,0,0,0
622.0,538.0,-6.0,-6.0,370,435,-1,0,0,0
616.0,532.0,-6.0,-6.0,355,435,-1,0,0,0
610.0,526.0,-6.0,-6.0,340,435,-1,0,0,0
604.0,520.0,-6.0,-6.0,325,435,-1,0,0,0
598.0,514.0,-6.0,-6.0,310,435,-1,0,0,0
592.0,508.0,-6.0,-6.0,295,435,-1,0,0,0
586.0,502.0,-6.0,-6.0,280,435,-1,0,0,0
580.0,496.0,-6.0,-6.0,265,435,-1,0,0,0
574.0,490.0,-6.0,-6.0,250,435,-1,0,0,0
568.0,484.0,-6.0,-6.0,235,435,-1,0,0,0
562.0,478.0,-6.0,-6.0,220,435,-1,0,0,0
556.0,472.0,-6.0,-6.0,205,435,-1,0,0,0
550.0,466.0,-6.0,-6.0,190,435,-1,0,0,0
544.0,460.0,-6.0,-6.0,175,435,-1,0,0,0
538.0,454.0,-6.0,-6.0,160,435,-1,0,0,0
532.0,448.0,-6.0,-6.0,145,435,-1,0,0,0
526.0,442.0,-6.0,-6.0,130,435,-1,0,0,0
520.0,436.0,-6.0,-6.0,115,435,-1,0,0,0
514.0,430.0,-6.0,-6.0,100,435,-1,0,0,0
508.0,424.0,-6.0,-6.0,85,435,-1,0,0,0
502.0,418.0,-6.0,-6.0,70,435,-1,0,0,0
496.0,412.0,-6.0,-6.0,55,435,-1,0,0,0
490.0,406.0,-6.0,-6.0,40,435,-1,0,0,0
484.0,400.0,-6.0,-6.0,25,435,-1,0,0,0
478.0,394.0,-6.0,-6.0,10,435,-1,0,0,0
472.0,388.0,-6.0,-6.0,-5,435,-1,0,0,0
466.0,382.0,-6.0,-6.0,-5,435,0,0,0,0
460.0,376.0,-6.0,-6.0,-5,435,0,0,0,0
454.0,370.0,-6.0,-6.0,-5,435,0,0,0,0
448.0,364.0,-6.0,-6.0,-5,435,0,0,0,0
442.0,358.0,-6.0,-6.0,-5,435,0,0,0,0
436.0,352.0,-6.0,-6.0,-5,435,0,0,0,0
430.0,346.0,-6.0,-6.0,-5,435,0,0,0,0
424.0,340.0,-6.0,-6.0,-5,435,0,0,0,0
418.0,334.0,-6.0,-6.0,-5,435,0,0,0,0
412.0,328.0,-6.0,-6.0,-5,435,0,0,0,0
406.0,322.0,-6.0,-6.0,-5,435,0,0,0,0
400.0,316.0,-6.0,-6.0,-5,435,0,0,0,0
394.0,310.0,-6.0,-6.0,-5,435,0,0,0,0
388.0,304.0,-6.0,-6.0,-5,435,0,0,0,0
382.0,298.0,-6.0,-6.0,-5,435,0,0,0,0
376.0,292.0,-6.0,-6.0,-5,435,0,0,0,0
370.0,286.0,-6.0,-6.0,-5,435,0,0,0,0
364.0,280.0,-6.0,-6.0,-5,435,0,0,0,0
358.0,274.0,-6.0,-6.0,-5,435,0,0,0,0
352.0,268.0,-6.0,-6.0,-5,435,0,0,0,0
346.0,262.0,-6.0,-6.0,-5,435,0,0,0,0
340.0,256.0,-6.0,-6.0,-5,435,0,0,0,0
334.0,250.0,-6.0,-6.0,-5,435,0,0,0,0
328.0,244.0,-6.0,-6.0,-5,435,0,0,0,0
322.0,238.0,-6.0,-6.0,-5,435,0,0,0,0
316.0,232.0,-6.0,-6.0,-5,435,0,0,0,0
310.0,226.0,-6.0,-6.0,-5,435,0,0,0,0
304.0,220.0,-6.0,-6.0,-5,435,0,0,0,0
298.0,214.0,-6.0,-6.0,-5,435,0,0,0,0
292.0,208.0,-6.0,-6.0,-5,435,0,0,0,0
286.0,202.0,-6.0,-6.0,-5,435,0,0,0,0
280.0,196.0,-6.0,-6.0,-5,435,0,0,0,0
274.0,190.0,-6.0,-6.0,-5,435,0,0,0,0
268.0,184.0,-6.0,-6.0,-5,435,0,0,0,0
262.0,178.0,-6.0,-6.0,-5,435,0,0,0,0
256.0,172.0,-6.0,-6.0,-5,435,0,0,0,0
250.0,166.0,-6.0,-6.0,-5,435,0,0,0,0
244.0,160.0,-6.0,-6.0,-5,435,0,0,0,0
238.0,154.0,-6.0,-6.0,-5,435,0,0,0,0
232.0,148.0,-6.0,-6.0,-5,435,0,0,0,0
226.0,142.0,-6.0,-6.0,-5,435,0,0,0,0
220.0,136.0,-6.0,-6.0,-5,435,0,0,0,0
214.0,130.0,-6.0,-6.0,-5,435,0,0,0,0
208.0,124.0,-6.0,-6.0,-5,435,0,0,0,0
202.0,118.0,-6.0,-6.0,10,435,1,0,0,0
196.0,112.0,-6.0,-6.0,25,435,1,0,0,0
190.0,106.0,-6.0,-6.0,40,435,1,0,0,0
184.0,100.0,-6.0,-6.0,55,435,1,0,0,0
178.0,94.0,-6.0,-6.0,70,435,1,0,0,0
172.0,88.0,-6.0,-6.0,85,435,1,0,0,0
166.0,82.0,-6.0,-6.0,100,435,1,0,0,0
160.0,76.0,-6.0,-6.0,115,435,1,0,0,0
154.0,70.0,-6.0,-6.0,130,435,1,0,0,0
148.0,64.0,-6.0,-6.0,145,435,1,0,0,0
142.0,58.0,-6.0,-6.0,145,435,0,0,0,0
136.0,52.0,-6.0,-6.0,145,435,0,0,0,0
130.0,46.0,-6.0,-6.0,145,435,0,0,0,0
124.0,40.0,-6.0,-6.0,145,435,0,0,0,0
118.0,34.0,-6.0,-6.0,145,435,0,0,0,0
112.0,28.0,-6.0,-6.0,145,435,0,0,0,0
106.0,22.0,-6.0,-6.0,145,435,0,0,0,0
100.0,16.0,-6.0,-6.0,145,435,0,0,0,0
94.0,10.0,-6.0,6.0,145,435,0,0,0,0
88.0,16.0,-6.0,6.0,145,435,0,0,0,0
82.0,22.0,-6.0,6.0,145,435,0,0,0,0
76.0,28.0,-6.0,6.0,145,435,0,0,0,0
70.0,34.0,-6.0,6.0,145,435,0,0,0,0
64.0,40.0,-6.0,6.0,145,435,0,0,0,0
58.0,46.0,-6.0,6.0,145,435,0,0,0,0
52.0,52.0,-6.0,6.0,145,435,0,0,0,0
46.0,58.0,-6.0,6.0,145,435,0,0,0,0
40.0,64.0,-6.0,6.0,145,435,0,0,0,0
34.0,70.0,-6.0,6.0,145,435,0,0,0,0
28.0,76.0,-6.0,6.0,145,435,0,0,0,0
22.0,82.0,-6.0,6.0,145,435,0,0,0,0
16.0,88.0,-6.0,6.0,145,435,0,0,0,0
10.0,94.0,-6.0,6.0,145,435,0,0,0,0
4.0,100.0,-6.0,6.0,145,435,0,0,0,0
400,300,6.0,6.0,145,435,0,0,0,1
406.0,306.0,6.0,6.0,145,425,0,-1,0,1
412.0,312.0,6.0,6.0,145,415,0,-1,0,1
418.0,318.0,6.0,6.0,145,405,0,-1,0,1
424.0,324.0,6.0,6.0,145,395,0,-1,0,1
430.0,330.0,6.0,6.0,145,385,0,-1,0,1
436.0,336.0,6.0,6.0,145,375,0,-1,0,1
442.0,342.0,6.0,6.0,160,375,1,0,0,1
448.0,348.0,6.0,6.0,175,365,1,-1,0,1
454.0,354.0,6.0,6.0,190,355,1,-1,0,1
460.0,360.0,6.0,6.0,205,345,1,-1,0,1
466.0,366.0,6.0,6.0,220,335,1,-1,0,1
472.0,372.0,6.0,6.0,235,325,1,-1,0,1
478.0,378.0,6.0,6.0,235,315,0,-1,0,1
484.0,384.0,6.0,6.0,235,315,0,0,0,1
490.0,390.0,6.0,6.0,235,325,0,1,0,1
496.0,396.0,6.0,6.0,235,335,0,1,0,1
502.0,402.0,6.0,6.0,235,345,0,1,0,1
508.0,408.0,6.0,6.0,235,345,0,0,0,1
514.0,414.0,6.0,6.0,235,355,0,1,0,1
520.0,420.0,6.0,6.0,235,365,0,1,0,1
526.0,426.0,6.0,6.0,235,375,0,1,0,1
532.0,432.0,6.0,6.0,235,385,0,1,0,1
538.0,438.0,6.0,6.0,235,375,0,-1,0,1
544.0,444.0,6.0,6.0,235,385,0,1,0,1
550.0,450.0,6.0,6.0,235,385,0,0,0,1
556.0,456.0,6.0,6.0,235,395,0,1,0,1
562.0,462.0,6.0,6.0,235,395,0,0,0,1
568.0,468.0,6.0,6.0,235,405,0,1,0,1
574.0,474.0,6.0,6.0,220,415,-1,1,0,1
580.0,480.0,6.0,6.0,205,425,-1,1,0,1
586.0,486.0,6.0,6.0,190,435,-1,1,0,1
592.0,492.0,6.0,6.0,175,445,-1,1,0,1
598.0,498.0,6.0,6.0,160,435,-1,-1,0,1
604.0,504.0,6.0,6.0,145,445,-1,1,0,1
610.0,510.0,6.0,6.0,130,455,-1,1,0,1
616.0,516.0,6.0,6.0,115,465,-1,1,0,1
622.0,522.0,6.0,6.0,100,475,-1,1,0,1
628.0,528.0,6.0,6.0,85,465,-1,-1,0,1
634.0,534.0,6.0,6.0,70,475,-1,1,0,1
640.0,540.0,6.0,6.0,55,485,-1,1,0,1
646.0,546.0,6.0,6.0,40,495,-1,1,0,1
652.0,552.0,6.0,6.0,25,505,-1,1,0,1
658.0,558.0,6.0,6.0,10,495,-1,-1,0,1
664.0,564.0,6.0,6.0,-5,505,-1,1,0,1
670.0,570.0,6.0,6.0,-5,515,0,1,0,1
676.0,576.0,6.0,6.0,-5,525,0,1,0,1
682.0,582.0,6.0,6.0,-5,535,0,1,0,1
688.0,588.0,6.0,6.0,-5,525,0,-1,0,1
694.0,594.0,6.0,-6.0,-5,535,0,1,0,1
700.0,588.0,6.0,-6.0,-5,545,0,1,0,1
706.0,582.0,6.0,-6.0,-5,535,0,-1,0,1
712.0,576.0,6.0,-6.0,-5,525,0,-1,0,1
718.0,570.0,6.0,-6.0,-5,535,0,1,0,1
724.0,564.0,6.0,-6.0,-5,535,0,0,0,1
730.0,558.0,6.0,-6.0,-5,525,0,-1,0,1
736.0,552.0,6.0,-6.0,-5,515,0,-1,0,1
742.0,546.0,6.0,-6.0,-5,505,0,-1,0,1
748.0,540.0,6.0,-6.0,-5,495,0,-1,0,1
754.0,534.0,6.0,-6.0,-5,485,0,-1,0,1
760.0,528.0,6.0,-6.0,-5,475,0,-1,0,1
766.0,522.0,6.0,-6.0,-5,485,0,1,0,1
772.0,516.0,6.0,-6.0,-5,475,0,-1,0,1
778.0,510.0,6.0,-6.0,-5,465,0,-1,0,1
784.0,504.0,-6.0,-6.0,-5,455,0,-1,0,1
778.0,498.0,-6.0,-6.0,-5,455,0,0,0,1
772.0,492.0,-6.0,-6.0,-5,455,0,0,0,1
766.0,486.0,-6.0,-6.0,-5,455,0,0,0,1
760.0,480.0,-6.0,-6.0,-5,455,0,0,0,1
754.0,474.0,-6.0,-6.0,-5,455,0,0,0,1
748.0,468.0,-6.0,-6.0,-5,455,0,0,0,1
742.0,462.0,-6.0,-6.0,-5,455,0,0,0,1
736.0,456.0,-6.0,-6.0,-5,455,0,0,0,1
730.0,450.0,-6.0,-6.0,-5,455,0,0,0,1
724.0,444.0,-6.0,-6.0,-5,455,0,0,0,1
718.0,438.0,-6.0,-6.0,-5,455,0,0,0,1
712.0,432.0,-6.0,-6.0,-5,455,0,0,0,1
706.0,426.0,-6.0,-6.0,-5,455,0,0,0,1
700.0,420.0,-6.0,-6.0,-5,455,0,0,0,1
694.0,414.0,-6.0,-6.0,-5,455,0,0,0,1
688.0,408.0,-6.0,-6.0,-5,455,0,0,0,1
682.0,402.0,-6.0,-6.0,-5,455,0,0,0,1
676.0,396.0,-6.0,-6.0,-5,455,0,0,0,1
670.0,390.0,-6.0,-6.0,-5,455,0,0,0,1
664.0,384.0,-6.0,-6.0,-5,455,0,0,0,1
658.0,378.0,-6.0,-6.0,-5,455,0,0,0,1
652.0,372.0,-6.0,-6.0,-5,455,0,0,0,1
646.0,366.0,-6.0,-6.0,-5,455,0,0,0,1
640.0,360.0,-6.0,-6.0,-5,455,0,0,0,1
634.0,354.0,-6.0,-6.0,-5,455,0,0,0,1
628.0,348.0,-6.0,-6.0,-5,455,0,0,0,1
622.0,342.0,-6.0,-6.0,-5,455,0,0,0,1
616.0,336.0,-6.0,-6.0,-5,455,0,0,0,1
610.0,330.0,-6.0,-6.0,-5,455,0,0,0,1
604.0,324.0,-6.0,-6.0,10,455,1,0,0,1
598.0,318.0,-6.0,-6.0,25,455,1,0,0,1
592.0,312.0,-6.0,-6.0,40,455,1,0,0,1
586.0,306.0,-6.0,-6.0,55,455,1,0,0,1
580.0,300.0,-6.0,-6.0,70,455,1,0,0,1
574.0,294.0,-6.0,-6.0,85,455,1,0,0,1
568.0,288.0,-6.0,-6.0,100,455,1,0,0,1
562.0,282.0,-6.0,-6.0,115,455,1,0,0,1
556.0,276.0,-6.0,-6.0,130,455,1,0,0,1
550.0,270.0,-6.0,-6.0,145,455,1,0,0,1
544.0,264.0,-6.0,-6.0,160,455,1,0,0,1
538.0,258.0,-6.0,-6.0,175,455,1,0,0,1
532.0,252.0,-6.0,-6.0,190,455,1,0,0,1
526.0,246.0,-6.0,-6.0,190,455,0,0,0,1
520.0,240.0,-6.0,-6.0,190,455,0,0,0,1
514.0,234.0,-6.0,-6.0,190,455,0,0,0,1
508.0,228.0,-6.0,-6.0,190,455,0,0,0,1
502.0,222.0,-6.0,-6.0,190,455,0,0,0,1
496.0,216.0,-6.0,-6.0,190,455,0,0,0,1
490.0,210.0,-6.0,-6.0,190,455,0,0,0,1
484.0,204.0,-6.0,-6.0,190,455,0,0,0,1
478.0,198.0,-6.0,-6.0,190,455,0,0,0,1
472.0,192.0,-6.0,-6.0,190,455,0,0,0,1
466.0,186.0,-6.0,-6.0,190,455,0,0,0,1
460.0,180.0,-6.0,-6.0,190,455,0,0,0,1
454.0,174.0,-6.0,-6.0,190,455,0,0,0,1
448.0,168.0,-6.0,-6.0,190,455,0,0,0,1
442.0,162.0,-6.0,-6.0,190,455,0,0,0,1
436.0,156.0,-6.0,-6.0,175,455,-1,0,0,1
430.0,150.0,-6.0,-6.0,160,455,-1,0,0,1
424.0,144.0,-6.0,-6.0,145,455,-1,0,0,1
418.0,138.0,-6.0,-6.0,130,455,-1,0,0,1
412.0,132.0,-6.0,-6.0,115,455,-1,0,0,1
406.0,126.0,-6.0,-6.0,100,455,-1,0,0,1
400.0,120.0,-6.0,-6.0,85,455,-1,0,0,1
394.0,114.0,-6.0,-6.0,70,455,-1,0,0,1
388.0,108.0,-6.0,-6.0,55,455,-1,0,0,1
382.0,102.0,-6.0,-6.0,40,455,-1,0,0,1
376.0,96.0,-6.0,-6.0,25,455,-1,0,0,1
370.0,90.0,-6.0,-6.0,10,455,-1,0,0,1
364.0,84.0,-6.0,-6.0,-5,455,-1,0,0,1
358.0,78.0,-6.0,-6.0,-5,455,0,0,0,1
352.0,72.0,-6.0,-6.0,-5,455,0,0,0,1
346.0,66.0,-6.0,-6.0,-5,455,0,0,0,1
340.0,60.0,-6.0,-6.0,-5,455,0,0,0,1
334.0,54.0,-6.0,-6.0,-5,455,0,0,0,1
328.0,48.0,-6.0,-6.0,-5,455,0,0,0,1
322.0,42.0,-6.0,-6.0,-5,455,0,0,0,1
316.0,36.0,-6.0,-6.0,-5,455,0,0,0,1
310.0,30.0,-6.0,-6.0,-5,455,0,0,0,1
304.0,24.0,-6.0,-6.0,-5,455,0,0,0,1
298.0,18.0,-6.0,-6.0,-5,455,0,0,0,1
292.0,12.0,-6.0,-6.0,-5,455,0,0,0,1
286.0,6.0,-6.0,6.0,-5,455,0,0,0,1
280.0,12.0,-6.0,6.0,-5,455,0,0,0,1
274.0,18.0,-6.0,6.0,-5,455,0,0,0,1
268.0,24.0,-6.0,6.0,-5,455,0,0,0,1
262.0,30.0,-6.0,6.0,-5,455,0,0,0,1
256.0,36.0,-6.0,6.0,-5,455,0,0,0,1
250.0,42.0,-6.0,6.0,-5,455,0,0,0,1
244.0,48.0,-6.0,6.0,-5,455,0,0,0,1
238.0,54.0,-6.0,6.0,-5,455,0,0,0,1
232.0,60.0,-6.0,6.0,-5,455,0,0,0,1
226.0,66.0,-6.0,6.0,-5,455,0,0,0,1
220.0,72.0,-6.0,6.0,-5,455,0,0,0,1
214.0,78.0,-6.0,6.0,-5,455,0,0,0,1
208.0,84.0,-6.0,6.0,10,455,1,0,0,1
202.0,90.0,-6.0,6.0,25,455,1,0,0,1
196.0,96.0,-6.0,6.0,40,455,1,0,0,1
190.0,102.0,-6.0,6.0,55,455,1,0,0,1
184.0,108.0,-6.0,6.0,70,455,1,0,0,1
178.0,114.0,-6.0,6.0,85,455,1,0,0,1
172.0,120.0,-6.0,6.0,100,455,1,0,0,1
166.0,126.0,-6.0,6.0,115,455,1,0,0,1
160.0,132.0,-6.0,6.0,115,455,0,0,0,1
154.0,138.0,-6.0,6.0,115,455,0,0,0,1
148.0,144.0,-6.0,6.0,115,455,0,0,0,1
142.0,150.0,-6.0,6.0,115,455,0,0,0,1
136.0,156.0,-6.0,6.0,115,455,0,0,0,1
130.0,162.0,-6.0,6.0,115,455,0,0,0,1
124.0,168.0,-6.0,6.0,115,455,0,0,0,1
118.0,174.0,-6.0,6.0,115,455,0,0,0,1
112.0,180.0,-6.0,6.0,115,455,0,0,0,1
106.0,186.0,-6.0,6.0,115,455,0,0,0,1
100.0,192.0,-6.0,6.0,115,455,0,0,0,1
94.0,198.0,-6.0,6.0,115,455,0,0,0,1
88.0,204.0,-6.0,6.0,115,455,0,0,0,1
82.0,210.0,-6.0,6.0,115,455,0,0,0,1
76.0,216.0,-6.0,6.0,115,455,0,0,0,1
70.0,222.0,-6.0,6.0,115,455,0,0,0,1
64.0,228.0,-6.0,6.0,115,455,0,0,0,1
58.0,234.0,-6.0,6.0,115,455,0,0,0,1
52.0,240.0,-6.0,6.0,115,455,0,0,0,1
46.0,246.0,-6.0,6.0,115,455,0,0,0,1
40.0,252.0,-6.0,6.0,115,455,0,0,0,1
34.0,258.0,-6.0,6.0,115,455,0,0,0,1
28.0,264.0,-6.0,6.0,130,455,1,0,0,1
22.0,270.0,-6.0,6.0,145,455,1,0,0,1
16.0,276.0,-6.0,6.0,160,455,1,0,0,1
10.0,282.0,-6.0,6.0,175,455,1,0,0,1
4.0,288.0,6.0,6.0,190,455,1,0,0,1
10.0,294.0,-6.0,6.0,205,445,1,-1,0,1
4.0,300.0,6.0,6.0,220,445,1,0,0,1
10.0,306.0,-6.0,6.0,235,435,1,-1,0,1
4.0,312.0,6.0,6.0,250,435,1,0,0,1
10.0,318.0,-6.0,6.0,265,425,1,-1,0,1
4.0,324.0,6.0,6.0,280,425,1,0,0,1
10.0,330.0,-6.0,6.0,280,415,0,-1,0,1
4.0,336.0,6.0,6.0,280,415,0,0,0,1
10.0,342.0,-6.0,6.0,280,405,0,-1,0,1
4.0,348.0,6.0,6.0,280,405,0,0,0,1
10.0,354.0,-6.0,6.0,280,395,0,-1,0,1
4.0,360.0,6.0,6.0,280,395,0,0,0,1
10.0,366.0,-6.0,6.0,280,395,0,0,0,1
4.0,372.0,6.0,6.0,280,395,0,0,0,1
10.0,378.0,-6.0,6.0,280,385,0,-1,0,1
4.0,384.0,-6.0,6.0,280,385,0,0,0,1
400,300,6.0,6.0,280,385,0,0,0,2
406.0,306.0,6.0,6.0,280,375,0,-1,0,2
412.0,312.0,6.0,6.0,280,365,0,-1,0,2
418.0,318.0,6.0,6.0,280,355,0,-1,0,2
424.0,324.0,6.0,6.0,280,345,0,-1,0,2
430.0,330.0,6.0,6.0,280,335,0,-1,0,2
436.0,336.0,6.0,6.0,280,325,0,-1,0,2
442.0,342.0,6.0,6.0,280,315,0,-1,0,2
448.0,348.0,6.0,6.0,280,305,0,-1,0,2
454.0,354.0,6.0,6.0,295,295,1,-1,0,2
460.0,360.0,6.0,6.0,310,305,1,1,0,2
466.0,366.0,6.0,6.0,325,315,1,1,0,2
472.0,372.0,6.0,6.0,340,325,1,1,0,2
478.0,378.0,6.0,6.0,355,325,1,0,0,2
484.0,384.0,6.0,6.0,370,335,1,1,0,2
490.0,390.0,6.0,6.0,385,335,1,0,0,2
496.0,396.0,6.0,6.0,400,345,1,1,0,2
502.0,402.0,6.0,6.0,415,355,1,1,0,2
508.0,408.0,6.0,6.0,430,345,1,-1,0,2
514.0,414.0,6.0,6.0,430,355,0,1,0,2
520.0,420.0,6.0,6.0,430,365,0,1,0,2
526.0,426.0,6.0,6.0,430,375,0,1,0,2
532.0,432.0,6.0,6.0,430,375,0,0,0,2
538.0,438.0,6.0,6.0,430,385,0,1,0,2
544.0,444.0,6.0,6.0,430,395,0,1,0,2
550.0,450.0,6.0,6.0,430,385,0,-1,0,2
556.0,456.0,6.0,6.0,430,385,0,0,0,2
562.0,462.0,6.0,6.0,430,395,0,1,0,2
568.0,468.0,6.0,6.0,430,405,0,1,0,2
574.0,474.0,6.0,6.0,430,415,0,1,0,2
580.0,480.0,6.0,6.0,430,425,0,1,0,2
586.0,486.0,6.0,6.0,430,435,0,1,0,2
592.0,492.0,6.0,6.0,430,445,0,1,0,2
598.0,498.0,6.0,6.0,430,435,0,-1,0,2
604.0,504.0,6.0,6.0,430,445,0,1,0,2
610.0,510.0,6.0,6.0,430,455,0,1,0,2
616.0,516.0,6.0,6.0,445,465,1,1,0,2
622.0,522.0,6.0,6.0,460,475,1,1,0,2
628.0,528.0,6.0,6.0,475,465,1,-1,0,2
634.0,534.0,6.0,6.0,490,475,1,1,0,2
640.0,540.0,6.0,6.0,505,485,1,1,0,2
646.0,546.0,6.0,6.0,505,495,0,1,0,2
652.0,552.0,6.0,6.0,505,505,0,1,0,2
658.0,558.0,6.0,6.0,505,495,0,-1,0,2
664.0,564.0,6.0,6.0,505,505,0,1,0,2
670.0,570.0,6.0,6.0,505,515,0,1,0,2
676.0,576.0,6.0,6.0,505,525,0,1,0,2
682.0,582.0,6.0,6.0,505,525,0,0,0,2
688.0,588.0,6.0,6.0,505,535,0,1,0,2
694.0,594.0,6.0,-6.0,505,545,0,1,0,2
700.0,588.0,6.0,-6.0,505,535,0,-1,0,2
706.0,582.0,6.0,-6.0,505,545,0,1,0,2
712.0,576.0,6.0,-6.0,505,545,0,0,0,2
718.0,570.0,6.0,-6.0,505,535,0,-1,0,2
724.0,564.0,6.0,-6.0,505,525,0,-1,0,2
730.0,558.0,6.0,-6.0,505,525,0,0,0,2
736.0,552.0,6.0,-6.0,505,515,0,-1,0,2
742.0,546.0,6.0,-6.0,505,505,0,-1,0,2
748.0,540.0,6.0,-6.0,505,495,0,-1,0,2
754.0,534.0,6.0,-6.0,490,485,-1,-1,0,2
760.0,528.0,6.0,-6.0,475,475,-1,-1,0,2
766.0,522.0,6.0,-6.0,460,485,-1,1,0,2
772.0,516.0,6.0,-6.0,445,485,-1,0,0,2
778.0,510.0,6.0,-6.0,430,475,-1,-1,0,2
784.0,504.0,-6.0,-6.0,415,465,-1,-1,0,2
778.0,498.0,-6.0,-6.0,400,465,-1,0,0,2
772.0,492.0,-6.0,-6.0,385,465,-1,0,0,2
766.0,486.0,-6.0,-6.0,370,465,-1,0,0,2
760.0,480.0,-6.0,-6.0,355,465,-1,0,0,2
754.0,474.0,-6.0,-6.0,340,465,-1,0,0,2
748.0,468.0,-6.0,-6.0,340,465,0,0,0,2
742.0,462.0,-6.0,-6.0,340,465,0,0,0,2
736.0,456.0,-6.0,-6.0,340,465,0,0,0,2
730.0,450.0,-6.0,-6.0,340,465,0,0,0,2
724.0,444.0,-6.0,-6.0,340,465,0,0,0,2
718.0,438.0,-6.0,-6.0,340,465,0,0,0,2
712.0,432.0,-6.0,-6.0,340,465,0,0,0,2
706.0,426.0,-6.0,-6.0,340,465,0,0,0,2
700.0,420.0,-6.0,-6.0,340,465,0,0,0,2
694.0,414.0,-6.0,-6.0,340,465,0,0,0,2
688.0,408.0,-6.0,-6.0,340,465,0,0,0,2
682.0,402.0,-6.0,-6.0,340,465,0,0,0,2
676.0,396.0,-6.0,-6.0,340,465,0,0,0,2
670.0,390.0,-6.0,-6.0,340,465,0,0,0,2
664.0,384.0,-6.0,-6.0,340,465,0,0,0,2
658.0,378.0,-6.0,-6.0,340,465,0,0,0,2
652.0,372.0,-6.0,-6.0,340,465,0,0,0,2
646.0,366.0,-6.0,-6.0,340,465,0,0,0,2
640.0,360.0,-6.0,-6.0,340,465,0,0,0,2
634.0,354.0,-6.0,-6.0,340,465,0,0,0,2
628.0,348.0,-6.0,-6.0,340,465,0,0,0,2
622.0,342.0,-6.0,-6.0,340,465,0,0,0,2
616.0,336.0,-6.0,-6.0,340,465,0,0,0,2
610.0,330.0,-6.0,-6.0,340,465,0,0,0,2
604.0,324.0,-6.0,-6.0,340,465,0,0,0,2
598.0,318.0,-6.0,-6.0,340,465,0,0,0,2
592.0,312.0,-6.0,-6.0,340,465,0,0,0,2
586.0,306.0,-6.0,-6.0,340,465,0,0,0,2
580.0,300.0,-6.0,-6.0,340,465,0,0,0,2
574.0,294.0,-6.0,-6.0,340,465,0,0,0,2
568.0,288.0,-6.0,-6.0,340,465,0,0,0,2
562.0,282.0,-6.0,-6.0,340,465,0,0,0,2
556.0,276.0,-6.0,-6.0,340,465,0,0,0,2
550.0,270.0,-6.0,-6.0,325,465,-1,0,0,2
544.0,264.0,-6.0,-6.0,310,465,-1,0,0,2
538.0,258.0,-6.0,-6.0,295,465,-1,0,0,2
532.0,252.0,-6.0,-6.0,280,465,-1,0,0,2
526.0,246.0,-6.0,-6.0,265,465,-1,0,0,2
520.0,240.0,-6.0,-6.0,250,465,-1,0,0,2
514.0,234.0,-6.0,-6.0,235,465,-1,0,0,2
508.0,228.0,-6.0,-6.0,220,465,-1,0,0,2
502.0,222.0,-6.0,-6.0,205,465,-1,0,0,2
496.0,216.0,-6.0,-6.0,190,465,-1,0,0,2
490.0,210.0,-6.0,-6.0,175,465,-1,0,0,2
484.0,204.0,-6.0,-6.0,160,465,-1,0,0,2
478.0,198.0,-6.0,-6.0,145,465,-1,0,0,2
472.0,192.0,-6.0,-6.0,130,465,-1,0,0,2
466.0,186.0,-6.0,-6.0,115,465,-1,0,0,2
460.0,180.0,-6.0,-6.0,100,465,-1,0,0,2
454.0,174.0,-6.0,-6.0,85,465,-1,0,0,2
448.0,168.0,-6.0,-6.0,70,465,-1,0,0,2
442.0,162.0,-6.0,-6.0,55,465,-1,0,0,2
436.0,156.0,-6.0,-6.0,40,465,-1,0,0,2
430.0,150.0,-6.0,-6.0,40,465,0,0,0,2
424.0,144.0,-6.0,-6.0,40,465,0,0,0,2
418.0,138.0,-6.0,-6.0,40,465,0,0,0,2
412.0,132.0,-6.0,-6.0,40,465,0,0,0,2
406.0,126.0,-6.0,-6.0,40,465,0,0,0,2
400.0,120.0,-6.0,-6.0,40,465,0,0,0,2
394.0,114.0,-6.0,-6.0,40,465,0,0,0,2
388.0,108.0,-6.0,-6.0,40,465,0,0,0,2
382.0,102.0,-6.0,-6.0,40,465,0,0,0,2
376.0,96.0,-6.0,-6.0,40,465,0,0,0,2
370.0,90.0,-6.0,-6.0,40,465,0,0,0,2
364.0,84.0,-6.0,-6.0,40,465,0,0,0,2
358.0,78.0,-6.0,-6.0,40,465,0,0,0,2
352.0,72.0,-6.0,-6.0,40,465,0,0,0,2
346.0,66.0,-6.0,-6.0,40,465,0,0,0,2
340.0,60.0,-6.0,-6.0,40,465,0,0,0,2
334.0,54.0,-6.0,-6.0,40,465,0,0,0,2
328.0,48.0,-6.0,-6.0,40,465,0,0,0,2
322.0,42.0,-6.0,-6.0,40,465,0,0,0,2
316.0,36.0,-6.0,-6.0,40,465,0,0,0,2
310.0,30.0,-6.0,-6.0,40,465,0,0,0,2
304.0,24.0,-6.0,-6.0,40,465,0,0,0,2
298.0,18.0,-6.0,-6.0,40,465,0,0,0,2
292.0,12.0,-6.0,-6.0,40,465,0,0,0,2
286.0,6.0,-6.0,6.0,40,465,0,0,0,2
280.0,12.0,-6.0,6.0,40,465,0,0,0,2
274.0,18.0,-6.0,6.0,40,465,0,0,0,2
268.0,24.0,-6.0,6.0,40,465,0,0,0,2
262.0,30.0,-6.0,6.0,40,465,0,0,0,2
256.0,36.0,-6.0,6.0,40,465,0,0,0,2
250.0,42.0,-6.0,6.0,40,465,0,0,0,2
244.0,48.0,-6.0,6.0,40,465,0,0,0,2
238.0,54.0,-6.0,6.0,40,465,0,0,0,2
232.0,60.0,-6.0,6.0,40,465,0,0,0,2
226.0,66.0,-6.0,6.0,40,465,0,0,0,2
220.0,72.0,-6.0,6.0,40,465,0,0,0,2
214.0,78.0,-6.0,6.0,40,465,0,0,0,2
208.0,84.0,-6.0,6.0,40,465,0,0,0,2
202.0,90.0,-6.0,6.0,40,465,0,0,0,2
196.0,96.0,-6.0,6.0,40,465,0,0,0,2
190.0,102.0,-6.0,6.0,40,465,0,0,0,2
184.0,108.0,-6.0,6.0,40,465,0,0,0,2
178.0,114.0,-6.0,6.0,40,465,0,0,0,2
172.0,120.0,-6.0,6.0,40,465,0,0,0,2
166.0,126.0,-6.0,6.0,40,465,0,0,0,2
160.0,132.0,-6.0,6.0,40,465,0,0,0,2
154.0,138.0,-6.0,6.0,40,465,0,0,0,2
148.0,144.0,-6.0,6.0,40,465,0,0,0,2
142.0,150.0,-6.0,6.0,40,465,0,0,0,2
136.0,156.0,-6.0,6.0,40,465,0,0,0,2
130.0,162.0,-6.0,6.0,40,465,0,0,0,2
124.0,168.0,-6.0,6.0,40,465,0,0,0,2
118.0,174.0,-6.0,6.0,55,465,1,0,0,2
112.0,180.0,-6.0,6.0,70,465,1,0,0,2
106.0,186.0,-6.0,6.0,85,465,1,0,0,2
100.0,192.0,-6.0,6.0,100,465,1,0,0,2
94.0,198.0,-6.0,6.0,115,465,1,0,0,2
88.0,204.0,-6.0,6.0,130,465,1,0,0,2
82.0,210.0,-6.0,6.0,145,465,1,0,0,2
76.0,216.0,-6.0,6.0,160,465,1,0,0,2
70.0,222.0,-6.0,6.0,175,465,1,0,0,2
64.0,228.0,-6.0,6.0,190,465,1,0,0,2
58.0,234.0,-6.0,6.0,205,465,1,0,0,2
52.0,240.0,-6.0,6.0,220,465,1,0,0,2
46.0,246.0,-6.0,6.0,235,465,1,0,0,2
40.0,252.0,-6.0,6.0,250,465,1,0,0,2
34.0,258.0,-6.0,6.0,265,465,1,0,0,2
28.0,264.0,-6.0,6.0,280,465,1,0,0,2
22.0,270.0,-6.0,6.0,295,465,1,0,0,2
16.0,276.0,-6.0,6.0,310,465,1,0,0,2
10.0,282.0,-6.0,6.0,325,465,1,0,0,2
4.0,288.0,-6.0,6.0,340,465,1,0,0,2
400,300,6.0,6.0,355,465,1,0,0,3
406.0,306.0,6.0,6.0,355,455,0,-1,0,3
412.0,312.0,6.0,6.0,355,445,0,-1,0,3
418.0,318.0,6.0,6.0,355,435,0,-1,0,3
424.0,324.0,6.0,6.0,355,435,0,0,0,3
430.0,330.0,6.0,6.0,355,425,0,-1,0,3
436.0,336.0,6.0,6.0,355,415,0,-1,0,3
442.0,342.0,6.0,6.0,355,415,0,0,0,3
448.0,348.0,6.0,6.0,355,405,0,-1,0,3
454.0,354.0,6.0,6.0,355,395,0,-1,0,3
460.0,360.0,6.0,6.0,355,385,0,-1,0,3
466.0,366.0,6.0,6.0,355,375,0,-1,0,3
472.0,372.0,6.0,6.0,355,365,0,-1,0,3
478.0,378.0,6.0,6.0,355,355,0,-1,0,3
484.0,384.0,6.0,6.0,355,345,0,-1,0,3
490.0,390.0,6.0,6.0,355,335,0,-1,0,3
496.0,396.0,6.0,6.0,355,345,0,1,0,3
502.0,402.0,6.0,6.0,355,355,0,1,0,3
508.0,408.0,6.0,6.0,355,345,0,-1,0,3
514.0,414.0,6.0,6.0,355,345,0,0,0,3
520.0,420.0,6.0,6.0,355,355,0,1,0,3
526.0,426.0,6.0,6.0,355,365,0,1,0,3
532.0,432.0,6.0,6.0,355,375,0,1,0,3
538.0,438.0,6.0,6.0,355,385,0,1,0,3
544.0,444.0,6.0,6.0,355,395,0,1,0,3
550.0,450.0,6.0,6.0,355,385,0,-1,0,3
556.0,456.0,6.0,6.0,355,395,0,1,0,3
562.0,462.0,6.0,6.0,355,405,0,1,0,3
568.0,468.0,6.0,6.0,355,415,0,1,0,3
574.0,474.0,6.0,6.0,355,425,0,1,0,3
580.0,480.0,6.0,6.0,355,415,0,-1,0,3
586.0,486.0,6.0,6.0,355,425,0,1,0,3
592.0,492.0,6.0,6.0,355,435,0,1,0,3
598.0,498.0,6.0,6.0,355,445,0,1,0,3
604.0,504.0,6.0,6.0,355,455,0,1,0,3
610.0,510.0,6.0,6.0,355,445,0,-1,0,3
616.0,516.0,6.0,6.0,355,455,0,1,0,3
622.0,522.0,6.0,6.0,355,465,0,1,0,3
628.0,528.0,6.0,6.0,355,465,0,0,0,3
634.0,534.0,6.0,6.0,355,475,0,1,0,3
640.0,540.0,6.0,6.0,355,485,0,1,0,3
646.0,546.0,6.0,6.0,355,495,0,1,0,3
652.0,552.0,6.0,6.0,355,505,0,1,0,3
658.0,558.0,6.0,6.0,355,495,0,-1,0,3
664.0,564.0,6.0,6.0,355,505,0,1,0,3
670.0,570.0,6.0,6.0,355,515,0,1,0,3
676.0,576.0,6.0,6.0,355,525,0,1,0,3
682.0,582.0,6.0,6.0,355,535,0,1,0,3
688.0,588.0,6.0,6.0,355,525,0,-1,0,3
694.0,594.0,6.0,-6.0,355,535,0,1,0,3
700.0,588.0,6.0,-6.0,355,545,0,1,0,3
706.0,582.0,6.0,-6.0,355,535,0,-1,0,3
712.0,576.0,6.0,-6.0,340,525,-1,-1,0,3
718.0,570.0,6.0,-6.0,325,535,-1,1,0,3
724.0,564.0,6.0,-6.0,310,525,-1,-1,0,3
730.0,558.0,6.0,-6.0,295,515,-1,-1,0,3
736.0,552.0,6.0,-6.0,280,505,-1,-1,0,3
742.0,546.0,6.0,-6.0,265,495,-1,-1,0,3
748.0,540.0,6.0,-6.0,250,505,-1,1,0,3
754.0,534.0,6.0,-6.0,235,505,-1,0,0,3
760.0,528.0,6.0,-6.0,220,495,-1,-1,0,3
766.0,522.0,6.0,-6.0,205,485,-1,-1,0,3
772.0,516.0,6.0,-6.0,190,475,-1,-1,0,3
778.0,510.0,6.0,-6.0,175,465,-1,-1,0,3
784.0,504.0,-6.0,-6.0,160,455,-1,-1,0,3
778.0,498.0,-6.0,-6.0,145,455,-1,0,0,3
772.0,492.0,-6.0,-6.0,130,455,-1,0,0,3
766.0,486.0,-6.0,-6.0,115,455,-1,0,0,3
760.0,480.0,-6.0,-6.0,115,455,0,0,0,3
754.0,474.0,-6.0,-6.0,115,455,0,0,0,3
748.0,468.0,-6.0,-6.0,115,455,0,0,0,3
742.0,462.0,-6.0,-6.0,115,455,0,0,0,3
736.0,456.0,-6.0,-6.0,115,455,0,0,0,3
730.0,450.0,-6.0,-6.0,115,455,0,0,0,3
724.0,444.0,-6.0,-6.0,115,455,0,0,0,3
718.0,438.0,-6.0,-6.0,115,455,0,0,0,3
712.0,432.0,-6.0,-6.0,115,455,0,0,0,3
706.0,426.0,-6.0,-6.0,115,455,0,0,0,3
700.0,420.0,-6.0,-6.0,115,455,0,0,0,3
694.0,414.0,-6.0,-6.0,115,455,0,0,0,3
688.0,408.0,-6.0,-6.0,115,455,0,0,0,3
682.0,402.0,-6.0,-6.0,115,455,0,0,0,3
676.0,396.0,-6.0,-6.0,115,455,0,0,0,3
670.0,390.0,-6.0,-6.0,115,455,0,0,0,3
664.0,384.0,-6.0,-6.0,115,455,0,0,0,3
658.0,378.0,-6.0,-6.0,115,455,0,0,0,3
652.0,372.0,-6.0,-6.0,115,455,0,0,0,3
646.0,366.0,-6.0,-6.0,115,455,0,0,0,3
640.0,360.0,-6.0,-6.0,115,455,0,0,0,3
634.0,354.0,-6.0,-6.0,115,455,0,0,0,3
628.0,348.0,-6.0,-6.0,115,455,0,0,0,3
622.0,342.0,-6.0,-6.0,115,455,0,0,0,3
616.0,336.0,-6.0,-6.0,115,455,0,0,0,3
610.0,330.0,-6.0,-6.0,115,455,0,0,0,3
604.0,324.0,-6.0,-6.0,115,455,0,0,0,3
598.0,318.0,-6.0,-6.0,115,455,0,0,0,3
592.0,312.0,-6.0,-6.0,100,455,-1,0,0,3
586.0,306.0,-6.0,-6.0,85,455,-1,0,0,3
580.0,300.0,-6.0,-6.0,70,455,-1,0,0,3
574.0,294.0,-6.0,-6.0,55,455,-1,0,0,3
568.0,288.0,-6.0,-6.0,40,455,-1,0,0,3
562.0,282.0,-6.0,-6.0,25,455,-1,0,0,3
556.0,276.0,-6.0,-6.0,10,455,-1,0,0,3
550.0,270.0,-6.0,-6.0,-5,455,-1,0,0,3
544.0,264.0,-6.0,-6.0,-5,455,0,0,0,3
538.0,258.0,-6.0,-6.0,-5,455,0,0,0,3
532.0,252.0,-6.0,-6.0,-5,455,0,0,0,3
526.0,246.0,-6.0,-6.0,-5,455,0,0,0,3
520.0,240.0,-6.0,-6.0,-5,455,0,0,0,3
514.0,234.0,-6.0,-6.0,-5,455,0,0,0,3
508.0,228.0,-6.0,-6.0,-5,455,0,0,0,3
502.0,222.0,-6.0,-6.0,-5,455,0,0,0,3
496.0,216.0,-6.0,-6.0,-5,455,0,0,0,3
490.0,210.0,-6.0,-6.0,-5,455,0,0,0,3
484.0,204.0,-6.0,-6.0,-5,455,0,0,0,3
478.0,198.0,-6.0,-6.0,-5,455,0,0,0,3
472.0,192.0,-6.0,-6.0,-5,455,0,0,0,3
466.0,186.0,-6.0,-6.0,-5,455,0,0,0,3
460.0,180.0,-6.0,-6.0,-5,455,0,0,0,3
454.0,174.0,-6.0,-6.0,-5,455,0,0,0,3
448.0,168.0,-6.0,-6.0,-5,455,0,0,0,3
442.0,162.0,-6.0,-6.0,-5,455,0,0,0,3
436.0,156.0,-6.0,-6.0,-5,455,0,0,0,3
430.0,150.0,-6.0,-6.0,10,455,1,0,0,3
424.0,144.0,-6.0,-6.0,25,455,1,0,0,3
418.0,138.0,-6.0,-6.0,40,455,1,0,0,3
412.0,132.0,-6.0,-6.0,55,455,1,0,0,3
406.0,126.0,-6.0,-6.0,70,455,1,0,0,3
400.0,120.0,-6.0,-6.0,85,455,1,0,0,3
394.0,114.0,-6.0,-6.0,100,455,1,0,0,3
388.0,108.0,-6.0,-6.0,115,455,1,0,0,3
382.0,102.0,-6.0,-6.0,130,455,1,0,0,3
376.0,96.0,-6.0,-6.0,145,455,1,0,0,3
370.0,90.0,-6.0,-6.0,160,455,1,0,0,3
364.0,84.0,-6.0,-6.0,160,455,0,0,0,3
358.0,78.0,-6.0,-6.0,160,455,0,0,0,3
352.0,72.0,-6.0,-6.0,160,455,0,0,0,3
346.0,66.0,-6.0,-6.0,160,455,0,0,0,3
340.0,60.0,-6.0,-6.0,160,455,0,0,0,3
334.0,54.0,-6.0,-6.0,160,455,0,0,0,3
328.0,48.0,-6.0,-6.0,160,455,0,0,0,3
322.0,42.0,-6.0,-6.0,160,455,0,0,0,3
316.0,36.0,-6.0,-6.0,160,455,0,0,0,3
310.0,30.0,-6.0,-6.0,160,455,0,0,0,3
304.0,24.0,-6.0,-6.0,160,455,0,0,0,3
298.0,18.0,-6.0,-6.0,160,455,0,0,0,3
292.0,12.0,-6.0,-6.0,160,455,0,0,0,3
286.0,6.0,-6.0,6.0,160,455,0,0,0,3
280.0,12.0,-6.0,6.0,160,455,0,0,0,3
274.0,18.0,-6.0,6.0,160,455,0,0,0,3
268.0,24.0,-6.0,6.0,160,455,0,0,0,3
262.0,30.0,-6.0,6.0,160,455,0,0,0,3
256.0,36.0,-6.0,6.0,160,455,0,0,0,3
250.0,42.0,-6.0,6.0,160,455,0,0,0,3
244.0,48.0,-6.0,6.0,160,455,0,0,0,3
238.0,54.0,-6.0,6.0,160,455,0,0,0,3
232.0,60.0,-6.0,6.0,160,455,0,0,0,3
226.0,66.0,-6.0,6.0,160,455,0,0,0,3
220.0,72.0,-6.0,6.0,160,455,0,0,0,3
214.0,78.0,-6.0,6.0,160,455,0,0,0,3
208.0,84.0,-6.0,6.0,160,455,0,0,0,3
202.0,90.0,-6.0,6.0,160,455,0,0,0,3
196.0,96.0,-6.0,6.0,160,455,0,0,0,3
190.0,102.0,-6.0,6.0,160,455,0,0,0,3
184.0,108.0,-6.0,6.0,160,455,0,0,0,3
178.0,114.0,-6.0,6.0,160,455,0,0,0,3
172.0,120.0,-6.0,6.0,160,455,0,0,0,3
166.0,126.0,-6.0,6.0,160,455,0,0,0,3
160.0,132.0,-6.0,6.0,160,455,0,0,0,3
154.0,138.0,-6.0,6.0,160,455,0,0,0,3
148.0,144.0,-6.0,6.0,160,455,0,0,0,3
142.0,150.0,-6.0,6.0,160,455,0,0,0,3
136.0,156.0,-6.0,6.0,160,455,0,0,0,3
130.0,162.0,-6.0,6.0,160,455,0,0,0,3
124.0,168.0,-6.0,6.0,160,455,0,0,0,3
118.0,174.0,-6.0,6.0,160,455,0,0,0,3
112.0,180.0,-6.0,6.0,160,455,0,0,0,3
106.0,186.0,-6.0,6.0,160,455,0,0,0,3
100.0,192.0,-6.0,6.0,160,455,0,0,0,3
94.0,198.0,-6.0,6.0,160,455,0,0,0,3
88.0,204.0,-6.0,6.0,160,455,0,0,0,3
82.0,210.0,-6.0,6.0,160,455,0,0,0,3
76.0,216.0,-6.0,6.0,175,455,1,0,0,3
70.0,222.0,-6.0,6.0,190,455,1,0,0,3
64.0,228.0,-6.0,6.0,205,455,1,0,0,3
58.0,234.0,-6.0,6.0,220,455,1,0,0,3
52.0,240.0,-6.0,6.0,235,455,1,0,0,3
46.0,246.0,-6.0,6.0,250,455,1,0,0,3
40.0,252.0,-6.0,6.0,265,455,1,0,0,3
34.0,258.0,-6.0,6.0,280,455,1,0,0,3
28.0,264.0,-6.0,6.0,295,455,1,0,0,3
22.0,270.0,-6.0,6.0,295,455,0,0,0,3
16.0,276.0,-6.0,6.0,295,455,0,0,0,3
10.0,282.0,-6.0,6.0,295,455,0,0,0,3
4.0,288.0,-6.0,6.0,295,455,0,0,0,3
400,300,6.0,6.0,295,455,0,0,0,4
406.0,306.0,6.0,6.0,295,445,0,-1,0,4
412.0,312.0,6.0,6.0,295,435,0,-1,0,4
418.0,318.0,6.0,6.0,295,425,0,-1,0,4
424.0,324.0,6.0,6.0,295,415,0,-1,0,4
430.0,330.0,6.0,6.0,295,405,0,-1,0,4
436.0,336.0,6.0,6.0,295,395,0,-1,0,4
442.0,342.0,6.0,6.0,295,385,0,-1,0,4
448.0,348.0,6.0,6.0,295,375,0,-1,0,4
454.0,354.0,6.0,6.0,295,365,0,-1,0,4
460.0,360.0,6.0,6.0,295,355,0,-1,0,4
466.0,366.0,6.0,6.0,295,345,0,-1,0,4
472.0,372.0,6.0,6.0,295,335,0,-1,0,4
478.0,378.0,6.0,6.0,295,325,0,-1,0,4
484.0,384.0,6.0,6.0,295,335,0,1,0,4
490.0,390.0,6.0,6.0,295,325,0,-1,0,4
496.0,396.0,6.0,6.0,295,335,0,1,0,4
502.0,402.0,6.0,6.0,295,345,0,1,0,4
508.0,408.0,6.0,6.0,295,345,0,0,0,4
514.0,414.0,6.0,6.0,295,355,0,1,0,4
520.0,420.0,6.0,6.0,295,355,0,0,0,4
526.0,426.0,6.0,6.0,295,365,0,1,0,4
532.0,432.0,6.0,6.0,295,375,0,1,0,4
538.0,438.0,6.0,6.0,295,385,0,1,0,4
544.0,444.0,6.0,6.0,295,395,0,1,0,4
550.0,450.0,6.0,6.0,295,385,0,-1,0,4
556.0,456.0,6.0,6.0,295,395,0,1,0,4
562.0,462.0,6.0,6.0,295,405,0,1,0,4
568.0,468.0,6.0,6.0,295,415,0,1,0,4
574.0,474.0,6.0,6.0,295,425,0,1,0,4
580.0,480.0,6.0,6.0,295,415,0,-1,0,4
586.0,486.0,6.0,6.0,295,425,0,1,0,4
592.0,492.0,6.0,6.0,295,435,0,1,0,4
598.0,498.0,6.0,6.0,295,445,0,1,0,4
604.0,504.0,6.0,6.0,295,445,0,0,0,4
610.0,510.0,6.0,6.0,295,455,0,1,0,4
616.0,516.0,6.0,6.0,295,465,0,1,0,4
622.0,522.0,6.0,6.0,295,475,0,1,0,4
628.0,528.0,6.0,6.0,295,465,0,-1,0,4
634.0,534.0,6.0,6.0,295,475,0,1,0,4
640.0,540.0,6.0,6.0,295,485,0,1,0,4
646.0,546.0,6.0,6.0,295,485,0,0,0,4
652.0,552.0,6.0,6.0,295,495,0,1,0,4
658.0,558.0,6.0,6.0,295,505,0,1,0,4
664.0,564.0,6.0,6.0,295,505,0,0,0,4
670.0,570.0,6.0,6.0,295,505,0,0,0,4
676.0,576.0,6.0,6.0,295,515,0,1,0,4
682.0,582.0,6.0,6.0,295,525,0,1,0,4
688.0,588.0,6.0,6.0,295,525,0,0,0,4
694.0,594.0,6.0,-6.0,295,535,0,1,0,4
700.0,588.0,6.0,-6.0,295,545,0,1,0,4
706.0,582.0,6.0,-6.0,295,545,0,0,0,4
712.0,576.0,6.0,-6.0,280,535,-1,-1,0,4
718.0,570.0,6.0,-6.0,265,525,-1,-1,0,4
724.0,564.0,6.0,-6.0,250,525,-1,0,0,4
730.0,558.0,6.0,-6.0,235,515,-1,-1,0,4
736.0,552.0,6.0,-6.0,220,505,-1,-1,0,4
742.0,546.0,6.0,-6.0,205,495,-1,-1,0,4
748.0,540.0,6.0,-6.0,190,505,-1,1,0,4
754.0,534.0,6.0,-6.0,175,495,-1,-1,0,4
760.0,528.0,6.0,-6.0,160,485,-1,-1,0,4
766.0,522.0,6.0,-6.0,145,475,-1,-1,0,4
772.0,516.0,6.0,-6.0,130,465,-1,-1,0,4
778.0,510.0,6.0,-6.0,115,475,-1,1,0,4
784.0,504.0,-6.0,-6.0,115,465,0,-1,0,4
778.0,498.0,-6.0,-6.0,115,465,0,0,0,4
772.0,492.0,-6.0,-6.0,115,465,0,0,0,4
766.0,486.0,-6.0,-6.0,115,465,0,0,0,4
760.0,480.0,-6.0,-6.0,115,465,0,0,0,4
754.0,474.0,-6.0,-6.0,115,465,0,0,0,4
748.0,468.0,-6.0,-6.0,115,465,0,0,0,4
742.0,462.0,-6.0,-6.0,115,465,0,0,0,4
736.0,456.0,-6.0,-6.0,115,465,0,0,0,4
730.0,450.0,-6.0,-6.0,115,465,0,0,0,4
724.0,444.0,-6.0,-6.0,115,465,0,0,0,4
718.0,438.0,-6.0,-6.0,115,465,0,0,0,4
712.0,432.0,-6.0,-6.0,115,465,0,0,0,4
706.0,426.0,-6.0,-6.0,115,465,0,0,0,4
700.0,420.0,-6.0,-6.0,115,465,0,0,0,4
694.0,414.0,-6.0,-6.0,115,465,0,0,0,4
688.0,408.0,-6.0,-6.0,115,465,0,0,0,4
682.0,402.0,-6.0,-6.0,115,465,0,0,0,4
676.0,396.0,-6.0,-6.0,115,465,0,0,0,4
670.0,390.0,-6.0,-6.0,115,465,0,0,0,4
664.0,384.0,-6.0,-6.0,115,465,0,0,0,4
658.0,378.0,-6.0,-6.0,115,465,0,0,0,4
652.0,372.0,-6.0,-6.0,115,465,0,0,0,4
646.0,366.0,-6.0,-6.0,115,465,0,0,0,4
640.0,360.0,-6.0,-6.0,115,465,0,0,0,4
634.0,354.0,-6.0,-6.0,115,465,0,0,0,4
628.0,348.0,-6.0,-6.0,115,465,0,0,0,4
622.0,342.0,-6.0,-6.0,115,465,0,0,0,4
616.0,336.0,-6.0,-6.0,115,465,0,0,0,4
610.0,330.0,-6.0,-6.0,115,465,0,0,0,4
604.0,324.0,-6.0,-6.0,115,465,0,0,0,4
598.0,318.0,-6.0,-6.0,115,465,0,0,0,4
592.0,312.0,-6.0,-6.0,115,465,0,0,0,4
586.0,306.0,-6.0,-6.0,115,465,0,0,0,4
580.0,300.0,-6.0,-6.0,115,465,0,0,0,4
574.0,294.0,-6.0,-6.0,115,465,0,0,0,4
568.0,288.0,-6.0,-6.0,115,465,0,0,0,4
562.0,282.0,-6.0,-6.0,115,465,0,0,0,4
556.0,276.0,-6.0,-6.0,115,465,0,0,0,4
550.0,270.0,-6.0,-6.0,115,465,0,0,0,4
544.0,264.0,-6.0,-6.0,115,465,0,0,0,4
538.0,258.0,-6.0,-6.0,115,465,0,0,0,4
532.0,252.0,-6.0,-6.0,115,465,0,0,0,4
526.0,246.0,-6.0,-6.0,115,465,0,0,0,4
520.0,240.0,-6.0,-6.0,115,465,0,0,0,4
514.0,234.0,-6.0,-6.0,115,465,0,0,0,4
508.0,228.0,-6.0,-6.0,115,465,0,0,0,4
502.0,222.0,-6.0,-6.0,115,465,0,0,0,4
496.0,216.0,-6.0,-6.0,100,465,-1,0,0,4
490.0,210.0,-6.0,-6.0,85,465,-1,0,0,4
484.0,204.0,-6.0,-6.0,70,465,-1,0,0,4
478.0,198.0,-6.0,-6.0,55,465,-1,0,0,4
472.0,192.0,-6.0,-6.0,40,465,-1,0,0,4
466.0,186.0,-6.0,-6.0,25,465,-1,0,0,4
460.0,180.0,-6.0,-6.0,10,465,-1,0,0,4
454.0,174.0,-6.0,-6.0,-5,465,-1,0,0,4
448.0,168.0,-6.0,-6.0,-5,465,0,0,0,4
442.0,162.0,-6.0,-6.0,-5,465,0,0,0,4
436.0,156.0,-6.0,-6.0,-5,465,0,0,0,4
430.0,150.0,-6.0,-6.0,-5,465,0,0,0,4
424.0,144.0,-6.0,-6.0,-5,465,0,0,0,4
418.0,138.0,-6.0,-6.0,-5,465,0,0,0,4
412.0,132.0,-6.0,-6.0,-5,465,0,0,0,4
406.0,126.0,-6.0,-6.0,-5,465,0,0,0,4
400.0,120.0,-6.0,-6.0,-5,465,0,0,0,4
394.0,114.0,-6.0,-6.0,-5,465,0,0,0,4
388.0,108.0,-6.0,-6.0,-5,465,0,0,0,4
382.0,102.0,-6.0,-6.0,-5,465,0,0,0,4
376.0,96.0,-6.0,-6.0,-5,465,0,0,0,4
370.0,90.0,-6.0,-6.0,-5,465,0,0,0,4
364.0,84.0,-6.0,-6.0,-5,465,0,0,0,4
358.0,78.0,-6.0,-6.0,-5,465,0,0,0,4
352.0,72.0,-6.0,-6.0,-5,465,0,0,0,4
346.0,66.0,-6.0,-6.0,-5,465,0,0,0,4
340.0,60.0,-6.0,-6.0,-5,465,0,0,0,4
334.0,54.0,-6.0,-6.0,-5,465,0,0,0,4
328.0,48.0,-6.0,-6.0,-5,465,0,0,0,4
322.0,42.0,-6.0,-6.0,-5,465,0,0,0,4
316.0,36.0,-6.0,-6.0,-5,465,0,0,0,4
310.0,30.0,-6.0,-6.0,-5,465,0,0,0,4
304.0,24.0,-6.0,-6.0,-5,465,0,0,0,4
298.0,18.0,-6.0,-6.0,-5,465,0,0,0,4
292.0,12.0,-6.0,-6.0,-5,465,0,0,0,4
286.0,6.0,-6.0,6.0,-5,465,0,0,0,4
280.0,12.0,-6.0,6.0,-5,465,0,0,0,4
274.0,18.0,-6.0,6.0,-5,465,0,0,0,4
268.0,24.0,-6.0,6.0,-5,465,0,0,0,4
262.0,30.0,-6.0,6.0,10,465,1,0,0,4
256.0,36.0,-6.0,6.0,25,465,1,0,0,4
250.0,42.0,-6.0,6.0,40,465,1,0,0,4
244.0,48.0,-6.0,6.0,55,465,1,0,0,4
238.0,54.0,-6.0,6.0,70,465,1,0,0,4
232.0,60.0,-6.0,6.0,85,465,1,0,0,4
226.0,66.0,-6.0,6.0,100,465,1,0,0,4
220.0,72.0,-6.0,6.0,100,465,0,0,0,4
214.0,78.0,-6.0,6.0,100,465,0,0,0,4
208.0,84.0,-6.0,6.0,100,465,0,0,0,4
202.0,90.0,-6.0,6.0,100,465,0,0,0,4
196.0,96.0,-6.0,6.0,100,465,0,0,0,4
190.0,102.0,-6.0,6.0,100,465,0,0,0,4
184.0,108.0,-6.0,6.0,100,465,0,0,0,4
178.0,114.0,-6.0,6.0,100,465,0,0,0,4
172.0,120.0,-6.0,6.0,100,465,0,0,0,4
166.0,126.0,-6.0,6.0,100,465,0,0,0,4
160.0,132.0,-6.0,6.0,100,465,0,0,0,4
154.0,138.0,-6.0,6.0,100,465,0,0,0,4
148.0,144.0,-6.0,6.0,100,465,0,0,0,4
142.0,150.0,-6.0,6.0,100,465,0,0,0,4
136.0,156.0,-6.0,6.0,100,465,0,0,0,4
130.0,162.0,-6.0,6.0,100,465,0,0,0,4
124.0,168.0,-6.0,6.0,100,465,0,0,0,4
118.0,174.0,-6.0,6.0,100,465,0,0,0,4
112.0,180.0,-6.0,6.0,100,465,0,0,0,4
106.0,186.0,-6.0,6.0,100,465,0,0,0,4
100.0,192.0,-6.0,6.0,100,465,0,0,0,4
94.0,198.0,-6.0,6.0,100,465,0,0,0,4
88.0,204.0,-6.0,6.0,100,465,0,0,0,4
82.0,210.0,-6.0,6.0,100,465,0,0,0,4
76.0,216.0,-6.0,6.0,100,465,0,0,0,4
70.0,222.0,-6.0,6.0,115,465,1,0,0,4
64.0,228.0,-6.0,6.0,130,465,1,0,0,4
58.0,234.0,-6.0,6.0,145,465,1,0,0,4
52.0,240.0,-6.0,6.0,160,465,1,0,0,4
46.0,246.0,-6.0,6.0,175,465,1,0,0,4
40.0,252.0,-6.0,6.0,190,465,1,0,0,4
34.0,258.0,-6.0,6.0,205,465,1,0,0,4
28.0,264.0,-6.0,6.0,220,465,1,0,0,4
22.0,270.0,-6.0,6.0,235,465,1,0,0,4
16.0,276.0,6.0,6.0,250,465,1,0,0,4
22.0,282.0,6.0,6.0,265,455,1,-1,0,4
28.0,288.0,6.0,6.0,280,445,1,-1,0,4
34.0,294.0,6.0,6.0,295,435,1,-1,0,4
40.0,300.0,6.0,6.0,310,435,1,0,0,4
46.0,306.0,6.0,6.0,325,435,1,0,0,4
52.0,312.0,6.0,6.0,340,425,1,-1,0,4
58.0,318.0,6.0,6.0,355,415,1,-1,0,4
64.0,324.0,6.0,6.0,370,405,1,-1,0,4
70.0,330.0,6.0,6.0,370,395,0,-1,0,4
76.0,336.0,6.0,6.0,370,385,0,-1,0,4
82.0,342.0,6.0,6.0,370,385,0,0,0,4
88.0,348.0,6.0,6.0,370,375,0,-1,0,4
94.0,354.0,6.0,6.0,370,365,0,-1,0,4
100.0,360.0,6.0,6.0,370,355,0,-1,0,4
106.0,366.0,6.0,6.0,370,345,0,-1,0,4
112.0,372.0,6.0,6.0,370,335,0,-1,0,4
118.0,378.0,6.0,6.0,370,325,0,-1,0,4
124.0,384.0,6.0,6.0,370,335,0,1,0,4
130.0,390.0,6.0,6.0,370,325,0,-1,0,4
136.0,396.0,6.0,6.0,370,335,0,1,0,4
142.0,402.0,6.0,6.0,370,345,0,1,0,4
148.0,408.0,6.0,6.0,370,355,0,1,0,4
154.0,414.0,6.0,6.0,370,365,0,1,0,4
160.0,420.0,6.0,6.0,370,355,0,-1,0,4
166.0,426.0,6.0,6.0,370,355,0,0,0,4
172.0,432.0,6.0,6.0,370,365,0,1,0,4
178.0,438.0,6.0,6.0,370,375,0,1,0,4
184.0,444.0,6.0,6.0,370,385,0,1,0,4
190.0,450.0,6.0,6.0,370,395,0,1,0,4
196.0,456.0,6.0,6.0,370,405,0,1,0,4
202.0,462.0,6.0,6.0,370,415,0,1,0,4
208.0,468.0,6.0,6.0,370,405,0,-1,0,4
214.0,474.0,6.0,6.0,370,415,0,1,0,4
220.0,480.0,6.0,6.0,370,425,0,1,0,4
226.0,486.0,6.0,6.0,370,425,0,0,0,4
232.0,492.0,6.0,6.0,370,435,0,1,0,4
238.0,498.0,6.0,6.0,370,445,0,1,0,4
244.0,504.0,6.0,6.0,370,455,0,1,0,4
250.0,510.0,6.0,6.0,370,455,0,0,0,4
256.0,516.0,6.0,6.0,370,465,0,1,0,4
262.0,522.0,6.0,6.0,370,475,0,1,0,4
268.0,528.0,6.0,6.0,370,475,0,0,0,4
274.0,534.0,6.0,6.0,370,485,0,1,0,4
280.0,540.0,6.0,6.0,370,475,0,-1,0,4
286.0,546.0,6.0,6.0,370,485,0,1,0,4
292.0,552.0,6.0,6.0,370,495,0,1,0,4
298.0,558.0,6.0,6.0,370,505,0,1,0,4
304.0,564.0,6.0,6.0,370,515,0,1,0,4
310.0,570.0,6.0,6.0,370,505,0,-1,0,4
316.0,576.0,6.0,6.0,370,515,0,1,0,4
322.0,582.0,6.0,6.0,370,515,0,0,0,4
328.0,588.0,6.0,6.0,370,525,0,1,0,4
334.0,594.0,6.0,-6.0,370,535,0,1,0,4
340.0,588.0,6.0,-6.0,370,545,0,1,0,4
346.0,582.0,6.0,-6.0,370,535,0,-1,0,4
352.0,576.0,6.0,-6.0,370,525,0,-1,0,4
358.0,570.0,6.0,-6.0,370,535,0,1,0,4
364.0,564.0,6.0,-6.0,370,525,0,-1,0,4
370.0,558.0,6.0,-6.0,370,515,0,-1,0,4
376.0,552.0,6.0,-6.0,370,505,0,-1,0,4
382.0,546.0,6.0,-6.0,370,495,0,-1,0,4
388.0,540.0,6.0,-6.0,370,505,0,1,0,4
394.0,534.0,6.0,-6.0,370,495,0,-1,0,4
400.0,528.0,6.0,-6.0,370,485,0,-1,0,4
406.0,522.0,6.0,-6.0,370,475,0,-1,0,4
412.0,516.0,6.0,-6.0,370,465,0,-1,0,4
418.0,510.0,6.0,-6.0,370,465,0,0,0,4
424.0,504.0,6.0,-6.0,370,455,0,-1,0,4
430.0,498.0,6.0,-6.0,370,445,0,-1,0,4
436.0,492.0,6.0,-6.0,370,455,0,1,0,4
442.0,486.0,6.0,-6.0,370,445,0,-1,0,4
448.0,480.0,6.0,-6.0,370,435,0,-1,0,4
454.0,474.0,6.0,-6.0,370,425,0,-1,0,4
460.0,468.0,6.0,-6.0,370,415,0,-1,0,4
466.0,462.0,6.0,-6.0,370,425,0,1,0,4
472.0,456.0,6.0,-6.0,370,425,0,0,0,4
478.0,450.0,6.0,-6.0,370,425,0,0,0,4
484.0,444.0,6.0,-6.0,370,415,0,-1,0,4
490.0,438.0,6.0,-6.0,370,405,0,-1,0,4
496.0,432.0,6.0,-6.0,370,395,0,-1,0,4
502.0,426.0,6.0,-6.0,370,385,0,-1,0,4
508.0,420.0,6.0,-6.0,370,375,0,-1,0,4
514.0,414.0,6.0,-6.0,370,365,0,-1,0,4
520.0,408.0,6.0,-6.0,370,355,0,-1,0,4
526.0,402.0,6.0,-6.0,370,365,0,1,0,4
532.0,396.0,6.0,-6.0,370,355,0,-1,0,4
538.0,390.0,6.0,-6.0,370,345,0,-1,0,4
544.0,384.0,6.0,-6.0,370,335,0,-1,0,4
550.0,378.0,6.0,-6.0,370,325,0,-1,0,4
556.0,372.0,6.0,-6.0,370,335,0,1,0,4
562.0,366.0,6.0,-6.0,370,325,0,-1,0,4
568.0,360.0,6.0,-6.0,370,315,0,-1,0,4
574.0,354.0,6.0,-6.0,370,305,0,-1,0,4
580.0,348.0,6.0,-6.0,370,295,0,-1,0,4
586.0,342.0,6.0,-6.0,370,305,0,1,0,4
592.0,336.0,6.0,-6.0,370,295,0,-1,0,4
598.0,330.0,6.0,-6.0,370,285,0,-1,0,4
604.0,324.0,6.0,-6.0,370,275,0,-1,0,4
610.0,318.0,6.0,-6.0,370,265,0,-1,0,4
616.0,312.0,6.0,-6.0,370,275,0,1,0,4
622.0,306.0,6.0,-6.0,370,265,0,-1,0,4
628.0,300.0,6.0,-6.0,370,255,0,-1,0,4
634.0,294.0,6.0,-6.0,370,245,0,-1,0,4
640.0,288.0,6.0,-6.0,370,245,0,0,0,4
646.0,282.0,6.0,-6.0,370,245,0,0,0,4
652.0,276.0,6.0,-6.0,370,235,0,-1,0,4
658.0,270.0,6.0,-6.0,370,225,0,-1,0,4
664.0,264.0,6.0,-6.0,370,215,0,-1,0,4
670.0,258.0,6.0,-6.0,370,205,0,-1,0,4
676.0,252.0,6.0,-6.0,370,215,0,1,0,4
682.0,246.0,6.0,-6.0,370,205,0,-1,0,4
688.0,240.0,6.0,-6.0,370,195,0,-1,0,4
694.0,234.0,6.0,-6.0,370,185,0,-1,0,4
700.0,228.0,6.0,-6.0,370,175,0,-1,0,4
706.0,222.0,6.0,-6.0,370,185,0,1,0,4
712.0,216.0,6.0,-6.0,370,175,0,-1,0,4
718.0,210.0,6.0,-6.0,370,165,0,-1,0,4
724.0,204.0,6.0,-6.0,370,155,0,-1,0,4
730.0,198.0,6.0,-6.0,370,145,0,-1,0,4
736.0,192.0,6.0,-6.0,370,155,0,1,0,4
742.0,186.0,6.0,-6.0,370,145,0,-1,0,4
748.0,180.0,6.0,-6.0,370,135,0,-1,0,4
754.0,174.0,6.0,-6.0,370,125,0,-1,0,4
760.0,168.0,6.0,-6.0,370,115,0,-1,0,4
766.0,162.0,6.0,-6.0,370,125,0,1,0,4
772.0,156.0,6.0,-6.0,370,115,0,-1,0,4
778.0,150.0,6.0,-6.0,370,105,0,-1,0,4
784.0,144.0,-6.0,-6.0,370,95,0,-1,0,4
778.0,138.0,-6.0,-6.0,370,95,0,0,0,4
772.0,132.0,-6.0,-6.0,370,95,0,0,0,4
766.0,126.0,-6.0,-6.0,370,95,0,0,0,4
760.0,120.0,-6.0,-6.0,370,95,0,0,0,4
754.0,114.0,-6.0,-6.0,370,95,0,0,0,4
748.0,108.0,-6.0,-6.0,370,95,0,0,0,4
742.0,102.0,-6.0,-6.0,370,95,0,0,0,4
736.0,96.0,-6.0,-6.0,370,95,0,0,0,4
730.0,90.0,-6.0,-6.0,370,95,0,0,0,4
724.0,84.0,-6.0,-6.0,370,95,0,0,0,4
718.0,78.0,-6.0,-6.0,370,95,0,0,0,4
712.0,72.0,-6.0,-6.0,370,95,0,0,0,4
706.0,66.0,-6.0,-6.0,370,95,0,0,0,4
700.0,60.0,-6.0,-6.0,370,95,0,0,0,4
694.0,54.0,-6.0,-6.0,370,95,0,0,0,4
688.0,48.0,-6.0,-6.0,370,95,0,0,0,4
682.0,42.0,-6.0,-6.0,370,95,0,0,0,4
676.0,36.0,-6.0,-6.0,370,95,0,0,0,4
670.0,30.0,-6.0,-6.0,370,95,0,0,0,4
664.0,24.0,-6.0,-6.0,370,95,0,0,0,4
658.0,18.0,-6.0,-6.0,370,95,0,0,0,4
652.0,12.0,-6.0,-6.0,370,95,0,0,0,4
646.0,6.0,-6.0,6.0,370,95,0,0,0,4
640.0,12.0,-6.0,6.0,370,95,0,0,0,4
634.0,18.0,-6.0,6.0,370,95,0,0,0,4
628.0,24.0,-6.0,6.0,370,95,0,0,0,4
622.0,30.0,-6.0,6.0,370,95,0,0,0,4
616.0,36.0,-6.0,6.0,370,95,0,0,0,4
610.0,42.0,-6.0,6.0,370,95,0,0,0,4
604.0,48.0,-6.0,6.0,370,95,0,0,0,4
598.0,54.0,-6.0,6.0,370,95,0,0,0,4
592.0,60.0,-6.0,6.0,370,95,0,0,0,4
586.0,66.0,-6.0,6.0,370,95,0,0,0,4
580.0,72.0,-6.0,6.0,355,95,-1,0,0,4
574.0,78.0,-6.0,6.0,340,95,-1,0,0,4
568.0,84.0,-6.0,6.0,325,95,-1,0,0,4
562.0,90.0,-6.0,6.0,310,95,-1,0,0,4
556.0,96.0,-6.0,6.0,295,95,-1,0,0,4
550.0,102.0,-6.0,6.0,280,95,-1,0,0,4
544.0,108.0,-6.0,6.0,265,95,-1,0,0,4
538.0,114.0,-6.0,6.0,250,95,-1,0,0,4
532.0,120.0,-6.0,6.0,235,95,-1,0,0,4
526.0,126.0,-6.0,6.0,220,95,-1,0,0,4
520.0,132.0,-6.0,6.0,205,95,-1,0,0,4
514.0,138.0,-6.0,6.0,190,95,-1,0,0,4
508.0,144.0,-6.0,6.0,175,95,-1,0,0,4
502.0,150.0,-6.0,6.0,160,95,-1,0,0,4
496.0,156.0,-6.0,6.0,145,95,-1,0,0,4
490.0,162.0,-6.0,6.0,130,95,-1,0,0,4
484.0,168.0,-6.0,6.0,130,95,0,0,0,4
478.0,174.0,-6.0,6.0,130,95,0,0,0,4
472.0,180.0,-6.0,6.0,130,95,0,0,0,4
466.0,186.0,-6.0,6.0,130,95,0,0,0,4
460.0,192.0,-6.0,6.0,130,95,0,0,0,4
454.0,198.0,-6.0,6.0,130,95,0,0,0,4
448.0,204.0,-6.0,6.0,130,95,0,0,0,4
442.0,210.0,-6.0,6.0,130,95,0,0,0,4
436.0,216.0,-6.0,6.0,130,95,0,0,0,4
430.0,222.0,-6.0,6.0,130,95,0,0,0,4
424.0,228.0,-6.0,6.0,130,95,0,0,0,4
418.0,234.0,-6.0,6.0,130,95,0,0,0,4
412.0,240.0,-6.0,6.0,130,95,0,0,0,4
406.0,246.0,-6.0,6.0,130,95,0,0,0,4
400.0,252.0,-6.0,6.0,130,95,0,0,0,4
394.0,258.0,-6.0,6.0,130,95,0,0,0,4
388.0,264.0,-6.0,6.0,130,95,0,0,0,4
382.0,270.0,-6.0,6.0,145,95,1,0,0,4
376.0,276.0,-6.0,6.0,160,95,1,0,0,4
370.0,282.0,-6.0,6.0,175,95,1,0,0,4
364.0,288.0,-6.0,6.0,190,95,1,0,0,4
358.0,294.0,-6.0,6.0,205,95,1,0,0,4
352.0,300.0,-6.0,6.0,220,95,1,0,0,4
346.0,306.0,-6.0,6.0,235,95,1,0,0,4
340.0,312.0,-6.0,6.0,250,95,1,0,0,4
334.0,318.0,-6.0,6.0,265,95,1,0,0,4
328.0,324.0,-6.0,6.0,280,95,1,0,0,4
322.0,330.0,-6.0,6.0,295,95,1,0,0,4
316.0,336.0,-6.0,6.0,310,95,1,0,0,4
310.0,342.0,-6.0,6.0,325,95,1,0,0,4
304.0,348.0,-6.0,6.0,340,95,1,0,0,4
298.0,354.0,-6.0,6.0,355,95,1,0,0,4
292.0,360.0,-6.0,6.0,370,95,1,0,0,4
286.0,366.0,-6.0,6.0,385,95,1,0,0,4
280.0,372.0,-6.0,6.0,400,95,1,0,0,4
274.0,378.0,-6.0,6.0,415,95,1,0,0,4
268.0,384.0,-6.0,6.0,430,95,1,0,0,4
262.0,390.0,-6.0,6.0,445,95,1,0,0,4
256.0,396.0,-6.0,6.0,460,95,1,0,0,4
250.0,402.0,-6.0,6.0,460,95,0,0,0,4
244.0,408.0,-6.0,6.0,460,95,0,0,0,4
238.0,414.0,-6.0,6.0,460,95,0,0,0,4
232.0,420.0,-6.0,6.0,460,95,0,0,0,4
226.0,426.0,-6.0,6.0,460,95,0,0,0,4
220.0,432.0,-6.0,6.0,460,95,0,0,0,4
214.0,438.0,-6.0,6.0,460,95,0,0,0,4
208.0,444.0,-6.0,6.0,460,95,0,0,0,4
202.0,450.0,-6.0,6.0,460,95,0,0,0,4
196.0,456.0,-6.0,6.0,460,95,0,0,0,4
190.0,462.0,-6.0,6.0,460,95,0,0,0,4
184.0,468.0,-6.0,6.0,460,95,0,0,0,4
178.0,474.0,-6.0,6.0,460,95,0,0,0,4
172.0,480.0,-6.0,6.0,460,95,0,0,0,4
166.0,486.0,-6.0,6.0,460,95,0,0,0,4
160.0,492.0,-6.0,6.0,460,95,0,0,0,4
154.0,498.0,-6.0,6.0,460,95,0,0,0,4
148.0,504.0,-6.0,6.0,460,95,0,0,0,4
142.0,510.0,-6.0,6.0,460,95,0,0,0,4
136.0,516.0,-6.0,6.0,460,95,0,0,0,4
130.0,522.0,-6.0,6.0,460,95,0,0,0,4
124.0,528.0,-6.0,6.0,460,95,0,0,0,4
118.0,534.0,-6.0,6.0,475,95,1,0,0,4
112.0,540.0,-6.0,6.0,490,95,1,0,0,4
106.0,546.0,-6.0,6.0,505,95,1,0,0,4
100.0,552.0,-6.0,6.0,505,95,0,0,0,4
94.0,558.0,-6.0,6.0,505,95,0,0,0,4
88.0,564.0,-6.0,6.0,505,95,0,0,0,4
82.0,570.0,-6.0,6.0,505,95,0,0,0,4
76.0,576.0,-6.0,6.0,505,95,0,0,0,4
70.0,582.0,-6.0,6.0,505,95,0,0,0,4
64.0,588.0,-6.0,6.0,505,95,0,0,0,4
58.0,594.0,-6.0,-6.0,505,95,0,0,0,4
52.0,588.0,-6.0,-6.0,505,95,0,0,0,4
46.0,582.0,-6.0,-6.0,505,95,0,0,0,4
40.0,576.0,-6.0,-6.0,505,95,0,0,0,4
34.0,570.0,-6.0,-6.0,505,95,0,0,0,4
28.0,564.0,-6.0,-6.0,505,95,0,0,0,4
22.0,558.0,-6.0,-6.0,505,95,0,0,0,4
16.0,552.0,6.0,-6.0,505,95,0,0,0,4
22.0,546.0,6.0,-6.0,505,95,0,0,0,4
28.0,540.0,6.0,-6.0,505,105,0,1,0,4
34.0,534.0,6.0,-6.0,505,115,0,1,0,4
40.0,528.0,6.0,-6.0,505,125,0,1,0,4
46.0,522.0,6.0,-6.0,505,135,0,1,0,4
52.0,516.0,6.0,-6.0,505,145,0,1,0,4
58.0,510.0,6.0,-6.0,505,155,0,1,0,4
64.0,504.0,6.0,-6.0,505,155,0,0,0,4
70.0,498.0,6.0,-6.0,505,155,0,0,0,4
76.0,492.0,6.0,-6.0,505,165,0,1,0,4
82.0,486.0,6.0,-6.0,505,165,0,0,0,4
88.0,480.0,6.0,-6.0,505,175,0,1,0,4
94.0,474.0,6.0,-6.0,505,185,0,1,0,4
100.0,468.0,6.0,-6.0,505,195,0,1,0,4
106.0,462.0,6.0,-6.0,505,205,0,1,0,4
112.0,456.0,6.0,-6.0,505,215,0,1,0,4
118.0,450.0,6.0,-6.0,505,225,0,1,0,4
124.0,444.0,6.0,-6.0,505,235,0,1,0,4
130.0,438.0,6.0,-6.0,505,245,0,1,0,4
136.0,432.0,6.0,-6.0,505,255,0,1,0,4
142.0,426.0,6.0,-6.0,505,265,0,1,0,4
148.0,420.0,6.0,-6.0,505,265,0,0,0,4
154.0,414.0,6.0,-6.0,505,275,0,1,0,4
160.0,408.0,6.0,-6.0,505,285,0,1,0,4
166.0,402.0,6.0,-6.0,505,295,0,1,0,4
172.0,396.0,6.0,-6.0,505,305,0,1,0,4
178.0,390.0,6.0,-6.0,505,315,0,1,0,4
184.0,384.0,6.0,-6.0,505,325,0,1,0,4
190.0,378.0,6.0,-6.0,505,335,0,1,0,4
196.0,372.0,6.0,-6.0,505,325,0,-1,0,4
202.0,366.0,6.0,-6.0,505,315,0,-1,0,4
208.0,360.0,6.0,-6.0,505,325,0,1,0,4
214.0,354.0,6.0,-6.0,505,315,0,-1,0,4
220.0,348.0,6.0,-6.0,505,305,0,-1,0,4
226.0,342.0,6.0,-6.0,490,295,-1,-1,0,4
232.0,336.0,6.0,-6.0,475,285,-1,-1,0,4
238.0,330.0,6.0,-6.0,460,295,-1,1,0,4
244.0,324.0,6.0,-6.0,445,295,-1,0,0,4
250.0,318.0,6.0,-6.0,430,285,-1,-1,0,4
256.0,312.0,6.0,-6.0,415,275,-1,-1,0,4
262.0,306.0,6.0,-6.0,400,265,-1,-1,0,4
268.0,300.0,6.0,-6.0,385,255,-1,-1,0,4
274.0,294.0,6.0,-6.0,370,245,-1,-1,0,4
280.0,288.0,6.0,-6.0,355,235,-1,-1,0,4
286.0,282.0,6.0,-6.0,340,245,-1,1,0,4
292.0,276.0,6.0,-6.0,325,235,-1,-1,0,4
298.0,270.0,6.0,-6.0,310,225,-1,-1,0,4
304.0,264.0,6.0,-6.0,295,215,-1,-1,0,4
310.0,258.0,6.0,-6.0,280,205,-1,-1,0,4
316.0,252.0,6.0,-6.0,265,215,-1,1,0,4
322.0,246.0,6.0,-6.0,250,215,-1,0,0,4
328.0,240.0,6.0,-6.0,235,205,-1,-1,0,4
334.0,234.0,6.0,-6.0,220,195,-1,-1,0,4
340.0,228.0,6.0,-6.0,205,185,-1,-1,0,4
346.0,222.0,6.0,-6.0,190,175,-1,-1,0,4
352.0,216.0,6.0,-6.0,175,175,-1,0,0,4
358.0,210.0,6.0,-6.0,160,165,-1,-1,0,4
364.0,204.0,6.0,-6.0,145,155,-1,-1,0,4
370.0,198.0,6.0,-6.0,130,145,-1,-1,0,4
376.0,192.0,6.0,-6.0,115,155,-1,1,0,4
382.0,186.0,6.0,-6.0,100,145,-1,-1,0,4
388.0,180.0,6.0,-6.0,85,135,-1,-1,0,4
394.0,174.0,6.0,-6.0,70,125,-1,-1,0,4
400.0,168.0,6.0,-6.0,55,115,-1,-1,0,4
406.0,162.0,6.0,-6.0,40,125,-1,1,0,4
412.0,156.0,6.0,-6.0,40,115,0,-1,0,4
418.0,150.0,6.0,-6.0,40,105,0,-1,0,4
424.0,144.0,6.0,-6.0,40,95,0,-1,0,4
430.0,138.0,6.0,-6.0,40,85,0,-1,0,4
436.0,132.0,6.0,-6.0,40,95,0,1,0,4
442.0,126.0,6.0,-6.0,40,85,0,-1,0,4
448.0,120.0,6.0,-6.0,40,75,0,-1,0,4
454.0,114.0,6.0,-6.0,40,65,0,-1,0,4
460.0,108.0,6.0,-6.0,40,65,0,0,0,4
466.0,102.0,6.0,-6.0,40,55,0,-1,0,4
472.0,96.0,6.0,-6.0,40,45,0,-1,0,4
478.0,90.0,6.0,-6.0,40,55,0,1,0,4
484.0,84.0,6.0,-6.0,40,45,0,-1,0,4
490.0,78.0,6.0,-6.0,40,35,0,-1,0,4
496.0,72.0,6.0,-6.0,40,25,0,-1,0,4
502.0,66.0,6.0,-6.0,40,15,0,-1,0,4
508.0,60.0,6.0,-6.0,40,15,0,0,0,4
514.0,54.0,6.0,-6.0,40,5,0,-1,0,4
520.0,48.0,6.0,-6.0,40,-5,0,-1,0,4
526.0,42.0,6.0,-6.0,40,-5,0,0,0,4
532.0,36.0,6.0,-6.0,40,-15,0,-1,0,4
538.0,30.0,6.0,-6.0,40,-5,0,1,0,4
544.0,24.0,6.0,-6.0,40,-15,0,-1,0,4
550.0,18.0,6.0,-6.0,40,-15,0,0,0,4
556.0,12.0,6.0,-6.0,40,-25,0,-1,0,4
562.0,6.0,6.0,6.0,40,-35,0,-1,0,4
568.0,12.0,6.0,6.0,40,-45,0,-1,0,4
574.0,18.0,6.0,6.0,40,-45,0,0,0,4
580.0,24.0,6.0,6.0,40,-35,0,1,0,4
586.0,30.0,6.0,6.0,40,-25,0,1,0,4
592.0,36.0,6.0,6.0,40,-15,0,1,0,4
598.0,42.0,6.0,6.0,40,-5,0,1,0,4
604.0,48.0,6.0,6.0,40,-15,0,-1,0,4
610.0,54.0,6.0,6.0,40,-5,0,1,0,4
616.0,60.0,6.0,6.0,40,5,0,1,0,4
622.0,66.0,6.0,6.0,40,15,0,1,0,4
628.0,72.0,6.0,6.0,40,15,0,0,0,4
634.0,78.0,6.0,6.0,40,25,0,1,0,4
640.0,84.0,6.0,6.0,40,35,0,1,0,4
646.0,90.0,6.0,6.0,40,25,0,-1,0,4
652.0,96.0,6.0,6.0,40,35,0,1,0,4
658.0,102.0,6.0,6.0,40,45,0,1,0,4
664.0,108.0,6.0,6.0,40,55,0,1,0,4
670.0,114.0,6.0,6.0,40,65,0,1,0,4
676.0,120.0,6.0,6.0,40,55,0,-1,0,4
682.0,126.0,6.0,6.0,40,65,0,1,0,4
688.0,132.0,6.0,6.0,40,75,0,1,0,4
694.0,138.0,6.0,6.0,55,85,1,1,0,4
700.0,144.0,6.0,6.0,70,95,1,1,0,4
706.0,150.0,6.0,6.0,85,85,1,-1,0,4
712.0,156.0,6.0,6.0,100,95,1,1,0,4
718.0,162.0,6.0,6.0,115,105,1,1,0,4
724.0,168.0,6.0,6.0,130,115,1,1,0,4
730.0,174.0,6.0,6.0,145,125,1,1,0,4
736.0,180.0,6.0,6.0,160,115,1,-1,0,4
742.0,186.0,6.0,6.0,175,115,1,0,0,4
748.0,192.0,6.0,6.0,190,125,1,1,0,4
754.0,198.0,6.0,6.0,205,135,1,1,0,4
760.0,204.0,6.0,6.0,220,145,1,1,0,4
766.0,210.0,6.0,6.0,235,155,1,1,0,4
772.0,216.0,6.0,6.0,250,155,1,0,0,4
778.0,222.0,6.0,6.0,265,165,1,1,0,4
784.0,228.0,-6.0,6.0,280,175,1,1,0,4
778.0,234.0,-6.0,6.0,295,175,1,0,0,4
772.0,240.0,-6.0,6.0,310,175,1,0,0,4
766.0,246.0,-6.0,6.0,325,175,1,0,0,4
760.0,252.0,-6.0,6.0,340,175,1,0,0,4
754.0,258.0,-6.0,6.0,355,175,1,0,0,4
748.0,264.0,-6.0,6.0,370,175,1,0,0,4
742.0,270.0,-6.0,6.0,385,175,1,0,0,4
736.0,276.0,-6.0,6.0,400,175,1,0,0,4
730.0,282.0,-6.0,6.0,415,175,1,0,0,4
724.0,288.0,-6.0,6.0,430,175,1,0,0,4
718.0,294.0,-6.0,6.0,445,175,1,0,0,4
712.0,300.0,-6.0,6.0,460,175,1,0,0,4
706.0,306.0,-6.0,6.0,475,175,1,0,0,4
700.0,312.0,-6.0,6.0,490,175,1,0,0,4
694.0,318.0,-6.0,6.0,505,175,1,0,0,4
688.0,324.0,-6.0,6.0,505,175,0,0,0,4
682.0,330.0,-6.0,6.0,505,175,0,0,0,4
676.0,336.0,-6.0,6.0,505,175,0,0,0,4
670.0,342.0,-6.0,6.0,505,175,0,0,0,4
664.0,348.0,-6.0,6.0,505,175,0,0,0,4
658.0,354.0,-6.0,6.0,505,175,0,0,0,4
652.0,360.0,-6.0,6.0,505,175,0,0,0,4
646.0,366.0,-6.0,6.0,505,175,0,0,0,4
640.0,372.0,-6.0,6.0,505,175,0,0,0,4
634.0,378.0,-6.0,6.0,505,175,0,0,0,4
628.0,384.0,-6.0,6.0,505,175,0,0,0,4
622.0,390.0,-6.0,6.0,505,175,0,0,0,4
616.0,396.0,-6.0,6.0,505,175,0,0,0,4
610.0,402.0,-6.0,6.0,505,175,0,0,0,4
604.0,408.0,-6.0,6.0,505,175,0,0,0,4
598.0,414.0,-6.0,6.0,505,175,0,0,0,4
592.0,420.0,-6.0,6.0,505,175,0,0,0,4
586.0,426.0,-6.0,6.0,505,175,0,0,0,4
580.0,432.0,-6.0,6.0,505,175,0,0,0,4
574.0,438.0,-6.0,6.0,505,175,0,0,0,4
568.0,444.0,-6.0,6.0,505,175,0,0,0,4
562.0,450.0,-6.0,6.0,505,175,0,0,0,4
556.0,456.0,-6.0,6.0,505,175,0,0,0,4
550.0,462.0,-6.0,6.0,505,175,0,0,0,4
544.0,468.0,-6.0,6.0,505,175,0,0,0,4
538.0,474.0,-6.0,6.0,505,175,0,0,0,4
532.0,480.0,-6.0,6.0,490,175,-1,0,0,4
526.0,486.0,-6.0,6.0,475,175,-1,0,0,4
520.0,492.0,-6.0,6.0,460,175,-1,0,0,4
514.0,498.0,-6.0,6.0,445,175,-1,0,0,4
508.0,504.0,-6.0,6.0,430,175,-1,0,0,4
502.0,510.0,-6.0,6.0,415,175,-1,0,0,4
496.0,516.0,-6.0,6.0,400,175,-1,0,0,4
490.0,522.0,-6.0,6.0,385,175,-1,0,0,4
484.0,528.0,-6.0,6.0,370,175,-1,0,0,4
478.0,534.0,-6.0,6.0,355,175,-1,0,0,4
472.0,540.0,-6.0,6.0,355,175,0,0,0,4
466.0,546.0,-6.0,6.0,355,175,0,0,0,4
460.0,552.0,-6.0,6.0,355,175,0,0,0,4
454.0,558.0,-6.0,6.0,355,175,0,0,0,4
448.0,564.0,-6.0,6.0,355,175,0,0,0,4
442.0,570.0,-6.0,6.0,355,175,0,0,0,4
436.0,576.0,-6.0,6.0,355,175,0,0,0,4
430.0,582.0,-6.0,6.0,355,175,0,0,0,4
424.0,588.0,-6.0,6.0,355,175,0,0,0,4
418.0,594.0,-6.0,-6.0,355,175,0,0,0,4
412.0,588.0,-6.0,-6.0,355,175,0,0,0,4
406.0,582.0,-6.0,-6.0,355,175,0,0,0,4
400.0,576.0,-6.0,-6.0,355,175,0,0,0,4
394.0,570.0,-6.0,-6.0,355,175,0,0,0,4
388.0,564.0,-6.0,-6.0,355,175,0,0,0,4
382.0,558.0,-6.0,-6.0,355,175,0,0,0,4
376.0,552.0,-6.0,-6.0,355,175,0,0,0,4
370.0,546.0,-6.0,-6.0,355,175,0,0,0,4
364.0,540.0,-6.0,-6.0,355,175,0,0,0,4
358.0,534.0,-6.0,-6.0,355,175,0,0,0,4
352.0,528.0,-6.0,-6.0,355,175,0,0,0,4
346.0,522.0,-6.0,-6.0,355,175,0,0,0,4
340.0,516.0,-6.0,-6.0,355,175,0,0,0,4
334.0,510.0,-6.0,-6.0,355,175,0,0,0,4
328.0,504.0,-6.0,-6.0,355,175,0,0,0,4
322.0,498.0,-6.0,-6.0,355,175,0,0,0,4
316.0,492.0,-6.0,-6.0,355,175,0,0,0,4
310.0,486.0,-6.0,-6.0,355,175,0,0,0,4
304.0,480.0,-6.0,-6.0,355,175,0,0,0,4
298.0,474.0,-6.0,-6.0,355,175,0,0,0,4
292.0,468.0,-6.0,-6.0,355,175,0,0,0,4
286.0,462.0,-6.0,-6.0,355,175,0,0,0,4
280.0,456.0,-6.0,-6.0,355,175,0,0,0,4
274.0,450.0,-6.0,-6.0,355,175,0,0,0,4
268.0,444.0,-6.0,-6.0,355,175,0,0,0,4
262.0,438.0,-6.0,-6.0,355,175,0,0,0,4
256.0,432.0,-6.0,-6.0,340,175,-1,0,0,4
250.0,426.0,-6.0,-6.0,325,175,-1,0,0,4
244.0,420.0,-6.0,-6.0,310,175,-1,0,0,4
238.0,414.0,-6.0,-6.0,295,175,-1,0,0,4
232.0,408.0,-6.0,-6.0,280,175,-1,0,0,4
226.0,402.0,-6.0,-6.0,265,175,-1,0,0,4
220.0,396.0,-6.0,-6.0,250,175,-1,0,0,4
214.0,390.0,-6.0,-6.0,235,175,-1,0,0,4
208.0,384.0,-6.0,-6.0,220,175,-1,0,0,4
202.0,378.0,-6.0,-6.0,205,175,-1,0,0,4
196.0,372.0,-6.0,-6.0,190,175,-1,0,0,4
190.0,366.0,-6.0,-6.0,175,175,-1,0,0,4
184.0,360.0,-6.0,-6.0,175,175,0,0,0,4
178.0,354.0,-6.0,-6.0,175,175,0,0,0,4
172.0,348.0,-6.0,-6.0,175,175,0,0,0,4
166.0,342.0,-6.0,-6.0,175,175,0,0,0,4
160.0,336.0,-6.0,-6.0,175,175,0,0,0,4
154.0,330.0,-6.0,-6.0,175,175,0,0,0,4
148.0,324.0,-6.0,-6.0,175,175,0,0,0,4
142.0,318.0,-6.0,-6.0,175,175,0,0,0,4
136.0,312.0,-6.0,-6.0,175,175,0,0,0,4
130.0,306.0,-6.0,-6.0,175,175,0,0,0,4
124.0,300.0,-6.0,-6.0,175,175,0,0,0,4
118.0,294.0,-6.0,-6.0,175,175,0,0,0,4
112.0,288.0,-6.0,-6.0,175,175,0,0,0,4
106.0,282.0,-6.0,-6.0,175,175,0,0,0,4
100.0,276.0,-6.0,-6.0,175,175,0,0,0,4
94.0,270.0,-6.0,-6.0,175,175,0,0,0,4
88.0,264.0,-6.0,-6.0,175,175,0,0,0,4
82.0,258.0,-6.0,-6.0,175,175,0,0,0,4
76.0,252.0,-6.0,-6.0,175,175,0,0,0,4
70.0,246.0,-6.0,-6.0,175,175,0,0,0,4
64.0,240.0,-6.0,-6.0,175,175,0,0,0,4
58.0,234.0,-6.0,-6.0,175,175,0,0,0,4
52.0,228.0,-6.0,-6.0,175,175,0,0,0,4
46.0,222.0,-6.0,-6.0,175,175,0,0,0,4
40.0,216.0,-6.0,-6.0,175,175,0,0,0,4
34.0,210.0,-6.0,-6.0,175,175,0,0,0,4
28.0,204.0,-6.0,-6.0,175,175,0,0,0,4
22.0,198.0,-6.0,-6.0,175,175,0,0,0,4
16.0,192.0,6.0,-6.0,175,175,0,0,0,4
22.0,186.0,6.0,-6.0,175,175,0,0,0,4
28.0,180.0,6.0,-6.0,175,165,0,-1,0,4
34.0,174.0,6.0,-6.0,175,155,0,-1,0,4
40.0,168.0,6.0,-6.0,175,145,0,-1,0,4
46.0,162.0,6.0,-6.0,175,135,0,-1,0,4
52.0,156.0,6.0,-6.0,175,125,0,-1,0,4
58.0,150.0,6.0,-6.0,175,115,0,-1,0,4
64.0,144.0,6.0,-6.0,175,105,0,-1,0,4
70.0,138.0,6.0,-6.0,175,95,0,-1,0,4
76.0,132.0,6.0,-6.0,175,85,0,-1,0,4
82.0,126.0,6.0,-6.0,175,75,0,-1,0,4
88.0,120.0,6.0,-6.0,175,85,0,1,0,4
94.0,114.0,6.0,-6.0,175,75,0,-1,0,4
100.0,108.0,6.0,-6.0,175,65,0,-1,0,4
106.0,102.0,6.0,-6.0,175,55,0,-1,0,4
112.0,96.0,6.0,-6.0,175,45,0,-1,0,4
118.0,90.0,6.0,-6.0,175,55,0,1,0,4
124.0,84.0,6.0,-6.0,175,45,0,-1,0,4
130.0,78.0,6.0,-6.0,175,35,0,-1,0,4
136.0,72.0,6.0,-6.0,175,25,0,-1,0,4
142.0,66.0,6.0,-6.0,175,15,0,-1,0,4
148.0,60.0,6.0,-6.0,175,25,0,1,0,4
154.0,54.0,6.0,-6.0,175,15,0,-1,0,4
160.0,48.0,6.0,-6.0,175,5,0,-1,0,4
166.0,42.0,6.0,-6.0,175,-5,0,-1,0,4
172.0,36.0,6.0,-6.0,175,-15,0,-1,0,4
178.0,30.0,6.0,-6.0,175,-5,0,1,0,4
184.0,24.0,6.0,-6.0,175,-15,0,-1,0,4
190.0,18.0,6.0,-6.0,175,-15,0,0,0,4
196.0,12.0,6.0,-6.0,175,-25,0,-1,0,4
202.0,6.0,6.0,6.0,175,-35,0,-1,0,4
208.0,12.0,6.0,6.0,175,-45,0,-1,0,4
214.0,18.0,6.0,6.0,175,-35,0,1,0,4
220.0,24.0,6.0,6.0,175,-25,0,1,0,4
226.0,30.0,6.0,6.0,175,-35,0,-1,0,4
232.0,36.0,6.0,6.0,175,-25,0,1,0,4
238.0,42.0,6.0,6.0,175,-15,0,1,0,4
244.0,48.0,6.0,6.0,175,-5,0,1,0,4
250.0,54.0,6.0,6.0,175,5,0,1,0,4
256.0,60.0,6.0,6.0,175,-5,0,-1,0,4
262.0,66.0,6.0,6.0,175,5,0,1,0,4
268.0,72.0,6.0,6.0,175,15,0,1,0,4
274.0,78.0,6.0,6.0,175,25,0,1,0,4
280.0,84.0,6.0,6.0,175,35,0,1,0,4
286.0,90.0,6.0,6.0,175,35,0,0,0,4
292.0,96.0,6.0,6.0,175,45,0,1,0,4
298.0,102.0,6.0,6.0,175,55,0,1,0,4
304.0,108.0,6.0,6.0,175,45,0,-1,0,4
310.0,114.0,6.0,6.0,175,55,0,1,0,4
316.0,120.0,6.0,6.0,175,55,0,0,0,4
322.0,126.0,6.0,6.0,175,65,0,1,0,4
328.0,132.0,6.0,6.0,175,75,0,1,0,4
334.0,138.0,6.0,6.0,175,85,0,1,0,4
340.0,144.0,6.0,6.0,175,95,0,1,0,4
346.0,150.0,6.0,6.0,175,85,0,-1,0,4
352.0,156.0,6.0,6.0,175,95,0,1,0,4
358.0,162.0,6.0,6.0,175,105,0,1,0,4
364.0,168.0,6.0,6.0,175,115,0,1,0,4
370.0,174.0,6.0,6.0,175,125,0,1,0,4
376.0,180.0,6.0,6.0,175,115,0,-1,0,4
382.0,186.0,6.0,6.0,175,125,0,1,0,4
388.0,192.0,6.0,6.0,175,125,0,0,0,4
394.0,198.0,6.0,6.0,175,135,0,1,0,4
400.0,204.0,6.0,6.0,175,145,0,1,0,4
406.0,210.0,6.0,6.0,175,155,0,1,0,4
412.0,216.0,6.0,6.0,175,155,0,0,0,4
418.0,222.0,6.0,6.0,175,165,0,1,0,4
424.0,228.0,6.0,6.0,175,175,0,1,0,4
430.0,234.0,6.0,6.0,175,185,0,1,0,4
436.0,240.0,6.0,6.0,175,175,0,-1,0,4
442.0,246.0,6.0,6.0,175,185,0,1,0,4
448.0,252.0,6.0,6.0,175,195,0,1,0,4
454.0,258.0,6.0,6.0,175,205,0,1,0,4
460.0,264.0,6.0,6.0,175,215,0,1,0,4
466.0,270.0,6.0,6.0,175,205,0,-1,0,4
472.0,276.0,6.0,6.0,175,215,0,1,0,4
478.0,282.0,6.0,6.0,175,225,0,1,0,4
484.0,288.0,6.0,6.0,175,235,0,1,0,4
490.0,294.0,6.0,6.0,175,245,0,1,0,4
496.0,300.0,6.0,6.0,175,235,0,-1,0,4
502.0,306.0,6.0,6.0,175,245,0,1,0,4
508.0,312.0,6.0,6.0,175,255,0,1,0,4
514.0,318.0,6.0,6.0,175,265,0,1,0,4
520.0,324.0,6.0,6.0,175,275,0,1,0,4
526.0,330.0,6.0,6.0,175,275,0,0,0,4
532.0,336.0,6.0,6.0,175,285,0,1,0,4
538.0,342.0,6.0,6.0,175,295,0,1,0,4
544.0,348.0,6.0,6.0,175,285,0,-1,0,4
550.0,354.0,6.0,6.0,175,295,0,1,0,4
556.0,360.0,6.0,6.0,175,305,0,1,0,4
562.0,366.0,6.0,6.0,175,315,0,1,0,4
568.0,372.0,6.0,6.0,175,325,0,1,0,4
574.0,378.0,6.0,6.0,175,315,0,-1,0,4
580.0,384.0,6.0,6.0,175,325,0,1,0,4
586.0,390.0,6.0,6.0,175,335,0,1,0,4
592.0,396.0,6.0,6.0,175,335,0,0,0,4
598.0,402.0,6.0,6.0,175,335,0,0,0,4
604.0,408.0,6.0,6.0,175,345,0,1,0,4
610.0,414.0,6.0,6.0,175,355,0,1,0,4
616.0,420.0,6.0,6.0,175,365,0,1,0,4
622.0,426.0,6.0,6.0,175,365,0,0,0,4
628.0,432.0,6.0,6.0,175,375,0,1,0,4
634.0,438.0,6.0,6.0,175,385,0,1,0,4
640.0,444.0,6.0,6.0,175,395,0,1,0,4
646.0,450.0,6.0,6.0,175,385,0,-1,0,4
652.0,456.0,6.0,6.0,175,395,0,1,0,4
658.0,462.0,6.0,6.0,175,405,0,1,0,4
664.0,468.0,6.0,6.0,175,415,0,1,0,4
670.0,474.0,6.0,6.0,175,415,0,0,0,4
676.0,480.0,6.0,6.0,175,425,0,1,0,4
682.0,486.0,6.0,6.0,175,435,0,1,0,4
688.0,492.0,6.0,6.0,175,445,0,1,0,4
694.0,498.0,6.0,6.0,175,435,0,-1,0,4
700.0,504.0,6.0,6.0,175,445,0,1,0,4
706.0,510.0,6.0,6.0,175,455,0,1,0,4
712.0,516.0,6.0,6.0,175,465,0,1,0,4
718.0,522.0,6.0,6.0,175,475,0,1,0,4
724.0,528.0,6.0,6.0,175,465,0,-1,0,4
730.0,534.0,6.0,6.0,175,475,0,1,0,4
736.0,540.0,6.0,6.0,175,485,0,1,0,4
742.0,546.0,6.0,6.0,175,495,0,1,0,4
748.0,552.0,6.0,6.0,175,505,0,1,0,4
754.0,558.0,6.0,6.0,175,505,0,0,0,4
760.0,564.0,6.0,6.0,175,515,0,1,0,4
766.0,570.0,6.0,6.0,175,505,0,-1,0,4
772.0,576.0,6.0,6.0,175,515,0,1,0,4
778.0,582.0,6.0,6.0,175,525,0,1,0,4
784.0,588.0,-6.0,6.0,175,525,0,0,0,4
778.0,594.0,-6.0,-6.0,175,525,0,0,0,4
772.0,588.0,-6.0,-6.0,175,525,0,0,0,4
766.0,582.0,-6.0,-6.0,175,525,0,0,0,4
760.0,576.0,-6.0,-6.0,175,525,0,0,0,4
754.0,570.0,-6.0,-6.0,175,525,0,0,0,4
748.0,564.0,-6.0,-6.0,175,525,0,0,0,4
742.0,558.0,-6.0,-6.0,175,525,0,0,0,4
736.0,552.0,-6.0,-6.0,175,525,0,0,0,4
730.0,546.0,-6.0,-6.0,175,525,0,0,0,4
724.0,540.0,-6.0,-6.0,175,525,0,0,0,4
718.0,534.0,-6.0,-6.0,175,525,0,0,0,4
712.0,528.0,-6.0,-6.0,175,525,0,0,0,4
706.0,522.0,-6.0,-6.0,175,525,0,0,0,4
700.0,516.0,-6.0,-6.0,175,525,0,0,0,4
694.0,510.0,-6.0,-6.0,175,525,0,0,0,4
688.0,504.0,-6.0,-6.0,175,525,0,0,0,4
682.0,498.0,-6.0,-6.0,175,525,0,0,0,4
676.0,492.0,-6.0,-6.0,175,525,0,0,0,4
670.0,486.0,-6.0,-6.0,175,525,0,0,0,4
664.0,480.0,-6.0,-6.0,175,525,0,0,0,4
658.0,474.0,-6.0,-6.0,175,525,0,0,0,4
652.0,468.0,-6.0,-6.0,175,525,0,0,0,4
646.0,462.0,-6.0,-6.0,175,525,0,0,0,4
640.0,456.0,-6.0,-6.0,175,525,0,0,0,4
634.0,450.0,-6.0,-6.0,175,525,0,0,0,4
628.0,444.0,-6.0,-6.0,175,525,0,0,0,4
622.0,438.0,-6.0,-6.0,175,525,0,0,0,4
616.0,432.0,-6.0,-6.0,175,525,0,0,0,4
610.0,426.0,-6.0,-6.0,175,525,0,0,0,4
604.0,420.0,-6.0,-6.0,175,525,0,0,0,4
598.0,414.0,-6.0,-6.0,175,525,0,0,0,4
592.0,408.0,-6.0,-6.0,175,525,0,0,0,4
586.0,402.0,-6.0,-6.0,175,525,0,0,0,4
580.0,396.0,-6.0,-6.0,175,525,0,0,0,4
574.0,390.0,-6.0,-6.0,175,525,0,0,0,4
568.0,384.0,-6.0,-6.0,175,525,0,0,0,4
562.0,378.0,-6.0,-6.0,175,525,0,0,0,4
556.0,372.0,-6.0,-6.0,175,525,0,0,0,4
550.0,366.0,-6.0,-6.0,175,525,0,0,0,4
544.0,360.0,-6.0,-6.0,175,525,0,0,0,4
538.0,354.0,-6.0,-6.0,175,525,0,0,0,4
532.0,348.0,-6.0,-6.0,175,525,0,0,0,4
526.0,342.0,-6.0,-6.0,175,525,0,0,0,4
520.0,336.0,-6.0,-6.0,175,525,0,0,0,4
514.0,330.0,-6.0,-6.0,175,525,0,0,0,4
508.0,324.0,-6.0,-6.0,175,525,0,0,0,4
502.0,318.0,-6.0,-6.0,175,525,0,0,0,4
496.0,312.0,-6.0,-6.0,160,525,-1,0,0,4
490.0,306.0,-6.0,-6.0,145,525,-1,0,0,4
484.0,300.0,-6.0,-6.0,130,525,-1,0,0,4
478.0,294.0,-6.0,-6.0,115,525,-1,0,0,4
472.0,288.0,-6.0,-6.0,100,525,-1,0,0,4
466.0,282.0,-6.0,-6.0,85,525,-1,0,0,4
460.0,276.0,-6.0,-6.0,70,525,-1,0,0,4
454.0,270.0,-6.0,-6.0,55,525,-1,0,0,4
448.0,264.0,-6.0,-6.0,40,525,-1,0,0,4
442.0,258.0,-6.0,-6.0,25,525,-1,0,0,4
436.0,252.0,-6.0,-6.0,10,525,-1,0,0,4
430.0,246.0,-6.0,-6.0,-5,525,-1,0,0,4
424.0,240.0,-6.0,-6.0,-5,525,0,0,0,4
418.0,234.0,-6.0,-6.0,-5,525,0,0,0,4
412.0,228.0,-6.0,-6.0,-5,525,0,0,0,4
406.0,222.0,-6.0,-6.0,-5,525,0,0,0,4
400.0,216.0,-6.0,-6.0,-5,525,0,0,0,4
394.0,210.0,-6.0,-6.0,-5,525,0,0,0,4
388.0,204.0,-6.0,-6.0,-5,525,0,0,0,4
382.0,198.0,-6.0,-6.0,-5,525,0,0,0,4
376.0,192.0,-6.0,-6.0,-5,525,0,0,0,4
370.0,186.0,-6.0,-6.0,-5,525,0,0,0,4
364.0,180.0,-6.0,-6.0,-5,525,0,0,0,4
358.0,174.0,-6.0,-6.0,-5,525,0,0,0,4
352.0,168.0,-6.0,-6.0,-5,525,0,0,0,4
346.0,162.0,-6.0,-6.0,-5,525,0,0,0,4
340.0,156.0,-6.0,-6.0,-5,525,0,0,0,4
334.0,150.0,-6.0,-6.0,-5,525,0,0,0,4
328.0,144.0,-6.0,-6.0,-5,525,0,0,0,4
322.0,138.0,-6.0,-6.0,-5,525,0,0,0,4
316.0,132.0,-6.0,-6.0,-5,525,0,0,0,4
310.0,126.0,-6.0,-6.0,-5,525,0,0,0,4
304.0,120.0,-6.0,-6.0,-5,525,0,0,0,4
298.0,114.0,-6.0,-6.0,-5,525,0,0,0,4
292.0,108.0,-6.0,-6.0,-5,525,0,0,0,4
286.0,102.0,-6.0,-6.0,-5,525,0,0,0,4
280.0,96.0,-6.0,-6.0,-5,525,0,0,0,4
274.0,90.0,-6.0,-6.0,-5,525,0,0,0,4
268.0,84.0,-6.0,-6.0,-5,525,0,0,0,4
262.0,78.0,-6.0,-6.0,-5,525,0,0,0,4
256.0,72.0,-6.0,-6.0,-5,525,0,0,0,4
250.0,66.0,-6.0,-6.0,-5,525,0,0,0,4
244.0,60.0,-6.0,-6.0,-5,525,0,0,0,4
238.0,54.0,-6.0,-6.0,-5,525,0,0,0,4
232.0,48.0,-6.0,-6.0,-5,525,0,0,0,4
226.0,42.0,-6.0,-6.0,-5,525,0,0,0,4
220.0,36.0,-6.0,-6.0,-5,525,0,0,0,4
214.0,30.0,-6.0,-6.0,-5,525,0,0,0,4
208.0,24.0,-6.0,-6.0,-5,525,0,0,0,4
202.0,18.0,-6.0,-6.0,-5,525,0,0,0,4
196.0,12.0,-6.0,-6.0,-5,525,0,0,0,4
190.0,6.0,-6.0,6.0,-5,525,0,0,0,4
184.0,12.0,-6.0,6.0,-5,525,0,0,0,4
178.0,18.0,-6.0,6.0,-5,525,0,0,0,4
172.0,24.0,-6.0,6.0,-5,525,0,0,0,4
166.0,30.0,-6.0,6.0,-5,525,0,0,0,4
160.0,36.0,-6.0,6.0,-5,525,0,0,0,4
154.0,42.0,-6.0,6.0,-5,525,0,0,0,4
148.0,48.0,-6.0,6.0,-5,525,0,0,0,4
142.0,54.0,-6.0,6.0,-5,525,0,0,0,4
136.0,60.0,-6.0,6.0,-5,525,0,0,0,4
130.0,66.0,-6.0,6.0,-5,525,0,0,0,4
124.0,72.0,-6.0,6.0,-5,525,0,0,0,4
118.0,78.0,-6.0,6.0,-5,525,0,0,0,4
112.0,84.0,-6.0,6.0,-5,525,0,0,0,4
106.0,90.0,-6.0,6.0,-5,525,0,0,0,4
100.0,96.0,-6.0,6.0,-5,525,0,0,0,4
94.0,102.0,-6.0,6.0,-5,525,0,0,0,4
88.0,108.0,-6.0,6.0,-5,525,0,0,0,4
82.0,114.0,-6.0,6.0,-5,525,0,0,0,4
76.0,120.0,-6.0,6.0,-5,525,0,0,0,4
70.0,126.0,-6.0,6.0,10,525,1,0,0,4
64.0,132.0,-6.0,6.0,25,525,1,0,0,4
58.0,138.0,-6.0,6.0,40,525,1,0,0,4
52.0,144.0,-6.0,6.0,55,525,1,0,0,4
46.0,150.0,-6.0,6.0,70,525,1,0,0,4
40.0,156.0,-6.0,6.0,85,525,1,0,0,4
34.0,162.0,-6.0,6.0,100,525,1,0,0,4
28.0,168.0,-6.0,6.0,115,525,1,0,0,4
22.0,174.0,-6.0,6.0,130,525,1,0,0,4
16.0,180.0,6.0,6.0,145,525,1,0,0,4
22.0,186.0,6.0,6.0,160,515,1,-1,0,4
28.0,192.0,6.0,6.0,175,505,1,-1,0,4
34.0,198.0,6.0,6.0,190,495,1,-1,0,4
40.0,204.0,6.0,6.0,205,485,1,-1,0,4
46.0,210.0,6.0,6.0,220,475,1,-1,0,4
52.0,216.0,6.0,6.0,235,465,1,-1,0,4
58.0,222.0,6.0,6.0,250,455,1,-1,0,4
64.0,228.0,6.0,6.0,265,445,1,-1,0,4
70.0,234.0,6.0,6.0,280,435,1,-1,0,4
76.0,240.0,6.0,6.0,295,435,1,0,0,4
82.0,246.0,6.0,6.0,310,425,1,-1,0,4
88.0,252.0,6.0,6.0,325,415,1,-1,0,4
94.0,258.0,6.0,6.0,325,405,0,-1,0,4
100.0,264.0,6.0,6.0,325,395,0,-1,0,4
106.0,270.0,6.0,6.0,325,385,0,-1,0,4
112.0,276.0,6.0,6.0,325,385,0,0,0,4
118.0,282.0,6.0,6.0,325,375,0,-1,0,4
124.0,288.0,6.0,6.0,325,365,0,-1,0,4
130.0,294.0,6.0,6.0,325,355,0,-1,0,4
136.0,300.0,6.0,6.0,325,345,0,-1,0,4
142.0,306.0,6.0,6.0,325,335,0,-1,0,4
148.0,312.0,6.0,6.0,325,325,0,-1,0,4
154.0,318.0,6.0,6.0,325,315,0,-1,0,4
160.0,324.0,6.0,6.0,325,305,0,-1,0,4
166.0,330.0,6.0,6.0,325,295,0,-1,0,4
172.0,336.0,6.0,6.0,325,285,0,-1,0,4
178.0,342.0,6.0,6.0,325,295,0,1,0,4
184.0,348.0,6.0,6.0,325,285,0,-1,0,4
190.0,354.0,6.0,6.0,325,295,0,1,0,4
196.0,360.0,6.0,6.0,325,305,0,1,0,4
202.0,366.0,6.0,6.0,325,315,0,1,0,4
208.0,372.0,6.0,6.0,325,325,0,1,0,4
214.0,378.0,6.0,6.0,325,325,0,0,0,4
220.0,384.0,6.0,6.0,340,335,1,1,0,4
226.0,390.0,6.0,6.0,355,325,1,-1,0,4
232.0,396.0,6.0,6.0,370,335,1,1,0,4
238.0,402.0,6.0,6.0,385,345,1,1,0,4
244.0,408.0,6.0,6.0,400,355,1,1,0,4
250.0,414.0,6.0,6.0,415,355,1,0,0,4
256.0,420.0,6.0,6.0,430,365,1,1,0,4
262.0,426.0,6.0,6.0,445,375,1,1,0,4
268.0,432.0,6.0,6.0,460,385,1,1,0,4
274.0,438.0,6.0,6.0,475,375,1,-1,0,4
280.0,444.0,6.0,6.0,490,385,1,1,0,4
286.0,450.0,6.0,6.0,505,395,1,1,0,4
292.0,456.0,6.0,6.0,505,405,0,1,0,4
298.0,462.0,6.0,6.0,505,405,0,0,0,4
304.0,468.0,6.0,6.0,505,415,0,1,0,4
310.0,474.0,6.0,6.0,505,415,0,0,0,4
316.0,480.0,6.0,6.0,505,425,0,1,0,4
322.0,486.0,6.0,6.0,505,435,0,1,0,4
328.0,492.0,6.0,6.0,505,445,0,1,0,4
334.0,498.0,6.0,6.0,505,435,0,-1,0,4
340.0,504.0,6.0,6.0,505,445,0,1,0,4
346.0,510.0,6.0,6.0,505,455,0,1,0,4
352.0,516.0,6.0,6.0,505,465,0,1,0,4
358.0,522.0,6.0,6.0,505,475,0,1,0,4
364.0,528.0,6.0,6.0,505,465,0,-1,0,4
370.0,534.0,6.0,6.0,505,475,0,1,0,4
376.0,540.0,6.0,6.0,505,475,0,0,0,4
382.0,546.0,6.0,6.0,505,485,0,1,0,4
388.0,552.0,6.0,6.0,505,495,0,1,0,4
394.0,558.0,6.0,6.0,505,505,0,1,0,4
400.0,564.0,6.0,6.0,505,515,0,1,0,4
406.0,570.0,6.0,6.0,505,505,0,-1,0,4
412.0,576.0,6.0,6.0,505,515,0,1,0,4
418.0,582.0,6.0,6.0,505,525,0,1,0,4
424.0,588.0,6.0,6.0,505,535,0,1,0,4
430.0,594.0,6.0,-6.0,505,545,0,1,0,4
436.0,588.0,6.0,-6.0,505,535,0,-1,0,4
442.0,582.0,6.0,-6.0,505,545,0,1,0,4
448.0,576.0,6.0,-6.0,505,535,0,-1,0,4
454.0,570.0,6.0,-6.0,505,525,0,-1,0,4
460.0,564.0,6.0,-6.0,505,515,0,-1,0,4
466.0,558.0,6.0,-6.0,505,505,0,-1,0,4
472.0,552.0,6.0,-6.0,505,515,0,1,0,4
478.0,546.0,6.0,-6.0,505,505,0,-1,0,4
484.0,540.0,6.0,-6.0,505,495,0,-1,0,4
490.0,534.0,6.0,-6.0,505,485,0,-1,0,4
496.0,528.0,6.0,-6.0,505,485,0,0,0,4
502.0,522.0,6.0,-6.0,505,475,0,-1,0,4
508.0,516.0,6.0,-6.0,505,465,0,-1,0,4
514.0,510.0,6.0,-6.0,505,475,0,1,0,4
520.0,504.0,6.0,-6.0,505,475,0,0,0,4
526.0,498.0,6.0,-6.0,505,465,0,-1,0,4
532.0,492.0,6.0,-6.0,490,455,-1,-1,0,4
538.0,486.0,6.0,-6.0,475,445,-1,-1,0,4
544.0,480.0,6.0,-6.0,460,435,-1,-1,0,4
550.0,474.0,6.0,-6.0,445,425,-1,-1,0,4
556.0,468.0,6.0,-6.0,430,425,-1,0,0,4
562.0,462.0,6.0,-6.0,415,415,-1,-1,0,4
568.0,456.0,6.0,-6.0,400,405,-1,-1,0,4
574.0,450.0,6.0,-6.0,385,415,-1,1,0,4
580.0,444.0,6.0,-6.0,370,405,-1,-1,0,4
586.0,438.0,6.0,-6.0,355,405,-1,0,0,4
592.0,432.0,6.0,-6.0,340,395,-1,-1,0,4
598.0,426.0,6.0,-6.0,325,395,-1,0,0,4
604.0,420.0,6.0,-6.0,310,385,-1,-1,0,4
610.0,414.0,6.0,-6.0,295,385,-1,0,0,4
616.0,408.0,6.0,-6.0,280,375,-1,-1,0,4
622.0,402.0,6.0,-6.0,280,365,0,-1,0,4
628.0,396.0,6.0,-6.0,280,355,0,-1,0,4
634.0,390.0,6.0,-6.0,280,345,0,-1,0,4
640.0,384.0,6.0,-6.0,280,335,0,-1,0,4
646.0,378.0,6.0,-6.0,280,325,0,-1,0,4
652.0,372.0,6.0,-6.0,280,335,0,1,0,4
658.0,366.0,6.0,-6.0,280,325,0,-1,0,4
664.0,360.0,6.0,-6.0,280,315,0,-1,0,4
670.0,354.0,6.0,-6.0,280,305,0,-1,0,4
676.0,348.0,6.0,-6.0,280,295,0,-1,0,4
682.0,342.0,6.0,-6.0,280,305,0,1,0,4
688.0,336.0,6.0,-6.0,280,295,0,-1,0,4
694.0,330.0,6.0,-6.0,280,285,0,-1,0,4
700.0,324.0,6.0,-6.0,280,275,0,-1,0,4
706.0,318.0,6.0,-6.0,280,265,0,-1,0,4
712.0,312.0,6.0,-6.0,265,275,-1,1,0,4
718.0,306.0,6.0,-6.0,250,265,-1,-1,0,4
724.0,300.0,6.0,-6.0,235,255,-1,-1,0,4
730.0,294.0,6.0,-6.0,220,245,-1,-1,0,4
736.0,288.0,6.0,-6.0,205,245,-1,0,0,4
742.0,282.0,6.0,-6.0,190,235,-1,-1,0,4
748.0,276.0,6.0,-6.0,175,225,-1,-1,0,4
754.0,270.0,6.0,-6.0,160,235,-1,1,0,4
760.0,264.0,6.0,-6.0,145,225,-1,-1,0,4
766.0,258.0,6.0,-6.0,130,215,-1,-1,0,4
772.0,252.0,6.0,-6.0,115,205,-1,-1,0,4
778.0,246.0,6.0,-6.0,100,195,-1,-1,0,4
784.0,240.0,-6.0,-6.0,85,205,-1,1,0,4
778.0,234.0,-6.0,-6.0,70,205,-1,0,0,4
772.0,228.0,-6.0,-6.0,55,205,-1,0,0,4
766.0,222.0,-6.0,-6.0,40,205,-1,0,0,4
760.0,216.0,-6.0,-6.0,25,205,-1,0,0,4
754.0,210.0,-6.0,-6.0,10,205,-1,0,0,4
748.0,204.0,-6.0,-6.0,-5,205,-1,0,0,4
742.0,198.0,-6.0,-6.0,-5,205,0,0,0,4
736.0,192.0,-6.0,-6.0,-5,205,0,0,0,4
730.0,186.0,-6.0,-6.0,-5,205,0,0,0,4
724.0,180.0,-6.0,-6.0,-5,205,0,0,0,4
718.0,174.0,-6.0,-6.0,-5,205,0,0,0,4
712.0,168.0,-6.0,-6.0,-5,205,0,0,0,4
706.0,162.0,-6.0,-6.0,-5,205,0,0,0,4
700.0,156.0,-6.0,-6.0,-5,205,0,0,0,4
694.0,150.0,-6.0,-6.0,-5,205,0,0,0,4
688.0,144.0,-6.0,-6.0,-5,205,0,0,0,4
682.0,138.0,-6.0,-6.0,-5,205,0,0,0,4
676.0,132.0,-6.0,-6.0,-5,205,0,0,0,4
670.0,126.0,-6.0,-6.0,-5,205,0,0,0,4
664.0,120.0,-6.0,-6.0,-5,205,0,0,0,4
658.0,114.0,-6.0,-6.0,-5,205,0,0,0,4
652.0,108.0,-6.0,-6.0,-5,205,0,0,0,4
646.0,102.0,-6.0,-6.0,-5,205,0,0,0,4
640.0,96.0,-6.0,-6.0,-5,205,0,0,0,4
634.0,90.0,-6.0,-6.0,-5,205,0,0,0,4
628.0,84.0,-6.0,-6.0,-5,205,0,0,0,4
622.0,78.0,-6.0,-6.0,-5,205,0,0,0,4
616.0,72.0,-6.0,-6.0,-5,205,0,0,0,4
610.0,66.0,-6.0,-6.0,-5,205,0,0,0,4
604.0,60.0,-6.0,-6.0,10,205,1,0,0,4
598.0,54.0,-6.0,-6.0,25,205,1,0,0,4
592.0,48.0,-6.0,-6.0,40,205,1,0,0,4
586.0,42.0,-6.0,-6.0,55,205,1,0,0,4
580.0,36.0,-6.0,-6.0,70,205,1,0,0,4
574.0,30.0,-6.0,-6.0,85,205,1,0,0,4
568.0,24.0,-6.0,-6.0,100,205,1,0,0,4
562.0,18.0,-6.0,-6.0,115,205,1,0,0,4
556.0,12.0,-6.0,-6.0,130,205,1,0,0,4
550.0,6.0,-6.0,6.0,145,205,1,0,0,4
544.0,12.0,-6.0,6.0,160,205,1,0,0,4
538.0,18.0,-6.0,6.0,175,205,1,0,0,4
532.0,24.0,-6.0,6.0,190,205,1,0,0,4
526.0,30.0,-6.0,6.0,205,205,1,0,0,4
520.0,36.0,-6.0,6.0,220,205,1,0,0,4
514.0,42.0,-6.0,6.0,235,205,1,0,0,4
508.0,48.0,-6.0,6.0,250,205,1,0,0,4
502.0,54.0,-6.0,6.0,265,205,1,0,0,4
496.0,60.0,-6.0,6.0,280,205,1,0,0,4
490.0,66.0,-6.0,6.0,295,205,1,0,0,4
484.0,72.0,-6.0,6.0,310,205,1,0,0,4
478.0,78.0,-6.0,6.0,325,205,1,0,0,4
472.0,84.0,-6.0,6.0,340,205,1,0,0,4
466.0,90.0,-6.0,6.0,355,205,1,0,0,4
460.0,96.0,-6.0,6.0,370,205,1,0,0,4
454.0,102.0,-6.0,6.0,385,205,1,0,0,4
448.0,108.0,-6.0,6.0,400,205,1,0,0,4
442.0,114.0,-6.0,6.0,415,205,1,0,0,4
436.0,120.0,-6.0,6.0,430,205,1,0,0,4
430.0,126.0,-6.0,6.0,445,205,1,0,0,4
424.0,132.0,-6.0,6.0,460,205,1,0,0,4
418.0,138.0,-6.0,6.0,475,205,1,0,0,4
412.0,144.0,-6.0,6.0,490,205,1,0,0,4
406.0,150.0,-6.0,6.0,505,205,1,0,0,4
400.0,156.0,-6.0,6.0,505,205,0,0,0,4
394.0,162.0,-6.0,6.0,505,205,0,0,0,4
388.0,168.0,-6.0,6.0,505,205,0,0,0,4
382.0,174.0,-6.0,6.0,505,205,0,0,0,4
376.0,180.0,-6.0,6.0,505,205,0,0,0,4
370.0,186.0,-6.0,6.0,505,205,0,0,0,4
364.0,192.0,-6.0,6.0,505,205,0,0,0,4
358.0,198.0,-6.0,6.0,505,205,0,0,0,4
352.0,204.0,-6.0,6.0,505,205,0,0,0,4
346.0,210.0,-6.0,6.0,505,205,0,0,0,4
340.0,216.0,-6.0,6.0,505,205,0,0,0,4
334.0,222.0,-6.0,6.0,505,205,0,0,0,4
328.0,228.0,-6.0,6.0,505,205,0,0,0,4
322.0,234.0,-6.0,6.0,505,205,0,0,0,4
316.0,240.0,-6.0,6.0,505,205,0,0,0,4
310.0,246.0,-6.0,6.0,505,205,0,0,0,4
304.0,252.0,-6.0,6.0,505,205,0,0,0,4
298.0,258.0,-6.0,6.0,505,205,0,0,0,4
292.0,264.0,-6.0,6.0,505,205,0,0,0,4
286.0,270.0,-6.0,6.0,505,205,0,0,0,4
280.0,276.0,-6.0,6.0,505,205,0,0,0,4
274.0,282.0,-6.0,6.0,505,205,0,0,0,4
268.0,288.0,-6.0,6.0,505,205,0,0,0,4
262.0,294.0,-6.0,6.0,505,205,0,0,0,4
256.0,300.0,-6.0,6.0,505,205,0,0,0,4
250.0,306.0,-6.0,6.0,505,205,0,0,0,4
244.0,312.0,-6.0,6.0,505,205,0,0,0,4
238.0,318.0,-6.0,6.0,505,205,0,0,0,4
232.0,324.0,-6.0,6.0,505,205,0,0,0,4
226.0,330.0,-6.0,6.0,505,205,0,0,0,4
220.0,336.0,-6.0,6.0,505,205,0,0,0,4
214.0,342.0,-6.0,6.0,505,205,0,0,0,4
208.0,348.0,-6.0,6.0,505,205,0,0,0,4
202.0,354.0,-6.0,6.0,505,205,0,0,0,4
196.0,360.0,-6.0,6.0,505,205,0,0,0,4
190.0,366.0,-6.0,6.0,505,205,0,0,0,4
184.0,372.0,-6.0,6.0,505,205,0,0,0,4
178.0,378.0,-6.0,6.0,505,205,0,0,0,4
172.0,384.0,-6.0,6.0,505,205,0,0,0,4
166.0,390.0,-6.0,6.0,505,205,0,0,0,4
160.0,396.0,-6.0,6.0,505,205,0,0,0,4
154.0,402.0,-6.0,6.0,505,205,0,0,0,4
148.0,408.0,-6.0,6.0,505,205,0,0,0,4
142.0,414.0,-6.0,6.0,505,205,0,0,0,4
136.0,420.0,-6.0,6.0,505,205,0,0,0,4
130.0,426.0,-6.0,6.0,505,205,0,0,0,4
124.0,432.0,-6.0,6.0,505,205,0,0,0,4
118.0,438.0,-6.0,6.0,505,205,0,0,0,4
112.0,444.0,-6.0,6.0,505,205,0,0,0,4
106.0,450.0,-6.0,6.0,505,205,0,0,0,4
100.0,456.0,-6.0,6.0,505,205,0,0,0,4
94.0,462.0,-6.0,6.0,505,205,0,0,0,4
88.0,468.0,-6.0,6.0,505,205,0,0,0,4
82.0,474.0,-6.0,6.0,505,205,0,0,0,4
76.0,480.0,-6.0,6.0,505,205,0,0,0,4
70.0,486.0,-6.0,6.0,505,205,0,0,0,4
64.0,492.0,-6.0,6.0,505,205,0,0,0,4
58.0,498.0,-6.0,6.0,505,205,0,0,0,4
52.0,504.0,-6.0,6.0,505,205,0,0,0,4
46.0,510.0,-6.0,6.0,505,205,0,0,0,4
40.0,516.0,-6.0,6.0,505,205,0,0,0,4
34.0,522.0,-6.0,6.0,505,205,0,0,0,4
28.0,528.0,-6.0,6.0,505,205,0,0,0,4
22.0,534.0,-6.0,6.0,505,205,0,0,0,4
16.0,540.0,6.0,6.0,505,205,0,0,0,4
22.0,546.0,6.0,6.0,505,215,0,1,0,4
28.0,552.0,6.0,6.0,505,225,0,1,0,4
34.0,558.0,6.0,6.0,505,225,0,0,0,4
40.0,564.0,6.0,6.0,505,235,0,1,0,4
46.0,570.0,6.0,6.0,505,245,0,1,0,4
52.0,576.0,6.0,6.0,505,255,0,1,0,4
58.0,582.0,6.0,6.0,505,265,0,1,0,4
64.0,588.0,6.0,6.0,505,275,0,1,0,4
70.0,594.0,6.0,-6.0,505,285,0,1,0,4
76.0,588.0,6.0,-6.0,505,295,0,1,0,4
82.0,582.0,6.0,-6.0,505,305,0,1,0,4
88.0,576.0,6.0,-6.0,505,315,0,1,0,4
94.0,570.0,6.0,-6.0,505,325,0,1,0,4
100.0,564.0,6.0,-6.0,505,335,0,1,0,4
106.0,558.0,6.0,-6.0,505,335,0,0,0,4
112.0,552.0,6.0,-6.0,505,345,0,1,0,4
118.0,546.0,6.0,-6.0,505,355,0,1,0,4
124.0,540.0,6.0,-6.0,505,365,0,1,0,4
130.0,534.0,6.0,-6.0,505,375,0,1,0,4
136.0,528.0,6.0,-6.0,505,385,0,1,0,4
142.0,522.0,6.0,-6.0,505,395,0,1,0,4
148.0,516.0,6.0,-6.0,505,405,0,1,0,4
154.0,510.0,6.0,-6.0,505,415,0,1,0,4
160.0,504.0,6.0,-6.0,505,425,0,1,0,4
166.0,498.0,6.0,-6.0,505,435,0,1,0,4
172.0,492.0,6.0,-6.0,505,445,0,1,0,4
178.0,486.0,6.0,-6.0,505,435,0,-1,0,4
184.0,480.0,6.0,-6.0,505,445,0,1,0,4
190.0,474.0,6.0,-6.0,505,435,0,-1,0,4
196.0,468.0,6.0,-6.0,505,425,0,-1,0,4
202.0,462.0,6.0,-6.0,505,415,0,-1,0,4
208.0,456.0,6.0,-6.0,505,405,0,-1,0,4
214.0,450.0,6.0,-6.0,505,415,0,1,0,4
220.0,444.0,6.0,-6.0,505,405,0,-1,0,4
226.0,438.0,6.0,-6.0,505,395,0,-1,0,4
232.0,432.0,6.0,-6.0,505,385,0,-1,0,4
238.0,426.0,6.0,-6.0,505,385,0,0,0,4
244.0,420.0,6.0,-6.0,505,375,0,-1,0,4
250.0,414.0,6.0,-6.0,505,365,0,-1,0,4
256.0,408.0,6.0,-6.0,505,355,0,-1,0,4
262.0,402.0,6.0,-6.0,505,365,0,1,0,4
268.0,396.0,6.0,-6.0,505,355,0,-1,0,4
274.0,390.0,6.0,-6.0,505,345,0,-1,0,4
280.0,384.0,6.0,-6.0,505,345,0,0,0,4
286.0,378.0,6.0,-6.0,505,335,0,-1,0,4
292.0,372.0,6.0,-6.0,505,325,0,-1,0,4
298.0,366.0,6.0,-6.0,505,315,0,-1,0,4
304.0,360.0,6.0,-6.0,505,325,0,1,0,4
310.0,354.0,6.0,-6.0,505,315,0,-1,0,4
316.0,348.0,6.0,-6.0,505,305,0,-1,0,4
322.0,342.0,6.0,-6.0,505,305,0,0,0,4
328.0,336.0,6.0,-6.0,505,295,0,-1,0,4
334.0,330.0,6.0,-6.0,505,285,0,-1,0,4
340.0,324.0,6.0,-6.0,505,275,0,-1,0,4
346.0,318.0,6.0,-6.0,505,265,0,-1,0,4
352.0,312.0,6.0,-6.0,505,275,0,1,0,4
358.0,306.0,6.0,-6.0,505,265,0,-1,0,4
364.0,300.0,6.0,-6.0,505,255,0,-1,0,4
370.0,294.0,6.0,-6.0,505,255,0,0,0,4
376.0,288.0,6.0,-6.0,505,245,0,-1,0,4
382.0,282.0,6.0,-6.0,505,235,0,-1,0,4
388.0,276.0,6.0,-6.0,505,225,0,-1,0,4
394.0,270.0,6.0,-6.0,505,235,0,1,0,4
400.0,264.0,6.0,-6.0,505,225,0,-1,0,4
406.0,258.0,6.0,-6.0,505,215,0,-1,0,4
412.0,252.0,6.0,-6.0,505,205,0,-1,0,4
418.0,246.0,6.0,-6.0,505,205,0,0,0,4
424.0,240.0,6.0,-6.0,505,195,0,-1,0,4
430.0,234.0,6.0,-6.0,505,195,0,0,0,4
436.0,228.0,6.0,-6.0,505,195,0,0,0,4
442.0,222.0,6.0,-6.0,505,185,0,-1,0,4
448.0,216.0,6.0,-6.0,505,185,0,0,0,4
454.0,210.0,6.0,-6.0,505,175,0,-1,0,4
460.0,204.0,6.0,-6.0,505,165,0,-1,0,4
466.0,198.0,6.0,-6.0,505,155,0,-1,0,4
472.0,192.0,6.0,-6.0,505,155,0,0,0,4
478.0,186.0,6.0,-6.0,505,145,0,-1,0,4
484.0,180.0,6.0,-6.0,505,135,0,-1,0,4
490.0,174.0,6.0,-6.0,505,125,0,-1,0,4
496.0,168.0,6.0,-6.0,505,115,0,-1,0,4
502.0,162.0,6.0,-6.0,505,125,0,1,0,4
508.0,156.0,6.0,-6.0,505,115,0,-1,0,4
514.0,150.0,6.0,-6.0,505,105,0,-1,0,4
520.0,144.0,6.0,-6.0,505,95,0,-1,0,4
526.0,138.0,6.0,-6.0,505,85,0,-1,0,4
532.0,132.0,6.0,-6.0,505,95,0,1,0,4
538.0,126.0,6.0,-6.0,505,85,0,-1,0,4
544.0,120.0,6.0,-6.0,505,75,0,-1,0,4
550.0,114.0,6.0,-6.0,505,65,0,-1,0,4
556.0,108.0,6.0,-6.0,505,55,0,-1,0,4
562.0,102.0,6.0,-6.0,505,65,0,1,0,4
568.0,96.0,6.0,-6.0,505,55,0,-1,0,4
574.0,90.0,6.0,-6.0,505,45,0,-1,0,4
580.0,84.0,6.0,-6.0,505,45,0,0,0,4
586.0,78.0,6.0,-6.0,505,35,0,-1,0,4
592.0,72.0,6.0,-6.0,505,25,0,-1,0,4
598.0,66.0,6.0,-6.0,505,15,0,-1,0,4
604.0,60.0,6.0,-6.0,505,25,0,1,0,4
610.0,54.0,6.0,-6.0,505,15,0,-1,0,4
616.0,48.0,6.0,-6.0,505,15,0,0,0,4
622.0,42.0,6.0,-6.0,505,5,0,-1,0,4
628.0,36.0,6.0,-6.0,505,-5,0,-1,0,4
634.0,30.0,6.0,-6.0,505,-15,0,-1,0,4
640.0,24.0,6.0,-6.0,505,-25,0,-1,0,4
646.0,18.0,6.0,-6.0,505,-35,0,-1,0,4
652.0,12.0,6.0,-6.0,505,-25,0,1,0,4
658.0,6.0,6.0,6.0,505,-35,0,-1,0,4
664.0,12.0,6.0,6.0,505,-35,0,0,0,4
670.0,18.0,6.0,6.0,505,-45,0,-1,0,4
676.0,24.0,6.0,6.0,505,-35,0,1,0,4
682.0,30.0,6.0,6.0,505,-25,0,1,0,4
688.0,36.0,6.0,6.0,505,-15,0,1,0,4
694.0,42.0,6.0,6.0,505,-15,0,0,0,4
700.0,48.0,6.0,6.0,505,-5,0,1,0,4
706.0,54.0,6.0,6.0,505,5,0,1,0,4
712.0,60.0,6.0,6.0,505,-5,0,-1,0,4
718.0,66.0,6.0,6.0,505,5,0,1,0,4
724.0,72.0,6.0,6.0,505,15,0,1,0,4
730.0,78.0,6.0,6.0,505,25,0,1,0,4
736.0,84.0,6.0,6.0,505,35,0,1,0,4
742.0,90.0,6.0,6.0,505,25,0,-1,0,4
748.0,96.0,6.0,6.0,505,35,0,1,0,4
754.0,102.0,6.0,6.0,505,45,0,1,0,4
760.0,108.0,6.0,6.0,505,45,0,0,0,4
766.0,114.0,6.0,6.0,505,55,0,1,0,4
772.0,120.0,6.0,6.0,505,65,0,1,0,4
778.0,126.0,6.0,6.0,505,75,0,1,0,4
784.0,132.0,-6.0,6.0,505,75,0,0,0,4
778.0,138.0,-6.0,6.0,505,75,0,0,0,4
772.0,144.0,-6.0,6.0,505,75,0,0,0,4
766.0,150.0,-6.0,6.0,505,75,0,0,0,4
760.0,156.0,-6.0,6.0,505,75,0,0,0,4
754.0,162.0,-6.0,6.0,505,75,0,0,0,4
748.0,168.0,-6.0,6.0,505,75,0,0,0,4
742.0,174.0,-6.0,6.0,505,75,0,0,0,4
736.0,180.0,-6.0,6.0,505,75,0,0,0,4
730.0,186.0,-6.0,6.0,505,75,0,0,0,4
724.0,192.0,-6.0,6.0,505,75,0,0,0,4
718.0,198.0,-6.0,6.0,505,75,0,0,0,4
712.0,204.0,-6.0,6.0,505,75,0,0,0,4
706.0,210.0,-6.0,6.0,505,75,0,0,0,4
700.0,216.0,-6.0,6.0,505,75,0,0,0,4
694.0,222.0,-6.0,6.0,505,75,0,0,0,4
688.0,228.0,-6.0,6.0,505,75,0,0,0,4
682.0,234.0,-6.0,6.0,505,75,0,0,0,4
676.0,240.0,-6.0,6.0,505,75,0,0,0,4
670.0,246.0,-6.0,6.0,505,75,0,0,0,4
664.0,252.0,-6.0,6.0,505,75,0,0,0,4
658.0,258.0,-6.0,6.0,505,75,0,0,0,4
652.0,264.0,-6.0,6.0,505,75,0,0,0,4
646.0,270.0,-6.0,6.0,505,75,0,0,0,4
640.0,276.0,-6.0,6.0,505,75,0,0,0,4
634.0,282.0,-6.0,6.0,505,75,0,0,0,4
628.0,288.0,-6.0,6.0,505,75,0,0,0,4
622.0,294.0,-6.0,6.0,505,75,0,0,0,4
616.0,300.0,-6.0,6.0,505,75,0,0,0,4
610.0,306.0,-6.0,6.0,505,75,0,0,0,4
604.0,312.0,-6.0,6.0,505,75,0,0,0,4
598.0,318.0,-6.0,6.0,505,75,0,0,0,4
592.0,324.0,-6.0,6.0,505,75,0,0,0,4
586.0,330.0,-6.0,6.0,505,75,0,0,0,4
580.0,336.0,-6.0,6.0,505,75,0,0,0,4
574.0,342.0,-6.0,6.0,505,75,0,0,0,4
568.0,348.0,-6.0,6.0,505,75,0,0,0,4
562.0,354.0,-6.0,6.0,505,75,0,0,0,4
556.0,360.0,-6.0,6.0,505,75,0,0,0,4
550.0,366.0,-6.0,6.0,505,75,0,0,0,4
544.0,372.0,-6.0,6.0,505,75,0,0,0,4
538.0,378.0,-6.0,6.0,505,75,0,0,0,4
532.0,384.0,-6.0,6.0,505,75,0,0,0,4
526.0,390.0,-6.0,6.0,505,75,0,0,0,4
520.0,396.0,-6.0,6.0,505,75,0,0,0,4
514.0,402.0,-6.0,6.0,505,75,0,0,0,4
508.0,408.0,-6.0,6.0,505,75,0,0,0,4
502.0,414.0,-6.0,6.0,505,75,0,0,0,4
496.0,420.0,-6.0,6.0,505,75,0,0,0,4
490.0,426.0,-6.0,6.0,505,75,0,0,0,4
484.0,432.0,-6.0,6.0,505,75,0,0,0,4
478.0,438.0,-6.0,6.0,505,75,0,0,0,4
472.0,444.0,-6.0,6.0,505,75,0,0,0,4
466.0,450.0,-6.0,6.0,505,75,0,0,0,4
460.0,456.0,-6.0,6.0,505,75,0,0,0,4
454.0,462.0,-6.0,6.0,505,75,0,0,0,4
448.0,468.0,-6.0,6.0,505,75,0,0,0,4
442.0,474.0,-6.0,6.0,505,75,0,0,0,4
436.0,480.0,-6.0,6.0,505,75,0,0,0,4
430.0,486.0,-6.0,6.0,505,75,0,0,0,4
424.0,492.0,-6.0,6.0,505,75,0,0,0,4
418.0,498.0,-6.0,6.0,505,75,0,0,0,4
412.0,504.0,-6.0,6.0,505,75,0,0,0,4
406.0,510.0,-6.0,6.0,505,75,0,0,0,4
400.0,516.0,-6.0,6.0,505,75,0,0,0,4
394.0,522.0,-6.0,6.0,505,75,0,0,0,4
388.0,528.0,-6.0,6.0,505,75,0,0,0,4
382.0,534.0,-6.0,6.0,505,75,0,0,0,4
376.0,540.0,-6.0,6.0,505,75,0,0,0,4
370.0,546.0,-6.0,6.0,505,75,0,0,0,4
364.0,552.0,-6.0,6.0,505,75,0,0,0,4
358.0,558.0,-6.0,6.0,505,75,0,0,0,4
352.0,564.0,-6.0,6.0,505,75,0,0,0,4
346.0,570.0,-6.0,6.0,505,75,0,0,0,4
340.0,576.0,-6.0,6.0,505,75,0,0,0,4
334.0,582.0,-6.0,6.0,505,75,0,0,0,4
328.0,588.0,-6.0,6.0,505,75,0,0,0,4
322.0,594.0,-6.0,-6.0,505,75,0,0,0,4
316.0,588.0,-6.0,-6.0,505,75,0,0,0,4
310.0,582.0,-6.0,-6.0,505,75,0,0,0,4
304.0,576.0,-6.0,-6.0,505,75,0,0,0,4
298.0,570.0,-6.0,-6.0,505,75,0,0,0,4
292.0,564.0,-6.0,-6.0,505,75,0,0,0,4
286.0,558.0,-6.0,-6.0,505,75,0,0,0,4
280.0,552.0,-6.0,-6.0,505,75,0,0,0,4
274.0,546.0,-6.0,-6.0,505,75,0,0,0,4
268.0,540.0,-6.0,-6.0,490,75,-1,0,0,4
262.0,534.0,-6.0,-6.0,475,75,-1,0,0,4
256.0,528.0,-6.0,-6.0,460,75,-1,0,0,4
250.0,522.0,-6.0,-6.0,445,75,-1,0,0,4
244.0,516.0,-6.0,-6.0,430,75,-1,0,0,4
238.0,510.0,-6.0,-6.0,415,75,-1,0,0,4
232.0,504.0,-6.0,-6.0,400,75,-1,0,0,4
226.0,498.0,-6.0,-6.0,385,75,-1,0,0,4
220.0,492.0,-6.0,-6.0,370,75,-1,0,0,4
214.0,486.0,-6.0,-6.0,355,75,-1,0,0,4
208.0,480.0,-6.0,-6.0,340,75,-1,0,0,4
202.0,474.0,-6.0,-6.0,325,75,-1,0,0,4
196.0,468.0,-6.0,-6.0,310,75,-1,0,0,4
190.0,462.0,-6.0,-6.0,295,75,-1,0,0,4
184.0,456.0,-6.0,-6.0,280,75,-1,0,0,4
178.0,450.0,-6.0,-6.0,265,75,-1,0,0,4
172.0,444.0,-6.0,-6.0,250,75,-1,0,0,4
166.0,438.0,-6.0,-6.0,235,75,-1,0,0,4
160.0,432.0,-6.0,-6.0,220,75,-1,0,0,4
154.0,426.0,-6.0,-6.0,205,75,-1,0,0,4
148.0,420.0,-6.0,-6.0,190,75,-1,0,0,4
142.0,414.0,-6.0,-6.0,175,75,-1,0,0,4
136.0,408.0,-6.0,-6.0,160,75,-1,0,0,4
130.0,402.0,-6.0,-6.0,145,75,-1,0,0,4
124.0,396.0,-6.0,-6.0,130,75,-1,0,0,4
118.0,390.0,-6.0,-6.0,130,75,0,0,0,4
112.0,384.0,-6.0,-6.0,130,75,0,0,0,4
106.0,378.0,-6.0,-6.0,130,75,0,0,0,4
100.0,372.0,-6.0,-6.0,130,75,0,0,0,4
94.0,366.0,-6.0,-6.0,130,75,0,0,0,4
88.0,360.0,-6.0,-6.0,130,75,0,0,0,4
82.0,354.0,-6.0,-6.0,130,75,0,0,0,4
76.0,348.0,-6.0,-6.0,130,75,0,0,0,4
70.0,342.0,-6.0,-6.0,130,75,0,0,0,4
64.0,336.0,-6.0,-6.0,130,75,0,0,0,4
58.0,330.0,-6.0,-6.0,145,75,1,0,0,4
52.0,324.0,-6.0,-6.0,160,75,1,0,0,4
46.0,318.0,-6.0,-6.0,175,75,1,0,0,4
40.0,312.0,-6.0,-6.0,190,75,1,0,0,4
34.0,306.0,-6.0,-6.0,205,75,1,0,0,4
28.0,300.0,-6.0,-6.0,220,75,1,0,0,4
22.0,294.0,-6.0,-6.0,235,75,1,0,0,4
16.0,288.0,6.0,-6.0,250,75,1,0,0,4
22.0,282.0,6.0,-6.0,265,75,1,0,0,4
28.0,276.0,6.0,-6.0,280,85,1,1,0,4
34.0,270.0,6.0,-6.0,295,95,1,1,0,4
40.0,264.0,6.0,-6.0,310,105,1,1,0,4
46.0,258.0,6.0,-6.0,325,115,1,1,0,4
52.0,252.0,6.0,-6.0,340,125,1,1,0,4
58.0,246.0,6.0,-6.0,355,135,1,1,0,4
64.0,240.0,6.0,-6.0,370,145,1,1,0,4
70.0,234.0,6.0,-6.0,370,155,0,1,0,4
76.0,228.0,6.0,-6.0,370,155,0,0,0,4
82.0,222.0,6.0,-6.0,370,165,0,1,0,4
88.0,216.0,6.0,-6.0,370,175,0,1,0,4
94.0,210.0,6.0,-6.0,370,165,0,-1,0,4
100.0,204.0,6.0,-6.0,370,155,0,-1,0,4
106.0,198.0,6.0,-6.0,370,145,0,-1,0,4
112.0,192.0,6.0,-6.0,370,155,0,1,0,4
118.0,186.0,6.0,-6.0,370,155,0,0,0,4
124.0,180.0,6.0,-6.0,370,145,0,-1,0,4
130.0,174.0,6.0,-6.0,370,145,0,0,0,4
136.0,168.0,6.0,-6.0,370,135,0,-1,0,4
142.0,162.0,6.0,-6.0,370,125,0,-1,0,4
148.0,156.0,6.0,-6.0,370,115,0,-1,0,4
154.0,150.0,6.0,-6.0,370,115,0,0,0,4
160.0,144.0,6.0,-6.0,370,105,0,-1,0,4
166.0,138.0,6.0,-6.0,370,95,0,-1,0,4
172.0,132.0,6.0,-6.0,370,85,0,-1,0,4
178.0,126.0,6.0,-6.0,370,75,0,-1,0,4
184.0,120.0,6.0,-6.0,370,85,0,1,0,4
190.0,114.0,6.0,-6.0,370,75,0,-1,0,4
196.0,108.0,6.0,-6.0,370,65,0,-1,0,4
202.0,102.0,6.0,-6.0,370,55,0,-1,0,4
208.0,96.0,6.0,-6.0,370,45,0,-1,0,4
214.0,90.0,6.0,-6.0,370,55,0,1,0,4
220.0,84.0,6.0,-6.0,370,45,0,-1,0,4
226.0,78.0,6.0,-6.0,370,35,0,-1,0,4
232.0,72.0,6.0,-6.0,370,25,0,-1,0,4
238.0,66.0,6.0,-6.0,370,15,0,-1,0,4
244.0,60.0,6.0,-6.0,370,25,0,1,0,4
250.0,54.0,6.0,-6.0,370,15,0,-1,0,4
256.0,48.0,6.0,-6.0,370,5,0,-1,0,4
262.0,42.0,6.0,-6.0,370,-5,0,-1,0,4
268.0,36.0,6.0,-6.0,370,-15,0,-1,0,4
274.0,30.0,6.0,-6.0,370,-5,0,1,0,4
280.0,24.0,6.0,-6.0,370,-15,0,-1,0,4
286.0,18.0,6.0,-6.0,370,-25,0,-1,0,4
292.0,12.0,6.0,-6.0,370,-35,0,-1,0,4
298.0,6.0,6.0,6.0,370,-45,0,-1,0,4
304.0,12.0,6.0,6.0,370,-35,0,1,0,4
310.0,18.0,6.0,6.0,370,-45,0,-1,0,4
316.0,24.0,6.0,6.0,370,-35,0,1,0,4
322.0,30.0,6.0,6.0,370,-25,0,1,0,4
328.0,36.0,6.0,6.0,370,-15,0,1,0,4
334.0,42.0,6.0,6.0,355,-5,-1,1,0,4
340.0,48.0,6.0,6.0,340,-15,-1,-1,0,4
346.0,54.0,6.0,6.0,325,-15,-1,0,0,4
352.0,60.0,6.0,6.0,310,-5,-1,1,0,4
358.0,66.0,6.0,6.0,295,5,-1,1,0,4
364.0,72.0,6.0,6.0,280,15,-1,1,0,4
370.0,78.0,6.0,6.0,265,25,-1,1,0,4
376.0,84.0,6.0,6.0,250,35,-1,1,0,4
382.0,90.0,6.0,6.0,235,25,-1,-1,0,4
388.0,96.0,6.0,6.0,220,35,-1,1,0,4
394.0,102.0,6.0,6.0,205,45,-1,1,0,4
400.0,108.0,6.0,6.0,190,45,-1,0,0,4
406.0,114.0,6.0,6.0,175,55,-1,1,0,4
412.0,120.0,6.0,6.0,160,65,-1,1,0,4
418.0,126.0,6.0,6.0,145,75,-1,1,0,4
424.0,132.0,6.0,6.0,130,85,-1,1,0,4
430.0,138.0,6.0,6.0,115,75,-1,-1,0,4
436.0,144.0,6.0,6.0,100,85,-1,1,0,4
442.0,150.0,6.0,6.0,85,95,-1,1,0,4
448.0,156.0,6.0,6.0,70,105,-1,1,0,4
454.0,162.0,6.0,6.0,55,115,-1,1,0,4
460.0,168.0,6.0,6.0,40,105,-1,-1,0,4
466.0,174.0,6.0,6.0,25,115,-1,1,0,4
472.0,180.0,6.0,6.0,10,125,-1,1,0,4
478.0,186.0,6.0,6.0,-5,135,-1,1,0,4
484.0,192.0,6.0,6.0,-5,135,0,0,0,4
490.0,198.0,6.0,6.0,-5,145,0,1,0,4
496.0,204.0,6.0,6.0,-5,155,0,1,0,4
502.0,210.0,6.0,6.0,-5,145,0,-1,0,4
508.0,216.0,6.0,6.0,-5,155,0,1,0,4
514.0,222.0,6.0,6.0,-5,165,0,1,0,4
520.0,228.0,6.0,6.0,-5,175,0,1,0,4
526.0,234.0,6.0,6.0,-5,185,0,1,0,4
532.0,240.0,6.0,6.0,-5,175,0,-1,0,4
538.0,246.0,6.0,6.0,-5,185,0,1,0,4
544.0,252.0,6.0,6.0,-5,195,0,1,0,4
550.0,258.0,6.0,6.0,-5,205,0,1,0,4
556.0,264.0,6.0,6.0,-5,215,0,1,0,4
562.0,270.0,6.0,6.0,-5,205,0,-1,0,4
568.0,276.0,6.0,6.0,-5,215,0,1,0,4
574.0,282.0,6.0,6.0,-5,225,0,1,0,4
580.0,288.0,6.0,6.0,-5,235,0,1,0,4
586.0,294.0,6.0,6.0,-5,245,0,1,0,4
592.0,300.0,6.0,6.0,-5,235,0,-1,0,4
598.0,306.0,6.0,6.0,-5,245,0,1,0,4
604.0,312.0,6.0,6.0,-5,255,0,1,0,4
610.0,318.0,6.0,6.0,-5,265,0,1,0,4
616.0,324.0,6.0,6.0,-5,265,0,0,0,4
622.0,330.0,6.0,6.0,-5,275,0,1,0,4
628.0,336.0,6.0,6.0,-5,285,0,1,0,4
634.0,342.0,6.0,6.0,-5,295,0,1,0,4
640.0,348.0,6.0,6.0,-5,285,0,-1,0,4
646.0,354.0,6.0,6.0,-5,295,0,1,0,4
652.0,360.0,6.0,6.0,-5,305,0,1,0,4
658.0,366.0,6.0,6.0,-5,315,0,1,0,4
664.0,372.0,6.0,6.0,-5,325,0,1,0,4
670.0,378.0,6.0,6.0,-5,315,0,-1,0,4
676.0,384.0,6.0,6.0,-5,325,0,1,0,4
682.0,390.0,6.0,6.0,-5,335,0,1,0,4
688.0,396.0,6.0,6.0,-5,345,0,1,0,4
694.0,402.0,6.0,6.0,-5,355,0,1,0,4
700.0,408.0,6.0,6.0,-5,345,0,-1,0,4
706.0,414.0,6.0,6.0,-5,345,0,0,0,4
712.0,420.0,6.0,6.0,-5,355,0,1,0,4
718.0,426.0,6.0,6.0,-5,365,0,1,0,4
724.0,432.0,6.0,6.0,-5,375,0,1,0,4
730.0,438.0,6.0,6.0,-5,385,0,1,0,4
736.0,444.0,6.0,6.0,-5,395,0,1,0,4
742.0,450.0,6.0,6.0,-5,395,0,0,0,4
748.0,456.0,6.0,6.0,-5,405,0,1,0,4
754.0,462.0,6.0,6.0,-5,415,0,1,0,4
760.0,468.0,6.0,6.0,-5,405,0,-1,0,4
766.0,474.0,6.0,6.0,-5,415,0,1,0,4
772.0,480.0,6.0,6.0,-5,425,0,1,0,4
778.0,486.0,6.0,6.0,-5,435,0,1,0,4
784.0,492.0,-6.0,6.0,-5,445,0,1,0,4
778.0,498.0,-6.0,6.0,-5,445,0,0,0,4
772.0,504.0,-6.0,6.0,-5,445,0,0,0,4
766.0,510.0,-6.0,6.0,-5,445,0,0,0,4
760.0,516.0,-6.0,6.0,-5,445,0,0,0,4
754.0,522.0,-6.0,6.0,-5,445,0,0,0,4
748.0,528.0,-6.0,6.0,-5,445,0,0,0,4
742.0,534.0,-6.0,6.0,-5,445,0,0,0,4
736.0,540.0,-6.0,6.0,-5,445,0,0,0,4
730.0,546.0,-6.0,6.0,-5,445,0,0,0,4
724.0,552.0,-6.0,6.0,-5,445,0,0,0,4
718.0,558.0,-6.0,6.0,-5,445,0,0,0,4
712.0,564.0,-6.0,6.0,-5,445,0,0,0,4
706.0,570.0,-6.0,6.0,-5,445,0,0,0,4
700.0,576.0,-6.0,6.0,-5,445,0,0,0,4
694.0,582.0,-6.0,6.0,-5,445,0,0,0,4
688.0,588.0,-6.0,6.0,-5,445,0,0,0,4
682.0,594.0,-6.0,-6.0,-5,445,0,0,0,4
676.0,588.0,-6.0,-6.0,-5,445,0,0,0,4
670.0,582.0,-6.0,-6.0,-5,445,0,0,0,4
664.0,576.0,-6.0,-6.0,-5,445,0,0,0,4
658.0,570.0,-6.0,-6.0,-5,445,0,0,0,4
652.0,564.0,-6.0,-6.0,-5,445,0,0,0,4
646.0,558.0,-6.0,-6.0,-5,445,0,0,0,4
640.0,552.0,-6.0,-6.0,-5,445,0,0,0,4
634.0,546.0,-6.0,-6.0,-5,445,0,0,0,4
628.0,540.0,-6.0,-6.0,-5,445,0,0,0,4
622.0,534.0,-6.0,-6.0,-5,445,0,0,0,4
616.0,528.0,-6.0,-6.0,-5,445,0,0,0,4
610.0,522.0,-6.0,-6.0,-5,445,0,0,0,4
604.0,516.0,-6.0,-6.0,-5,445,0,0,0,4
598.0,510.0,-6.0,-6.0,-5,445,0,0,0,4
592.0,504.0,-6.0,-6.0,-5,445,0,0,0,4
586.0,498.0,-6.0,-6.0,-5,445,0,0,0,4
580.0,492.0,-6.0,-6.0,-5,445,0,0,0,4
574.0,486.0,-6.0,-6.0,-5,445,0,0,0,4
568.0,480.0,-6.0,-6.0,-5,445,0,0,0,4
562.0,474.0,-6.0,-6.0,-5,445,0,0,0,4
556.0,468.0,-6.0,-6.0,-5,445,0,0,0,4
550.0,462.0,-6.0,-6.0,-5,445,0,0,0,4
544.0,456.0,-6.0,-6.0,-5,445,0,0,0,4
538.0,450.0,-6.0,-6.0,-5,445,0,0,0,4
532.0,444.0,-6.0,-6.0,-5,445,0,0,0,4
526.0,438.0,-6.0,-6.0,-5,445,0,0,0,4
520.0,432.0,-6.0,-6.0,-5,445,0,0,0,4
514.0,426.0,-6.0,-6.0,-5,445,0,0,0,4
508.0,420.0,-6.0,-6.0,-5,445,0,0,0,4
502.0,414.0,-6.0,-6.0,-5,445,0,0,0,4
496.0,408.0,-6.0,-6.0,-5,445,0,0,0,4
490.0,402.0,-6.0,-6.0,-5,445,0,0,0,4
484.0,396.0,-6.0,-6.0,-5,445,0,0,0,4
478.0,390.0,-6.0,-6.0,-5,445,0,0,0,4
472.0,384.0,-6.0,-6.0,-5,445,0,0,0,4
466.0,378.0,-6.0,-6.0,-5,445,0,0,0,4
460.0,372.0,-6.0,-6.0,-5,445,0,0,0,4
454.0,366.0,-6.0,-6.0,-5,445,0,0,0,4
448.0,360.0,-6.0,-6.0,-5,445,0,0,0,4
442.0,354.0,-6.0,-6.0,-5,445,0,0,0,4
436.0,348.0,-6.0,-6.0,-5,445,0,0,0,4
430.0,342.0,-6.0,-6.0,-5,445,0,0,0,4
424.0,336.0,-6.0,-6.0,-5,445,0,0,0,4
418.0,330.0,-6.0,-6.0,-5,445,0,0,0,4
412.0,324.0,-6.0,-6.0,-5,445,0,0,0,4
406.0,318.0,-6.0,-6.0,-5,445,0,0,0,4
400.0,312.0,-6.0,-6.0,-5,445,0,0,0,4
394.0,306.0,-6.0,-6.0,-5,445,0,0,0,4
388.0,300.0,-6.0,-6.0,-5,445,0,0,0,4
382.0,294.0,-6.0,-6.0,-5,445,0,0,0,4
376.0,288.0,-6.0,-6.0,-5,445,0,0,0,4
370.0,282.0,-6.0,-6.0,-5,445,0,0,0,4
364.0,276.0,-6.0,-6.0,-5,445,0,0,0,4
358.0,270.0,-6.0,-6.0,-5,445,0,0,0,4
352.0,264.0,-6.0,-6.0,-5,445,0,0,0,4
346.0,258.0,-6.0,-6.0,-5,445,0,0,0,4
340.0,252.0,-6.0,-6.0,-5,445,0,0,0,4
334.0,246.0,-6.0,-6.0,-5,445,0,0,0,4
328.0,240.0,-6.0,-6.0,-5,445,0,0,0,4
322.0,234.0,-6.0,-6.0,-5,445,0,0,0,4
316.0,228.0,-6.0,-6.0,-5,445,0,0,0,4
310.0,222.0,-6.0,-6.0,-5,445,0,0,0,4
304.0,216.0,-6.0,-6.0,-5,445,0,0,0,4
298.0,210.0,-6.0,-6.0,-5,445,0,0,0,4
292.0,204.0,-6.0,-6.0,-5,445,0,0,0,4
286.0,198.0,-6.0,-6.0,-5,445,0,0,0,4
280.0,192.0,-6.0,-6.0,-5,445,0,0,0,4
274.0,186.0,-6.0,-6.0,-5,445,0,0,0,4
268.0,180.0,-6.0,-6.0,-5,445,0,0,0,4
262.0,174.0,-6.0,-6.0,-5,445,0,0,0,4
256.0,168.0,-6.0,-6.0,-5,445,0,0,0,4
250.0,162.0,-6.0,-6.0,-5,445,0,0,0,4
244.0,156.0,-6.0,-6.0,-5,445,0,0,0,4
238.0,150.0,-6.0,-6.0,-5,445,0,0,0,4
232.0,144.0,-6.0,-6.0,-5,445,0,0,0,4
226.0,138.0,-6.0,-6.0,-5,445,0,0,0,4
220.0,132.0,-6.0,-6.0,-5,445,0,0,0,4
214.0,126.0,-6.0,-6.0,-5,445,0,0,0,4
208.0,120.0,-6.0,-6.0,-5,445,0,0,0,4
202.0,114.0,-6.0,-6.0,-5,445,0,0,0,4
196.0,108.0,-6.0,-6.0,-5,445,0,0,0,4
190.0,102.0,-6.0,-6.0,-5,445,0,0,0,4
184.0,96.0,-6.0,-6.0,-5,445,0,0,0,4
178.0,90.0,-6.0,-6.0,-5,445,0,0,0,4
172.0,84.0,-6.0,-6.0,-5,445,0,0,0,4
166.0,78.0,-6.0,-6.0,-5,445,0,0,0,4
160.0,72.0,-6.0,-6.0,-5,445,0,0,0,4
154.0,66.0,-6.0,-6.0,-5,445,0,0,0,4
148.0,60.0,-6.0,-6.0,-5,445,0,0,0,4
142.0,54.0,-6.0,-6.0,-5,445,0,0,0,4
136.0,48.0,-6.0,-6.0,-5,445,0,0,0,4
130.0,42.0,-6.0,-6.0,-5,445,0,0,0,4
124.0,36.0,-6.0,-6.0,-5,445,0,0,0,4
118.0,30.0,-6.0,-6.0,-5,445,0,0,0,4
112.0,24.0,-6.0,-6.0,-5,445,0,0,0,4
106.0,18.0,-6.0,-6.0,-5,445,0,0,0,4
100.0,12.0,-6.0,-6.0,-5,445,0,0,0,4
94.0,6.0,-6.0,6.0,-5,445,0,0,0,4
88.0,12.0,-6.0,6.0,-5,445,0,0,0,4
82.0,18.0,-6.0,6.0,-5,445,0,0,0,4
76.0,24.0,-6.0,6.0,-5,445,0,0,0,4
70.0,30.0,-6.0,6.0,-5,445,0,0,0,4
64.0,36.0,-6.0,6.0,10,445,1,0,0,4
58.0,42.0,-6.0,6.0,25,445,1,0,0,4
52.0,48.0,-6.0,6.0,40,445,1,0,0,4
46.0,54.0,-6.0,6.0,55,445,1,0,0,4
40.0,60.0,-6.0,6.0,70,445,1,0,0,4
34.0,66.0,-6.0,6.0,85,445,1,0,0,4
28.0,72.0,-6.0,6.0,100,445,1,0,0,4
22.0,78.0,-6.0,6.0,115,445,1,0,0,4
16.0,84.0,-6.0,6.0,130,445,1,0,0,4
10.0,90.0,-6.0,6.0,145,445,1,0,0,4
4.0,96.0,-6.0,6.0,160,445,1,0,0,4
400,300,6.0,6.0,175,445,1,0,0,5
406.0,306.0,6.0,6.0,190,445,1,0,0,5
412.0,312.0,6.0,6.0,190,435,0,-1,0,5
418.0,318.0,6.0,6.0,190,425,0,-1,0,5
424.0,324.0,6.0,6.0,190,415,0,-1,0,5
430.0,330.0,6.0,6.0,190,405,0,-1,0,5
436.0,336.0,6.0,6.0,190,405,0,0,0,5
442.0,342.0,6.0,6.0,190,395,0,-1,0,5
448.0,348.0,6.0,6.0,190,385,0,-1,0,5
454.0,354.0,6.0,6.0,190,375,0,-1,0,5
460.0,360.0,6.0,6.0,190,365,0,-1,0,5
466.0,366.0,6.0,6.0,190,355,0,-1,0,5
472.0,372.0,6.0,6.0,190,345,0,-1,0,5
478.0,378.0,6.0,6.0,190,335,0,-1,0,5
484.0,384.0,6.0,6.0,190,325,0,-1,0,5
490.0,390.0,6.0,6.0,190,335,0,1,0,5
496.0,396.0,6.0,6.0,190,345,0,1,0,5
502.0,402.0,6.0,6.0,190,355,0,1,0,5
508.0,408.0,6.0,6.0,190,355,0,0,0,5
514.0,414.0,6.0,6.0,190,365,0,1,0,5
520.0,420.0,6.0,6.0,190,355,0,-1,0,5
526.0,426.0,6.0,6.0,190,365,0,1,0,5
532.0,432.0,6.0,6.0,190,375,0,1,0,5
538.0,438.0,6.0,6.0,190,385,0,1,0,5
544.0,444.0,6.0,6.0,190,395,0,1,0,5
550.0,450.0,6.0,6.0,190,385,0,-1,0,5
556.0,456.0,6.0,6.0,190,395,0,1,0,5
562.0,462.0,6.0,6.0,190,405,0,1,0,5
568.0,468.0,6.0,6.0,190,415,0,1,0,5
574.0,474.0,6.0,6.0,190,425,0,1,0,5
580.0,480.0,6.0,6.0,190,415,0,-1,0,5
586.0,486.0,6.0,6.0,190,425,0,1,0,5
592.0,492.0,6.0,6.0,190,435,0,1,0,5
598.0,498.0,6.0,6.0,190,445,0,1,0,5
604.0,504.0,6.0,6.0,190,455,0,1,0,5
610.0,510.0,6.0,6.0,190,445,0,-1,0,5
616.0,516.0,6.0,6.0,190,455,0,1,0,5
622.0,522.0,6.0,6.0,190,465,0,1,0,5
628.0,528.0,6.0,6.0,190,475,0,1,0,5
634.0,534.0,6.0,6.0,190,475,0,0,0,5
640.0,540.0,6.0,6.0,190,485,0,1,0,5
646.0,546.0,6.0,6.0,190,495,0,1,0,5
652.0,552.0,6.0,6.0,190,505,0,1,0,5
658.0,558.0,6.0,6.0,190,495,0,-1,0,5
664.0,564.0,6.0,6.0,190,495,0,0,0,5
670.0,570.0,6.0,6.0,190,505,0,1,0,5
676.0,576.0,6.0,6.0,190,515,0,1,0,5
682.0,582.0,6.0,6.0,190,525,0,1,0,5
688.0,588.0,6.0,6.0,190,535,0,1,0,5
694.0,594.0,6.0,-6.0,190,545,0,1,0,5
700.0,588.0,6.0,-6.0,190,535,0,-1,0,5
706.0,582.0,6.0,-6.0,190,545,0,1,0,5
712.0,576.0,6.0,-6.0,190,535,0,-1,0,5
718.0,570.0,6.0,-6.0,190,525,0,-1,0,5
724.0,564.0,6.0,-6.0,190,515,0,-1,0,5
730.0,558.0,6.0,-6.0,190,505,0,-1,0,5
736.0,552.0,6.0,-6.0,190,515,0,1,0,5
742.0,546.0,6.0,-6.0,190,505,0,-1,0,5
748.0,540.0,6.0,-6.0,175,505,-1,0,0,5
754.0,534.0,6.0,-6.0,160,495,-1,-1,0,5
760.0,528.0,6.0,-6.0,145,485,-1,-1,0,5
766.0,522.0,6.0,-6.0,130,485,-1,0,0,5
772.0,516.0,6.0,-6.0,115,475,-1,-1,0,5
778.0,510.0,6.0,-6.0,100,465,-1,-1,0,5
784.0,504.0,-6.0,-6.0,85,465,-1,0,0,5
778.0,498.0,-6.0,-6.0,70,465,-1,0,0,5
772.0,492.0,-6.0,-6.0,55,465,-1,0,0,5
766.0,486.0,-6.0,-6.0,40,465,-1,0,0,5
760.0,480.0,-6.0,-6.0,25,465,-1,0,0,5
754.0,474.0,-6.0,-6.0,10,465,-1,0,0,5
748.0,468.0,-6.0,-6.0,-5,465,-1,0,0,5
742.0,462.0,-6.0,-6.0,-5,465,0,0,0,5
736.0,456.0,-6.0,-6.0,-5,465,0,0,0,5
730.0,450.0,-6.0,-6.0,-5,465,0,0,0,5
724.0,444.0,-6.0,-6.0,-5,465,0,0,0,5
718.0,438.0,-6.0,-6.0,-5,465,0,0,0,5
712.0,432.0,-6.0,-6.0,-5,465,0,0,0,5
706.0,426.0,-6.0,-6.0,-5,465,0,0,0,5
700.0,420.0,-6.0,-6.0,-5,465,0,0,0,5
694.0,414.0,-6.0,-6.0,-5,465,0,0,0,5
688.0,408.0,-6.0,-6.0,-5,465,0,0,0,5
682.0,402.0,-6.0,-6.0,-5,465,0,0,0,5
676.0,396.0,-6.0,-6.0,-5,465,0,0,0,5
670.0,390.0,-6.0,-6.0,-5,465,0,0,0,5
664.0,384.0,-6.0,-6.0,-5,465,0,0,0,5
658.0,378.0,-6.0,-6.0,-5,465,0,0,0,5
652.0,372.0,-6.0,-6.0,-5,465,0,0,0,5
646.0,366.0,-6.0,-6.0,-5,465,0,0,0,5
640.0,360.0,-6.0,-6.0,-5,465,0,0,0,5
634.0,354.0,-6.0,-6.0,-5,465,0,0,0,5
628.0,348.0,-6.0,-6.0,-5,465,0,0,0,5
622.0,342.0,-6.0,-6.0,-5,465,0,0,0,5
616.0,336.0,-6.0,-6.0,-5,465,0,0,0,5
610.0,330.0,-6.0,-6.0,-5,465,0,0,0,5
604.0,324.0,-6.0,-6.0,-5,465,0,0,0,5
598.0,318.0,-6.0,-6.0,-5,465,0,0,0,5
592.0,312.0,-6.0,-6.0,-5,465,0,0,0,5
586.0,306.0,-6.0,-6.0,-5,465,0,0,0,5
580.0,300.0,-6.0,-6.0,-5,465,0,0,0,5
574.0,294.0,-6.0,-6.0,-5,465,0,0,0,5
568.0,288.0,-6.0,-6.0,10,465,1,0,0,5
562.0,282.0,-6.0,-6.0,25,465,1,0,0,5
556.0,276.0,-6.0,-6.0,40,465,1,0,0,5
550.0,270.0,-6.0,-6.0,55,465,1,0,0,5
544.0,264.0,-6.0,-6.0,70,465,1,0,0,5
538.0,258.0,-6.0,-6.0,85,465,1,0,0,5
532.0,252.0,-6.0,-6.0,100,465,1,0,0,5
526.0,246.0,-6.0,-6.0,115,465,1,0,0,5
520.0,240.0,-6.0,-6.0,130,465,1,0,0,5
514.0,234.0,-6.0,-6.0,145,465,1,0,0,5
508.0,228.0,-6.0,-6.0,160,465,1,0,0,5
502.0,222.0,-6.0,-6.0,175,465,1,0,0,5
496.0,216.0,-6.0,-6.0,190,465,1,0,0,5
490.0,210.0,-6.0,-6.0,205,465,1,0,0,5
484.0,204.0,-6.0,-6.0,220,465,1,0,0,5
478.0,198.0,-6.0,-6.0,235,465,1,0,0,5
472.0,192.0,-6.0,-6.0,250,465,1,0,0,5
466.0,186.0,-6.0,-6.0,265,465,1,0,0,5
460.0,180.0,-6.0,-6.0,280,465,1,0,0,5
454.0,174.0,-6.0,-6.0,295,465,1,0,0,5
448.0,168.0,-6.0,-6.0,295,465,0,0,0,5
442.0,162.0,-6.0,-6.0,295,465,0,0,0,5
436.0,156.0,-6.0,-6.0,295,465,0,0,0,5
430.0,150.0,-6.0,-6.0,295,465,0,0,0,5
424.0,144.0,-6.0,-6.0,295,465,0,0,0,5
418.0,138.0,-6.0,-6.0,295,465,0,0,0,5
412.0,132.0,-6.0,-6.0,295,465,0,0,0,5
406.0,126.0,-6.0,-6.0,295,465,0,0,0,5
400.0,120.0,-6.0,-6.0,295,465,0,0,0,5
394.0,114.0,-6.0,-6.0,295,465,0,0,0,5
388.0,108.0,-6.0,-6.0,295,465,0,0,0,5
382.0,102.0,-6.0,-6.0,295,465,0,0,0,5
376.0,96.0,-6.0,-6.0,295,465,0,0,0,5
370.0,90.0,-6.0,-6.0,295,465,0,0,0,5
364.0,84.0,-6.0,-6.0,295,465,0,0,0,5
358.0,78.0,-6.0,-6.0,280,465,-1,0,0,5
352.0,72.0,-6.0,-6.0,265,465,-1,0,0,5
346.0,66.0,-6.0,-6.0,250,465,-1,0,0,5
340.0,60.0,-6.0,-6.0,235,465,-1,0,0,5
334.0,54.0,-6.0,-6.0,220,465,-1,0,0,5
328.0,48.0,-6.0,-6.0,205,465,-1,0,0,5
322.0,42.0,-6.0,-6.0,190,465,-1,0,0,5
316.0,36.0,-6.0,-6.0,175,465,-1,0,0,5
310.0,30.0,-6.0,-6.0,160,465,-1,0,0,5
304.0,24.0,-6.0,-6.0,145,465,-1,0,0,5
298.0,18.0,-6.0,-6.0,130,465,-1,0,0,5
292.0,12.0,-6.0,-6.0,115,465,-1,0,0,5
286.0,6.0,-6.0,6.0,100,465,-1,0,0,5
280.0,12.0,-6.0,6.0,85,465,-1,0,0,5
274.0,18.0,-6.0,6.0,70,465,-1,0,0,5
268.0,24.0,-6.0,6.0,70,465,0,0,0,5
262.0,30.0,-6.0,6.0,70,465,0,0,0,5
256.0,36.0,-6.0,6.0,70,465,0,0,0,5
250.0,42.0,-6.0,6.0,70,465,0,0,0,5
244.0,48.0,-6.0,6.0,70,465,0,0,0,5
238.0,54.0,-6.0,6.0,70,465,0,0,0,5
232.0,60.0,-6.0,6.0,70,465,0,0,0,5
226.0,66.0,-6.0,6.0,70,465,0,0,0,5
220.0,72.0,-6.0,6.0,70,465,0,0,0,5
214.0,78.0,-6.0,6.0,70,465,0,0,0,5
208.0,84.0,-6.0,6.0,70,465,0,0,0,5
202.0,90.0,-6.0,6.0,70,465,0,0,0,5
196.0,96.0,-6.0,6.0,70,465,0,0,0,5
190.0,102.0,-6.0,6.0,70,465,0,0,0,5
184.0,108.0,-6.0,6.0,70,465,0,0,0,5
178.0,114.0,-6.0,6.0,70,465,0,0,0,5
172.0,120.0,-6.0,6.0,70,465,0,0,0,5
166.0,126.0,-6.0,6.0,70,465,0,0,0,5
160.0,132.0,-6.0,6.0,70,465,0,0,0,5
154.0,138.0,-6.0,6.0,70,465,0,0,0,5
148.0,144.0,-6.0,6.0,70,465,0,0,0,5
142.0,150.0,-6.0,6.0,70,465,0,0,0,5
136.0,156.0,-6.0,6.0,70,465,0,0,0,5
130.0,162.0,-6.0,6.0,70,465,0,0,0,5
124.0,168.0,-6.0,6.0,70,465,0,0,0,5
118.0,174.0,-6.0,6.0,70,465,0,0,0,5
112.0,180.0,-6.0,6.0,70,465,0,0,0,5
106.0,186.0,-6.0,6.0,70,465,0,0,0,5
100.0,192.0,-6.0,6.0,70,465,0,0,0,5
94.0,198.0,-6.0,6.0,70,465,0,0,0,5
88.0,204.0,-6.0,6.0,85,465,1,0,0,5
82.0,210.0,-6.0,6.0,100,465,1,0,0,5
76.0,216.0,-6.0,6.0,115,465,1,0,0,5
70.0,222.0,-6.0,6.0,130,465,1,0,0,5
64.0,228.0,-6.0,6.0,145,465,1,0,0,5
58.0,234.0,-6.0,6.0,160,465,1,0,0,5
52.0,240.0,-6.0,6.0,175,465,1,0,0,5
46.0,246.0,-6.0,6.0,190,465,1,0,0,5
40.0,252.0,-6.0,6.0,205,465,1,0,0,5
34.0,258.0,-6.0,6.0,220,465,1,0,0,5
28.0,264.0,-6.0,6.0,235,465,1,0,0,5
22.0,270.0,-6.0,6.0,250,465,1,0,0,5
16.0,276.0,6.0,6.0,265,465,1,0,0,5
22.0,282.0,6.0,6.0,280,455,1,-1,0,5
28.0,288.0,6.0,6.0,295,445,1,-1,0,5
34.0,294.0,6.0,6.0,310,445,1,0,0,5
40.0,300.0,6.0,6.0,325,435,1,-1,0,5
46.0,306.0,6.0,6.0,340,425,1,-1,0,5
52.0,312.0,6.0,6.0,355,425,1,0,0,5
58.0,318.0,6.0,6.0,370,415,1,-1,0,5
64.0,324.0,6.0,6.0,385,405,1,-1,0,5
70.0,330.0,6.0,6.0,400,395,1,-1,0,5
76.0,336.0,6.0,6.0,415,385,1,-1,0,5
82.0,342.0,6.0,6.0,430,375,1,-1,0,5
88.0,348.0,6.0,6.0,445,365,1,-1,0,5
94.0,354.0,6.0,6.0,460,355,1,-1,0,5
100.0,360.0,6.0,6.0,475,345,1,-1,0,5
106.0,366.0,6.0,6.0,490,335,1,-1,0,5
112.0,372.0,6.0,6.0,505,325,1,-1,0,5
118.0,378.0,6.0,6.0,505,315,0,-1,0,5
124.0,384.0,6.0,6.0,505,325,0,1,0,5
130.0,390.0,6.0,6.0,505,325,0,0,0,5
136.0,396.0,6.0,6.0,505,335,0,1,0,5
142.0,402.0,6.0,6.0,505,345,0,1,0,5
148.0,408.0,6.0,6.0,505,355,0,1,0,5
154.0,414.0,6.0,6.0,505,365,0,1,0,5
160.0,420.0,6.0,6.0,505,355,0,-1,0,5
166.0,426.0,6.0,6.0,505,365,0,1,0,5
172.0,432.0,6.0,6.0,505,375,0,1,0,5
178.0,438.0,6.0,6.0,505,385,0,1,0,5
184.0,444.0,6.0,6.0,505,395,0,1,0,5
190.0,450.0,6.0,6.0,505,385,0,-1,0,5
196.0,456.0,6.0,6.0,505,395,0,1,0,5
202.0,462.0,6.0,6.0,505,405,0,1,0,5
208.0,468.0,6.0,6.0,505,415,0,1,0,5
214.0,474.0,6.0,6.0,505,425,0,1,0,5
220.0,480.0,6.0,6.0,505,415,0,-1,0,5
226.0,486.0,6.0,6.0,505,425,0,1,0,5
232.0,492.0,6.0,6.0,505,435,0,1,0,5
238.0,498.0,6.0,6.0,505,445,0,1,0,5
244.0,504.0,6.0,6.0,505,455,0,1,0,5
250.0,510.0,6.0,6.0,505,445,0,-1,0,5
256.0,516.0,6.0,6.0,505,455,0,1,0,5
262.0,522.0,6.0,6.0,505,455,0,0,0,5
268.0,528.0,6.0,6.0,505,465,0,1,0,5
274.0,534.0,6.0,6.0,505,475,0,1,0,5
280.0,540.0,6.0,6.0,505,485,0,1,0,5
286.0,546.0,6.0,6.0,505,495,0,1,0,5
292.0,552.0,6.0,6.0,505,505,0,1,0,5
298.0,558.0,6.0,6.0,505,495,0,-1,0,5
304.0,564.0,6.0,6.0,505,505,0,1,0,5
310.0,570.0,6.0,6.0,505,515,0,1,0,5
316.0,576.0,6.0,6.0,505,525,0,1,0,5
322.0,582.0,6.0,6.0,505,535,0,1,0,5
328.0,588.0,6.0,6.0,505,525,0,-1,0,5
334.0,594.0,6.0,-6.0,505,535,0,1,0,5
340.0,588.0,6.0,-6.0,505,545,0,1,0,5
346.0,582.0,6.0,-6.0,505,535,0,-1,0,5
352.0,576.0,6.0,-6.0,505,525,0,-1,0,5
358.0,570.0,6.0,-6.0,505,535,0,1,0,5
364.0,564.0,6.0,-6.0,505,525,0,-1,0,5
370.0,558.0,6.0,-6.0,505,515,0,-1,0,5
376.0,552.0,6.0,-6.0,505,505,0,-1,0,5
382.0,546.0,6.0,-6.0,505,495,0,-1,0,5
388.0,540.0,6.0,-6.0,505,495,0,0,0,5
394.0,534.0,6.0,-6.0,505,485,0,-1,0,5
400.0,528.0,6.0,-6.0,505,475,0,-1,0,5
406.0,522.0,6.0,-6.0,505,485,0,1,0,5
412.0,516.0,6.0,-6.0,505,475,0,-1,0,5
418.0,510.0,6.0,-6.0,505,465,0,-1,0,5
424.0,504.0,6.0,-6.0,505,455,0,-1,0,5
430.0,498.0,6.0,-6.0,505,445,0,-1,0,5
436.0,492.0,6.0,-6.0,505,455,0,1,0,5
442.0,486.0,6.0,-6.0,505,445,0,-1,0,5
448.0,480.0,6.0,-6.0,505,435,0,-1,0,5
454.0,474.0,6.0,-6.0,505,425,0,-1,0,5
460.0,468.0,6.0,-6.0,505,415,0,-1,0,5
466.0,462.0,6.0,-6.0,505,425,0,1,0,5
472.0,456.0,6.0,-6.0,505,415,0,-1,0,5
478.0,450.0,6.0,-6.0,505,405,0,-1,0,5
484.0,444.0,6.0,-6.0,505,395,0,-1,0,5
490.0,438.0,6.0,-6.0,505,385,0,-1,0,5
496.0,432.0,6.0,-6.0,505,395,0,1,0,5
502.0,426.0,6.0,-6.0,505,385,0,-1,0,5
508.0,420.0,6.0,-6.0,505,375,0,-1,0,5
514.0,414.0,6.0,-6.0,505,365,0,-1,0,5
520.0,408.0,6.0,-6.0,505,355,0,-1,0,5
526.0,402.0,6.0,-6.0,505,365,0,1,0,5
532.0,396.0,6.0,-6.0,505,365,0,0,0,5
538.0,390.0,6.0,-6.0,505,355,0,-1,0,5
544.0,384.0,6.0,-6.0,505,355,0,0,0,5
550.0,378.0,6.0,-6.0,505,345,0,-1,0,5
556.0,372.0,6.0,-6.0,505,335,0,-1,0,5
562.0,366.0,6.0,-6.0,505,325,0,-1,0,5
568.0,360.0,6.0,-6.0,505,315,0,-1,0,5
574.0,354.0,6.0,-6.0,505,315,0,0,0,5
580.0,348.0,6.0,-6.0,505,305,0,-1,0,5
586.0,342.0,6.0,-6.0,505,295,0,-1,0,5
592.0,336.0,6.0,-6.0,505,285,0,-1,0,5
598.0,330.0,6.0,-6.0,505,295,0,1,0,5
604.0,324.0,6.0,-6.0,505,285,0,-1,0,5
610.0,318.0,6.0,-6.0,505,275,0,-1,0,5
616.0,312.0,6.0,-6.0,505,265,0,-1,0,5
622.0,306.0,6.0,-6.0,505,255,0,-1,0,5
628.0,300.0,6.0,-6.0,505,255,0,0,0,5
634.0,294.0,6.0,-6.0,505,255,0,0,0,5
640.0,288.0,6.0,-6.0,505,245,0,-1,0,5
646.0,282.0,6.0,-6.0,505,245,0,0,0,5
652.0,276.0,6.0,-6.0,505,235,0,-1,0,5
658.0,270.0,6.0,-6.0,505,225,0,-1,0,5
664.0,264.0,6.0,-6.0,505,215,0,-1,0,5
670.0,258.0,6.0,-6.0,505,205,0,-1,0,5
676.0,252.0,6.0,-6.0,505,215,0,1,0,5
682.0,246.0,6.0,-6.0,505,205,0,-1,0,5
688.0,240.0,6.0,-6.0,505,195,0,-1,0,5
694.0,234.0,6.0,-6.0,505,185,0,-1,0,5
700.0,228.0,6.0,-6.0,505,175,0,-1,0,5
706.0,222.0,6.0,-6.0,505,185,0,1,0,5
712.0,216.0,6.0,-6.0,505,175,0,-1,0,5
718.0,210.0,6.0,-6.0,505,165,0,-1,0,5
724.0,204.0,6.0,-6.0,505,165,0,0,0,5
730.0,198.0,6.0,-6.0,505,155,0,-1,0,5
736.0,192.0,6.0,-6.0,505,145,0,-1,0,5
742.0,186.0,6.0,-6.0,505,135,0,-1,0,5
748.0,180.0,6.0,-6.0,505,135,0,0,0,5
754.0,174.0,6.0,-6.0,505,125,0,-1,0,5
760.0,168.0,6.0,-6.0,505,115,0,-1,0,5
766.0,162.0,6.0,-6.0,505,125,0,1,0,5
772.0,156.0,6.0,-6.0,505,115,0,-1,0,5
778.0,150.0,6.0,-6.0,505,105,0,-1,0,5
784.0,144.0,-6.0,-6.0,505,95,0,-1,0,5
778.0,138.0,-6.0,-6.0,505,95,0,0,0,5
772.0,132.0,-6.0,-6.0,505,95,0,0,0,5
766.0,126.0,-6.0,-6.0,505,95,0,0,0,5
760.0,120.0,-6.0,-6.0,505,95,0,0,0,5
754.0,114.0,-6.0,-6.0,505,95,0,0,0,5
748.0,108.0,-6.0,-6.0,505,95,0,0,0,5
742.0,102.0,-6.0,-6.0,505,95,0,0,0,5
736.0,96.0,-6.0,-6.0,505,95,0,0,0,5
730.0,90.0,-6.0,-6.0,505,95,0,0,0,5
724.0,84.0,-6.0,-6.0,505,95,0,0,0,5
718.0,78.0,-6.0,-6.0,505,95,0,0,0,5
712.0,72.0,-6.0,-6.0,505,95,0,0,0,5
706.0,66.0,-6.0,-6.0,505,95,0,0,0,5
700.0,60.0,-6.0,-6.0,505,95,0,0,0,5
694.0,54.0,-6.0,-6.0,505,95,0,0,0,5
688.0,48.0,-6.0,-6.0,505,95,0,0,0,5
682.0,42.0,-6.0,-6.0,505,95,0,0,0,5
676.0,36.0,-6.0,-6.0,505,95,0,0,0,5
670.0,30.0,-6.0,-6.0,505,95,0,0,0,5
664.0,24.0,-6.0,-6.0,505,95,0,0,0,5
658.0,18.0,-6.0,-6.0,505,95,0,0,0,5
652.0,12.0,-6.0,-6.0,505,95,0,0,0,5
646.0,6.0,-6.0,6.0,505,95,0,0,0,5
640.0,12.0,-6.0,6.0,505,95,0,0,0,5
634.0,18.0,-6.0,6.0,505,95,0,0,0,5
628.0,24.0,-6.0,6.0,505,95,0,0,0,5
622.0,30.0,-6.0,6.0,505,95,0,0,0,5
616.0,36.0,-6.0,6.0,505,95,0,0,0,5
610.0,42.0,-6.0,6.0,505,95,0,0,0,5
604.0,48.0,-6.0,6.0,505,95,0,0,0,5
598.0,54.0,-6.0,6.0,505,95,0,0,0,5
592.0,60.0,-6.0,6.0,505,95,0,0,0,5
586.0,66.0,-6.0,6.0,505,95,0,0,0,5
580.0,72.0,-6.0,6.0,505,95,0,0,0,5
574.0,78.0,-6.0,6.0,505,95,0,0,0,5
568.0,84.0,-6.0,6.0,505,95,0,0,0,5
562.0,90.0,-6.0,6.0,505,95,0,0,0,5
556.0,96.0,-6.0,6.0,505,95,0,0,0,5
550.0,102.0,-6.0,6.0,490,95,-1,0,0,5
544.0,108.0,-6.0,6.0,475,95,-1,0,0,5
538.0,114.0,-6.0,6.0,460,95,-1,0,0,5
532.0,120.0,-6.0,6.0,445,95,-1,0,0,5
526.0,126.0,-6.0,6.0,430,95,-1,0,0,5
520.0,132.0,-6.0,6.0,415,95,-1,0,0,5
514.0,138.0,-6.0,6.0,400,95,-1,0,0,5
508.0,144.0,-6.0,6.0,385,95,-1,0,0,5
502.0,150.0,-6.0,6.0,370,95,-1,0,0,5
496.0,156.0,-6.0,6.0,355,95,-1,0,0,5
490.0,162.0,-6.0,6.0,340,95,-1,0,0,5
484.0,168.0,-6.0,6.0,325,95,-1,0,0,5
478.0,174.0,-6.0,6.0,310,95,-1,0,0,5
472.0,180.0,-6.0,6.0,295,95,-1,0,0,5
466.0,186.0,-6.0,6.0,280,95,-1,0,0,5
460.0,192.0,-6.0,6.0,265,95,-1,0,0,5
454.0,198.0,-6.0,6.0,250,95,-1,0,0,5
448.0,204.0,-6.0,6.0,235,95,-1,0,0,5
442.0,210.0,-6.0,6.0,220,95,-1,0,0,5
436.0,216.0,-6.0,6.0,205,95,-1,0,0,5
430.0,222.0,-6.0,6.0,190,95,-1,0,0,5
424.0,228.0,-6.0,6.0,175,95,-1,0,0,5
418.0,234.0,-6.0,6.0,160,95,-1,0,0,5
412.0,240.0,-6.0,6.0,145,95,-1,0,0,5
406.0,246.0,-6.0,6.0,130,95,-1,0,0,5
400.0,252.0,-6.0,6.0,130,95,0,0,0,5
394.0,258.0,-6.0,6.0,130,95,0,0,0,5
388.0,264.0,-6.0,6.0,130,95,0,0,0,5
382.0,270.0,-6.0,6.0,130,95,0,0,0,5
376.0,276.0,-6.0,6.0,130,95,0,0,0,5
370.0,282.0,-6.0,6.0,130,95,0,0,0,5
364.0,288.0,-6.0,6.0,130,95,0,0,0,5
358.0,294.0,-6.0,6.0,130,95,0,0,0,5
352.0,300.0,-6.0,6.0,130,95,0,0,0,5
346.0,306.0,-6.0,6.0,130,95,0,0,0,5
340.0,312.0,-6.0,6.0,130,95,0,0,0,5
334.0,318.0,-6.0,6.0,130,95,0,0,0,5
328.0,324.0,-6.0,6.0,130,95,0,0,0,5
322.0,330.0,-6.0,6.0,130,95,0,0,0,5
316.0,336.0,-6.0,6.0,130,95,0,0,0,5
310.0,342.0,-6.0,6.0,130,95,0,0,0,5
304.0,348.0,-6.0,6.0,130,95,0,0,0,5
298.0,354.0,-6.0,6.0,145,95,1,0,0,5
292.0,360.0,-6.0,6.0,160,95,1,0,0,5
286.0,366.0,-6.0,6.0,175,95,1,0,0,5
280.0,372.0,-6.0,6.0,190,95,1,0,0,5
274.0,378.0,-6.0,6.0,205,95,1,0,0,5
268.0,384.0,-6.0,6.0,220,95,1,0,0,5
262.0,390.0,-6.0,6.0,235,95,1,0,0,5
256.0,396.0,-6.0,6.0,250,95,1,0,0,5
250.0,402.0,-6.0,6.0,265,95,1,0,0,5
244.0,408.0,-6.0,6.0,280,95,1,0,0,5
238.0,414.0,-6.0,6.0,295,95,1,0,0,5
232.0,420.0,-6.0,6.0,310,95,1,0,0,5
226.0,426.0,-6.0,6.0,325,95,1,0,0,5
220.0,432.0,-6.0,6.0,340,95,1,0,0,5
214.0,438.0,-6.0,6.0,355,95,1,0,0,5
208.0,444.0,-6.0,6.0,370,95,1,0,0,5
202.0,450.0,-6.0,6.0,385,95,1,0,0,5
196.0,456.0,-6.0,6.0,400,95,1,0,0,5
190.0,462.0,-6.0,6.0,415,95,1,0,0,5
184.0,468.0,-6.0,6.0,430,95,1,0,0,5
178.0,474.0,-6.0,6.0,445,95,1,0,0,5
172.0,480.0,-6.0,6.0,445,95,0,0,0,5
166.0,486.0,-6.0,6.0,445,95,0,0,0,5
160.0,492.0,-6.0,6.0,445,95,0,0,0,5
154.0,498.0,-6.0,6.0,445,95,0,0,0,5
148.0,504.0,-6.0,6.0,445,95,0,0,0,5
142.0,510.0,-6.0,6.0,445,95,0,0,0,5
136.0,516.0,-6.0,6.0,445,95,0,0,0,5
130.0,522.0,-6.0,6.0,445,95,0,0,0,5
124.0,528.0,-6.0,6.0,445,95,0,0,0,5
118.0,534.0,-6.0,6.0,445,95,0,0,0,5
112.0,540.0,-6.0,6.0,445,95,0,0,0,5
106.0,546.0,-6.0,6.0,445,95,0,0,0,5
100.0,552.0,-6.0,6.0,445,95,0,0,0,5
94.0,558.0,-6.0,6.0,445,95,0,0,0,5
88.0,564.0,-6.0,6.0,460,95,1,0,0,5
82.0,570.0,-6.0,6.0,475,95,1,0,0,5
76.0,576.0,-6.0,6.0,490,95,1,0,0,5
70.0,582.0,-6.0,6.0,505,95,1,0,0,5
64.0,588.0,-6.0,6.0,505,95,0,0,0,5
58.0,594.0,-6.0,-6.0,505,95,0,0,0,5
52.0,588.0,-6.0,-6.0,505,95,0,0,0,5
46.0,582.0,-6.0,-6.0,505,95,0,0,0,5
40.0,576.0,-6.0,-6.0,505,95,0,0,0,5
34.0,570.0,-6.0,-6.0,505,95,0,0,0,5
28.0,564.0,-6.0,-6.0,505,95,0,0,0,5
22.0,558.0,-6.0,-6.0,505,95,0,0,0,5
16.0,552.0,6.0,-6.0,505,95,0,0,0,5
22.0,546.0,6.0,-6.0,505,105,0,1,0,5
28.0,540.0,6.0,-6.0,505,115,0,1,0,5
34.0,534.0,6.0,-6.0,505,125,0,1,0,5
40.0,528.0,6.0,-6.0,505,135,0,1,0,5
46.0,522.0,6.0,-6.0,505,135,0,0,0,5
52.0,516.0,6.0,-6.0,505,135,0,0,0,5
58.0,510.0,6.0,-6.0,505,145,0,1,0,5
64.0,504.0,6.0,-6.0,505,155,0,1,0,5
70.0,498.0,6.0,-6.0,505,165,0,1,0,5
76.0,492.0,6.0,-6.0,505,175,0,1,0,5
82.0,486.0,6.0,-6.0,505,185,0,1,0,5
88.0,480.0,6.0,-6.0,505,195,0,1,0,5
94.0,474.0,6.0,-6.0,505,205,0,1,0,5
100.0,468.0,6.0,-6.0,505,215,0,1,0,5
106.0,462.0,6.0,-6.0,505,225,0,1,0,5
112.0,456.0,6.0,-6.0,505,235,0,1,0,5
118.0,450.0,6.0,-6.0,505,245,0,1,0,5
124.0,444.0,6.0,-6.0,505,255,0,1,0,5
130.0,438.0,6.0,-6.0,505,265,0,1,0,5
136.0,432.0,6.0,-6.0,505,275,0,1,0,5
142.0,426.0,6.0,-6.0,505,285,0,1,0,5
148.0,420.0,6.0,-6.0,505,295,0,1,0,5
154.0,414.0,6.0,-6.0,505,305,0,1,0,5
160.0,408.0,6.0,-6.0,505,315,0,1,0,5
166.0,402.0,6.0,-6.0,505,325,0,1,0,5
172.0,396.0,6.0,-6.0,505,335,0,1,0,5
178.0,390.0,6.0,-6.0,505,345,0,1,0,5
184.0,384.0,6.0,-6.0,505,335,0,-1,0,5
190.0,378.0,6.0,-6.0,505,325,0,-1,0,5
196.0,372.0,6.0,-6.0,505,335,0,1,0,5
202.0,366.0,6.0,-6.0,505,325,0,-1,0,5
208.0,360.0,6.0,-6.0,505,315,0,-1,0,5
214.0,354.0,6.0,-6.0,505,305,0,-1,0,5
220.0,348.0,6.0,-6.0,505,295,0,-1,0,5
226.0,342.0,6.0,-6.0,505,305,0,1,0,5
232.0,336.0,6.0,-6.0,505,295,0,-1,0,5
238.0,330.0,6.0,-6.0,505,285,0,-1,0,5
244.0,324.0,6.0,-6.0,490,275,-1,-1,0,5
250.0,318.0,6.0,-6.0,475,265,-1,-1,0,5
256.0,312.0,6.0,-6.0,460,275,-1,1,0,5
262.0,306.0,6.0,-6.0,445,265,-1,-1,0,5
268.0,300.0,6.0,-6.0,430,255,-1,-1,0,5
274.0,294.0,6.0,-6.0,415,255,-1,0,0,5
280.0,288.0,6.0,-6.0,400,245,-1,-1,0,5
286.0,282.0,6.0,-6.0,385,235,-1,-1,0,5
292.0,276.0,6.0,-6.0,370,235,-1,0,0,5
298.0,270.0,6.0,-6.0,355,225,-1,-1,0,5
304.0,264.0,6.0,-6.0,340,215,-1,-1,0,5
310.0,258.0,6.0,-6.0,325,205,-1,-1,0,5
316.0,252.0,6.0,-6.0,310,215,-1,1,0,5
322.0,246.0,6.0,-6.0,295,205,-1,-1,0,5
328.0,240.0,6.0,-6.0,280,195,-1,-1,0,5
334.0,234.0,6.0,-6.0,265,185,-1,-1,0,5
340.0,228.0,6.0,-6.0,250,175,-1,-1,0,5
346.0,222.0,6.0,-6.0,235,185,-1,1,0,5
352.0,216.0,6.0,-6.0,220,175,-1,-1,0,5
358.0,210.0,6.0,-6.0,205,165,-1,-1,0,5
364.0,204.0,6.0,-6.0,190,155,-1,-1,0,5
370.0,198.0,6.0,-6.0,175,145,-1,-1,0,5
376.0,192.0,6.0,-6.0,160,145,-1,0,0,5
382.0,186.0,6.0,-6.0,145,135,-1,-1,0,5
388.0,180.0,6.0,-6.0,130,145,-1,1,0,5
394.0,174.0,6.0,-6.0,115,135,-1,-1,0,5
400.0,168.0,6.0,-6.0,100,125,-1,-1,0,5
406.0,162.0,6.0,-6.0,85,115,-1,-1,0,5
412.0,156.0,6.0,-6.0,70,105,-1,-1,0,5
418.0,150.0,6.0,-6.0,55,115,-1,1,0,5
424.0,144.0,6.0,-6.0,40,115,-1,0,0,5
430.0,138.0,6.0,-6.0,25,105,-1,-1,0,5
436.0,132.0,6.0,-6.0,10,95,-1,-1,0,5
442.0,126.0,6.0,-6.0,-5,85,-1,-1,0,5
448.0,120.0,6.0,-6.0,-5,75,0,-1,0,5
454.0,114.0,6.0,-6.0,-5,65,0,-1,0,5
460.0,108.0,6.0,-6.0,-5,55,0,-1,0,5
466.0,102.0,6.0,-6.0,-5,65,0,1,0,5
472.0,96.0,6.0,-6.0,-5,55,0,-1,0,5
478.0,90.0,6.0,-6.0,-5,45,0,-1,0,5
484.0,84.0,6.0,-6.0,-5,35,0,-1,0,5
490.0,78.0,6.0,-6.0,-5,25,0,-1,0,5
496.0,72.0,6.0,-6.0,-5,35,0,1,0,5
502.0,66.0,6.0,-6.0,-5,25,0,-1,0,5
508.0,60.0,6.0,-6.0,-5,15,0,-1,0,5
514.0,54.0,6.0,-6.0,-5,5,0,-1,0,5
520.0,48.0,6.0,-6.0,-5,-5,0,-1,0,5
526.0,42.0,6.0,-6.0,-5,5,0,1,0,5
532.0,36.0,6.0,-6.0,-5,-5,0,-1,0,5
538.0,30.0,6.0,-6.0,-5,-15,0,-1,0,5
544.0,24.0,6.0,-6.0,10,-25,1,-1,0,5
550.0,18.0,6.0,-6.0,25,-35,1,-1,0,5
556.0,12.0,6.0,-6.0,40,-25,1,1,0,5
562.0,6.0,6.0,6.0,55,-35,1,-1,0,5
568.0,12.0,6.0,6.0,70,-45,1,-1,0,5
574.0,18.0,6.0,6.0,85,-35,1,1,0,5
580.0,24.0,6.0,6.0,100,-25,1,1,0,5
586.0,30.0,6.0,6.0,115,-35,1,-1,0,5
592.0,36.0,6.0,6.0,130,-35,1,0,0,5
598.0,42.0,6.0,6.0,145,-35,1,0,0,5
604.0,48.0,6.0,6.0,160,-25,1,1,0,5
610.0,54.0,6.0,6.0,175,-15,1,1,0,5
616.0,60.0,6.0,6.0,190,-5,1,1,0,5
622.0,66.0,6.0,6.0,205,5,1,1,0,5
628.0,72.0,6.0,6.0,220,15,1,1,0,5
634.0,78.0,6.0,6.0,235,25,1,1,0,5
640.0,84.0,6.0,6.0,250,35,1,1,0,5
646.0,90.0,6.0,6.0,265,35,1,0,0,5
652.0,96.0,6.0,6.0,280,45,1,1,0,5
658.0,102.0,6.0,6.0,295,55,1,1,0,5
664.0,108.0,6.0,6.0,310,45,1,-1,0,5
670.0,114.0,6.0,6.0,325,55,1,1,0,5
676.0,120.0,6.0,6.0,340,65,1,1,0,5
682.0,126.0,6.0,6.0,355,75,1,1,0,5
688.0,132.0,6.0,6.0,370,85,1,1,0,5
694.0,138.0,6.0,6.0,385,85,1,0,0,5
700.0,144.0,6.0,6.0,400,95,1,1,0,5
706.0,150.0,6.0,6.0,415,85,1,-1,0,5
712.0,156.0,6.0,6.0,430,95,1,1,0,5
718.0,162.0,6.0,6.0,445,105,1,1,0,5
724.0,168.0,6.0,6.0,460,115,1,1,0,5
730.0,174.0,6.0,6.0,475,125,1,1,0,5
736.0,180.0,6.0,6.0,490,115,1,-1,0,5
742.0,186.0,6.0,6.0,505,125,1,1,0,5
748.0,192.0,6.0,6.0,505,135,0,1,0,5
754.0,198.0,6.0,6.0,505,145,0,1,0,5
760.0,204.0,6.0,6.0,505,155,0,1,0,5
766.0,210.0,6.0,6.0,505,145,0,-1,0,5
772.0,216.0,6.0,6.0,505,155,0,1,0,5
778.0,222.0,6.0,6.0,505,155,0,0,0,5
784.0,228.0,-6.0,6.0,505,165,0,1,0,5
778.0,234.0,-6.0,6.0,505,165,0,0,0,5
772.0,240.0,-6.0,6.0,505,165,0,0,0,5
766.0,246.0,-6.0,6.0,505,165,0,0,0,5
760.0,252.0,-6.0,6.0,505,165,0,0,0,5
754.0,258.0,-6.0,6.0,505,165,0,0,0,5
748.0,264.0,-6.0,6.0,505,165,0,0,0,5
742.0,270.0,-6.0,6.0,505,165,0,0,0,5
736.0,276.0,-6.0,6.0,505,165,0,0,0,5
730.0,282.0,-6.0,6.0,505,165,0,0,0,5
724.0,288.0,-6.0,6.0,505,165,0,0,0,5
718.0,294.0,-6.0,6.0,505,165,0,0,0,5
712.0,300.0,-6.0,6.0,505,165,0,0,0,5
706.0,306.0,-6.0,6.0,505,165,0,0,0,5
700.0,312.0,-6.0,6.0,505,165,0,0,0,5
694.0,318.0,-6.0,6.0,505,165,0,0,0,5
688.0,324.0,-6.0,6.0,505,165,0,0,0,5
682.0,330.0,-6.0,6.0,505,165,0,0,0,5
676.0,336.0,-6.0,6.0,505,165,0,0,0,5
670.0,342.0,-6.0,6.0,505,165,0,0,0,5
664.0,348.0,-6.0,6.0,505,165,0,0,0,5
658.0,354.0,-6.0,6.0,505,165,0,0,0,5
652.0,360.0,-6.0,6.0,505,165,0,0,0,5
646.0,366.0,-6.0,6.0,505,165,0,0,0,5
640.0,372.0,-6.0,6.0,505,165,0,0,0,5
634.0,378.0,-6.0,6.0,505,165,0,0,0,5
628.0,384.0,-6.0,6.0,490,165,-1,0,0,5
622.0,390.0,-6.0,6.0,475,165,-1,0,0,5
616.0,396.0,-6.0,6.0,460,165,-1,0,0,5
610.0,402.0,-6.0,6.0,445,165,-1,0,0,5
604.0,408.0,-6.0,6.0,430,165,-1,0,0,5
598.0,414.0,-6.0,6.0,415,165,-1,0,0,5
592.0,420.0,-6.0,6.0,400,165,-1,0,0,5
586.0,426.0,-6.0,6.0,385,165,-1,0,0,5
580.0,432.0,-6.0,6.0,370,165,-1,0,0,5
574.0,438.0,-6.0,6.0,355,165,-1,0,0,5
568.0,444.0,-6.0,6.0,340,165,-1,0,0,5
562.0,450.0,-6.0,6.0,325,165,-1,0,0,5
556.0,456.0,-6.0,6.0,310,165,-1,0,0,5
550.0,462.0,-6.0,6.0,295,165,-1,0,0,5
544.0,468.0,-6.0,6.0,280,165,-1,0,0,5
538.0,474.0,-6.0,6.0,265,165,-1,0,0,5
532.0,480.0,-6.0,6.0,250,165,-1,0,0,5
526.0,486.0,-6.0,6.0,235,165,-1,0,0,5
520.0,492.0,-6.0,6.0,220,165,-1,0,0,5
514.0,498.0,-6.0,6.0,205,165,-1,0,0,5
508.0,504.0,-6.0,6.0,190,165,-1,0,0,5
502.0,510.0,-6.0,6.0,175,165,-1,0,0,5
496.0,516.0,-6.0,6.0,160,165,-1,0,0,5
490.0,522.0,-6.0,6.0,145,165,-1,0,0,5
484.0,528.0,-6.0,6.0,130,165,-1,0,0,5
478.0,534.0,-6.0,6.0,115,165,-1,0,0,5
472.0,540.0,-6.0,6.0,100,165,-1,0,0,5
466.0,546.0,-6.0,6.0,85,165,-1,0,0,5
460.0,552.0,-6.0,6.0,70,165,-1,0,0,5
454.0,558.0,-6.0,6.0,55,165,-1,0,0,5
448.0,564.0,-6.0,6.0,40,165,-1,0,0,5
442.0,570.0,-6.0,6.0,25,165,-1,0,0,5
436.0,576.0,-6.0,6.0,10,165,-1,0,0,5
430.0,582.0,-6.0,6.0,-5,165,-1,0,0,5
424.0,588.0,-6.0,6.0,-5,165,0,0,0,5
418.0,594.0,-6.0,-6.0,-5,165,0,0,0,5
412.0,588.0,-6.0,-6.0,-5,165,0,0,0,5
406.0,582.0,-6.0,-6.0,-5,165,0,0,0,5
400.0,576.0,-6.0,-6.0,-5,165,0,0,0,5
394.0,570.0,-6.0,-6.0,-5,165,0,0,0,5
388.0,564.0,-6.0,-6.0,-5,165,0,0,0,5
382.0,558.0,-6.0,-6.0,-5,165,0,0,0,5
376.0,552.0,-6.0,-6.0,-5,165,0,0,0,5
370.0,546.0,-6.0,-6.0,-5,165,0,0,0,5
364.0,540.0,-6.0,-6.0,-5,165,0,0,0,5
358.0,534.0,-6.0,-6.0,-5,165,0,0,0,5
352.0,528.0,-6.0,-6.0,-5,165,0,0,0,5
346.0,522.0,-6.0,-6.0,-5,165,0,0,0,5
340.0,516.0,-6.0,-6.0,-5,165,0,0,0,5
334.0,510.0,-6.0,-6.0,-5,165,0,0,0,5
328.0,504.0,-6.0,-6.0,-5,165,0,0,0,5
322.0,498.0,-6.0,-6.0,-5,165,0,0,0,5
316.0,492.0,-6.0,-6.0,-5,165,0,0,0,5
310.0,486.0,-6.0,-6.0,-5,165,0,0,0,5
304.0,480.0,-6.0,-6.0,-5,165,0,0,0,5
298.0,474.0,-6.0,-6.0,-5,165,0,0,0,5
292.0,468.0,-6.0,-6.0,10,165,1,0,0,5
286.0,462.0,-6.0,-6.0,25,165,1,0,0,5
280.0,456.0,-6.0,-6.0,40,165,1,0,0,5
274.0,450.0,-6.0,-6.0,55,165,1,0,0,5
268.0,444.0,-6.0,-6.0,70,165,1,0,0,5
262.0,438.0,-6.0,-6.0,85,165,1,0,0,5
256.0,432.0,-6.0,-6.0,100,165,1,0,0,5
250.0,426.0,-6.0,-6.0,115,165,1,0,0,5
244.0,420.0,-6.0,-6.0,130,165,1,0,0,5
238.0,414.0,-6.0,-6.0,145,165,1,0,0,5
232.0,408.0,-6.0,-6.0,160,165,1,0,0,5
226.0,402.0,-6.0,-6.0,175,165,1,0,0,5
220.0,396.0,-6.0,-6.0,190,165,1,0,0,5
214.0,390.0,-6.0,-6.0,190,165,0,0,0,5
208.0,384.0,-6.0,-6.0,190,165,0,0,0,5
202.0,378.0,-6.0,-6.0,190,165,0,0,0,5
196.0,372.0,-6.0,-6.0,190,165,0,0,0,5
190.0,366.0,-6.0,-6.0,190,165,0,0,0,5
184.0,360.0,-6.0,-6.0,190,165,0,0,0,5
178.0,354.0,-6.0,-6.0,190,165,0,0,0,5
172.0,348.0,-6.0,-6.0,190,165,0,0,0,5
166.0,342.0,-6.0,-6.0,190,165,0,0,0,5
160.0,336.0,-6.0,-6.0,190,165,0,0,0,5
154.0,330.0,-6.0,-6.0,190,165,0,0,0,5
148.0,324.0,-6.0,-6.0,190,165,0,0,0,5
142.0,318.0,-6.0,-6.0,190,165,0,0,0,5
136.0,312.0,-6.0,-6.0,190,165,0,0,0,5
130.0,306.0,-6.0,-6.0,190,165,0,0,0,5
124.0,300.0,-6.0,-6.0,190,165,0,0,0,5
118.0,294.0,-6.0,-6.0,190,165,0,0,0,5
112.0,288.0,-6.0,-6.0,190,165,0,0,0,5
106.0,282.0,-6.0,-6.0,190,165,0,0,0,5
100.0,276.0,-6.0,-6.0,190,165,0,0,0,5
94.0,270.0,-6.0,-6.0,190,165,0,0,0,5
88.0,264.0,-6.0,-6.0,190,165,0,0,0,5
82.0,258.0,-6.0,-6.0,190,165,0,0,0,5
76.0,252.0,-6.0,-6.0,190,165,0,0,0,5
70.0,246.0,-6.0,-6.0,190,165,0,0,0,5
64.0,240.0,-6.0,-6.0,175,165,-1,0,0,5
58.0,234.0,-6.0,-6.0,160,165,-1,0,0,5
52.0,228.0,-6.0,-6.0,145,165,-1,0,0,5
46.0,222.0,-6.0,-6.0,130,165,-1,0,0,5
40.0,216.0,-6.0,-6.0,115,165,-1,0,0,5
34.0,210.0,-6.0,-6.0,100,165,-1,0,0,5
28.0,204.0,-6.0,-6.0,85,165,-1,0,0,5
22.0,198.0,-6.0,-6.0,70,165,-1,0,0,5
16.0,192.0,-6.0,-6.0,55,165,-1,0,0,5
10.0,186.0,-6.0,-6.0,40,165,-1,0,0,5
4.0,180.0,-6.0,-6.0,25,165,-1,0,0,5
400,300,6.0,-6.0,10,165,-1,0,0,6
406.0,294.0,6.0,-6.0,-5,165,-1,0,0,6
412.0,288.0,6.0,-6.0,-5,175,0,1,0,6
418.0,282.0,6.0,-6.0,-5,185,0,1,0,6
424.0,276.0,6.0,-6.0,-5,185,0,0,0,6
430.0,270.0,6.0,-6.0,-5,195,0,1,0,6
436.0,264.0,6.0,-6.0,-5,205,0,1,0,6
442.0,258.0,6.0,-6.0,-5,215,0,1,0,6
448.0,252.0,6.0,-6.0,-5,205,0,-1,0,6
454.0,246.0,6.0,-6.0,-5,195,0,-1,0,6
460.0,240.0,6.0,-6.0,-5,205,0,1,0,6
466.0,234.0,6.0,-6.0,-5,195,0,-1,0,6
472.0,228.0,6.0,-6.0,-5,185,0,-1,0,6
478.0,222.0,6.0,-6.0,-5,175,0,-1,0,6
484.0,216.0,6.0,-6.0,-5,165,0,-1,0,6
490.0,210.0,6.0,-6.0,-5,175,0,1,0,6
496.0,204.0,6.0,-6.0,-5,175,0,0,0,6
502.0,198.0,6.0,-6.0,-5,165,0,-1,0,6
508.0,192.0,6.0,-6.0,-5,155,0,-1,0,6
514.0,186.0,6.0,-6.0,-5,145,0,-1,0,6
520.0,180.0,6.0,-6.0,-5,135,0,-1,0,6
526.0,174.0,6.0,-6.0,-5,125,0,-1,0,6
532.0,168.0,6.0,-6.0,-5,115,0,-1,0,6
538.0,162.0,6.0,-6.0,-5,125,0,1,0,6
544.0,156.0,6.0,-6.0,-5,115,0,-1,0,6
550.0,150.0,6.0,-6.0,-5,105,0,-1,0,6
556.0,144.0,6.0,-6.0,-5,95,0,-1,0,6
562.0,138.0,6.0,-6.0,-5,85,0,-1,0,6
568.0,132.0,6.0,-6.0,-5,95,0,1,0,6
574.0,126.0,6.0,-6.0,-5,85,0,-1,0,6
580.0,120.0,6.0,-6.0,-5,75,0,-1,0,6
586.0,114.0,6.0,-6.0,-5,65,0,-1,0,6
592.0,108.0,6.0,-6.0,-5,55,0,-1,0,6
598.0,102.0,6.0,-6.0,-5,65,0,1,0,6
604.0,96.0,6.0,-6.0,-5,55,0,-1,0,6
610.0,90.0,6.0,-6.0,-5,45,0,-1,0,6
616.0,84.0,6.0,-6.0,-5,35,0,-1,0,6
622.0,78.0,6.0,-6.0,-5,25,0,-1,0,6
628.0,72.0,6.0,-6.0,-5,35,0,1,0,6
634.0,66.0,6.0,-6.0,-5,25,0,-1,0,6
640.0,60.0,6.0,-6.0,-5,15,0,-1,0,6
646.0,54.0,6.0,-6.0,-5,5,0,-1,0,6
652.0,48.0,6.0,-6.0,10,-5,1,-1,0,6
658.0,42.0,6.0,-6.0,25,5,1,1,0,6
664.0,36.0,6.0,-6.0,40,-5,1,-1,0,6
670.0,30.0,6.0,-6.0,55,-15,1,-1,0,6
676.0,24.0,6.0,-6.0,70,-25,1,-1,0,6
682.0,18.0,6.0,-6.0,85,-25,1,0,0,6
688.0,12.0,6.0,-6.0,100,-25,1,0,0,6
694.0,6.0,6.0,6.0,115,-35,1,-1,0,6
700.0,12.0,6.0,6.0,130,-45,1,-1,0,6
706.0,18.0,6.0,6.0,145,-35,1,1,0,6
712.0,24.0,6.0,6.0,160,-25,1,1,0,6
718.0,30.0,6.0,6.0,175,-25,1,0,0,6
724.0,36.0,6.0,6.0,190,-15,1,1,0,6
730.0,42.0,6.0,6.0,205,-5,1,1,0,6
736.0,48.0,6.0,6.0,220,-15,1,-1,0,6
742.0,54.0,6.0,6.0,235,-5,1,1,0,6
748.0,60.0,6.0,6.0,250,-5,1,0,0,6
754.0,66.0,6.0,6.0,265,5,1,1,0,6
760.0,72.0,6.0,6.0,280,15,1,1,0,6
766.0,78.0,6.0,6.0,295,25,1,1,0,6
772.0,84.0,6.0,6.0,310,35,1,1,0,6
778.0,90.0,6.0,6.0,325,25,1,-1,0,6
784.0,96.0,-6.0,6.0,340,35,1,1,0,6
778.0,102.0,-6.0,6.0,355,35,1,0,0,6
772.0,108.0,-6.0,6.0,370,35,1,0,0,6
766.0,114.0,-6.0,6.0,385,35,1,0,0,6
760.0,120.0,-6.0,6.0,400,35,1,0,0,6
754.0,126.0,-6.0,6.0,415,35,1,0,0,6
748.0,132.0,-6.0,6.0,430,35,1,0,0,6
742.0,138.0,-6.0,6.0,445,35,1,0,0,6
736.0,144.0,-6.0,6.0,460,35,1,0,0,6
730.0,150.0,-6.0,6.0,475,35,1,0,0,6
724.0,156.0,-6.0,6.0,490,35,1,0,0,6
718.0,162.0,-6.0,6.0,505,35,1,0,0,6
712.0,168.0,-6.0,6.0,505,35,0,0,0,6
706.0,174.0,-6.0,6.0,505,35,0,0,0,6
700.0,180.0,-6.0,6.0,505,35,0,0,0,6
694.0,186.0,-6.0,6.0,505,35,0,0,0,6
688.0,192.0,-6.0,6.0,505,35,0,0,0,6
682.0,198.0,-6.0,6.0,505,35,0,0,0,6
676.0,204.0,-6.0,6.0,505,35,0,0,0,6
670.0,210.0,-6.0,6.0,505,35,0,0,0,6
664.0,216.0,-6.0,6.0,505,35,0,0,0,6
658.0,222.0,-6.0,6.0,505,35,0,0,0,6
652.0,228.0,-6.0,6.0,505,35,0,0,0,6
646.0,234.0,-6.0,6.0,505,35,0,0,0,6
640.0,240.0,-6.0,6.0,505,35,0,0,0,6
634.0,246.0,-6.0,6.0,505,35,0,0,0,6
628.0,252.0,-6.0,6.0,505,35,0,0,0,6
622.0,258.0,-6.0,6.0,505,35,0,0,0,6
616.0,264.0,-6.0,6.0,505,35,0,0,0,6
610.0,270.0,-6.0,6.0,505,35,0,0,0,6
604.0,276.0,-6.0,6.0,505,35,0,0,0,6
598.0,282.0,-6.0,6.0,505,35,0,0,0,6
592.0,288.0,-6.0,6.0,505,35,0,0,0,6
586.0,294.0,-6.0,6.0,505,35,0,0,0,6
580.0,300.0,-6.0,6.0,505,35,0,0,0,6
574.0,306.0,-6.0,6.0,505,35,0,0,0,6
568.0,312.0,-6.0,6.0,505,35,0,0,0,6
562.0,318.0,-6.0,6.0,505,35,0,0,0,6
556.0,324.0,-6.0,6.0,505,35,0,0,0,6
550.0,330.0,-6.0,6.0,505,35,0,0,0,6
544.0,336.0,-6.0,6.0,505,35,0,0,0,6
538.0,342.0,-6.0,6.0,490,35,-1,0,0,6
532.0,348.0,-6.0,6.0,475,35,-1,0,0,6
526.0,354.0,-6.0,6.0,460,35,-1,0,0,6
520.0,360.0,-6.0,6.0,445,35,-1,0,0,6
514.0,366.0,-6.0,6.0,430,35,-1,0,0,6
508.0,372.0,-6.0,6.0,415,35,-1,0,0,6
502.0,378.0,-6.0,6.0,400,35,-1,0,0,6
496.0,384.0,-6.0,6.0,385,35,-1,0,0,6
490.0,390.0,-6.0,6.0,370,35,-1,0,0,6
484.0,396.0,-6.0,6.0,355,35,-1,0,0,6
478.0,402.0,-6.0,6.0,340,35,-1,0,0,6
472.0,408.0,-6.0,6.0,325,35,-1,0,0,6
466.0,414.0,-6.0,6.0,310,35,-1,0,0,6
460.0,420.0,-6.0,6.0,295,35,-1,0,0,6
454.0,426.0,-6.0,6.0,280,35,-1,0,0,6
448.0,432.0,-6.0,6.0,265,35,-1,0,0,6
442.0,438.0,-6.0,6.0,250,35,-1,0,0,6
436.0,444.0,-6.0,6.0,235,35,-1,0,0,6
430.0,450.0,-6.0,6.0,220,35,-1,0,0,6
424.0,456.0,-6.0,6.0,205,35,-1,0,0,6
418.0,462.0,-6.0,6.0,190,35,-1,0,0,6
412.0,468.0,-6.0,6.0,175,35,-1,0,0,6
406.0,474.0,-6.0,6.0,160,35,-1,0,0,6
400.0,480.0,-6.0,6.0,145,35,-1,0,0,6
394.0,486.0,-6.0,6.0,130,35,-1,0,0,6
388.0,492.0,-6.0,6.0,115,35,-1,0,0,6
382.0,498.0,-6.0,6.0,100,35,-1,0,0,6
376.0,504.0,-6.0,6.0,85,35,-1,0,0,6
370.0,510.0,-6.0,6.0,85,35,0,0,0,6
364.0,516.0,-6.0,6.0,85,35,0,0,0,6
358.0,522.0,-6.0,6.0,85,35,0,0,0,6
352.0,528.0,-6.0,6.0,85,35,0,0,0,6
346.0,534.0,-6.0,6.0,85,35,0,0,0,6
340.0,540.0,-6.0,6.0,85,35,0,0,0,6
334.0,546.0,-6.0,6.0,85,35,0,0,0,6
328.0,552.0,-6.0,6.0,85,35,0,0,0,6
322.0,558.0,-6.0,6.0,85,35,0,0,0,6
316.0,564.0,-6.0,6.0,85,35,0,0,0,6
310.0,570.0,-6.0,6.0,85,35,0,0,0,6
304.0,576.0,-6.0,6.0,85,35,0,0,0,6
298.0,582.0,-6.0,6.0,85,35,0,0,0,6
292.0,588.0,-6.0,6.0,85,35,0,0,0,6
286.0,594.0,-6.0,-6.0,85,35,0,0,0,6
280.0,588.0,-6.0,-6.0,85,35,0,0,0,6
274.0,582.0,-6.0,-6.0,100,35,1,0,0,6
268.0,576.0,-6.0,-6.0,115,35,1,0,0,6
262.0,570.0,-6.0,-6.0,130,35,1,0,0,6
256.0,564.0,-6.0,-6.0,145,35,1,0,0,6
250.0,558.0,-6.0,-6.0,160,35,1,0,0,6
244.0,552.0,-6.0,-6.0,175,35,1,0,0,6
238.0,546.0,-6.0,-6.0,190,35,1,0,0,6
232.0,540.0,-6.0,-6.0,205,35,1,0,0,6
226.0,534.0,-6.0,-6.0,220,35,1,0,0,6
220.0,528.0,-6.0,-6.0,235,35,1,0,0,6
214.0,522.0,-6.0,-6.0,250,35,1,0,0,6
208.0,516.0,-6.0,-6.0,265,35,1,0,0,6
202.0,510.0,-6.0,-6.0,280,35,1,0,0,6
196.0,504.0,-6.0,-6.0,295,35,1,0,0,6
190.0,498.0,-6.0,-6.0,310,35,1,0,0,6
184.0,492.0,-6.0,-6.0,310,35,0,0,0,6
178.0,486.0,-6.0,-6.0,310,35,0,0,0,6
172.0,480.0,-6.0,-6.0,310,35,0,0,0,6
166.0,474.0,-6.0,-6.0,310,35,0,0,0,6
160.0,468.0,-6.0,-6.0,310,35,0,0,0,6
154.0,462.0,-6.0,-6.0,310,35,0,0,0,6
148.0,456.0,-6.0,-6.0,310,35,0,0,0,6
142.0,450.0,-6.0,-6.0,310,35,0,0,0,6
136.0,444.0,-6.0,-6.0,310,35,0,0,0,6
130.0,438.0,-6.0,-6.0,310,35,0,0,0,6
124.0,432.0,-6.0,-6.0,310,35,0,0,0,6
118.0,426.0,-6.0,-6.0,310,35,0,0,0,6
112.0,420.0,-6.0,-6.0,310,35,0,0,0,6
106.0,414.0,-6.0,-6.0,310,35,0,0,0,6
100.0,408.0,-6.0,-6.0,310,35,0,0,0,6
94.0,402.0,-6.0,-6.0,310,35,0,0,0,6
88.0,396.0,-6.0,-6.0,310,35,0,0,0,6
82.0,390.0,-6.0,-6.0,310,35,0,0,0,6
76.0,384.0,-6.0,-6.0,310,35,0,0,0,6
70.0,378.0,-6.0,-6.0,310,35,0,0,0,6
64.0,372.0,-6.0,-6.0,310,35,0,0,0,6
58.0,366.0,-6.0,-6.0,310,35,0,0,0,6
52.0,360.0,-6.0,-6.0,310,35,0,0,0,6
46.0,354.0,-6.0,-6.0,310,35,0,0,0,6
40.0,348.0,-6.0,-6.0,310,35,0,0,0,6
34.0,342.0,-6.0,-6.0,310,35,0,0,0,6
28.0,336.0,-6.0,-6.0,310,35,0,0,0,6
22.0,330.0,-6.0,-6.0,310,35,0,0,0,6
16.0,324.0,6.0,-6.0,310,35,0,0,0,6
23.2,316.8,7.199999999999999,-7.199999999999999,310,50,0,1,0,6
30.4,309.6,7.199999999999999,-7.199999999999999,310,65,0,1,0,6
37.599999999999994,302.40000000000003,7.199999999999999,-7.199999999999999,310,80,0,1,0,6
44.8,295.20000000000005,7.199999999999999,-7.199999999999999,310,95,0,1,0,6
52.0,288.00000000000006,7.199999999999999,-7.199999999999999,310,110,0,1,0,6
59.2,280.80000000000007,7.199999999999999,-7.199999999999999,310,110,0,0,0,6
66.4,273.6000000000001,7.199999999999999,-7.199999999999999,310,125,0,1,0,6
73.60000000000001,266.4000000000001,7.199999999999999,-7.199999999999999,310,125,0,0,0,6
80.80000000000001,259.2000000000001,7.199999999999999,-7.199999999999999,310,140,0,1,0,6
88.00000000000001,252.0000000000001,7.199999999999999,-7.199999999999999,310,155,0,1,0,6
95.20000000000002,244.80000000000013,7.199999999999999,-7.199999999999999,310,170,0,1,0,6
102.40000000000002,237.60000000000014,7.199999999999999,-7.199999999999999,310,185,0,1,0,6
109.60000000000002,230.40000000000015,7.199999999999999,-7.199999999999999,310,200,0,1,0,6
116.80000000000003,223.20000000000016,7.199999999999999,-7.199999999999999,310,185,0,-1,0,6
124.00000000000003,216.00000000000017,7.199999999999999,-7.199999999999999,310,170,0,-1,0,6
131.20000000000002,208.80000000000018,7.199999999999999,-7.199999999999999,310,155,0,-1,0,6
138.4,201.6000000000002,7.199999999999999,-7.199999999999999,310,170,0,1,0,6
145.6,194.4000000000002,7.199999999999999,-7.199999999999999,310,155,0,-1,0,6
152.79999999999998,187.20000000000022,7.199999999999999,-7.199999999999999,310,140,0,-1,0,6
159.99999999999997,180.00000000000023,7.199999999999999,-7.199999999999999,310,140,0,0,0,6
167.19999999999996,172.80000000000024,7.199999999999999,-7.199999999999999,310,125,0,-1,0,6
174.39999999999995,165.60000000000025,7.199999999999999,-7.199999999999999,310,110,0,-1,0,6
181.59999999999994,158.40000000000026,7.199999999999999,-7.199999999999999,310,125,0,1,0,6
188.79999999999993,151.20000000000027,7.199999999999999,-7.199999999999999,310,110,0,-1,0,6
195.99999999999991,144.00000000000028,7.199999999999999,-7.199999999999999,310,95,0,-1,0,6
203.1999999999999,136.8000000000003,7.199999999999999,-7.199999999999999,310,80,0,-1,0,6
210.3999999999999,129.6000000000003,7.199999999999999,-7.199999999999999,310,95,0,1,0,6
217.59999999999988,122.4000000000003,7.199999999999999,-7.199999999999999,310,80,0,-1,0,6
224.79999999999987,115.2000000000003,7.199999999999999,-7.199999999999999,310,65,0,-1,0,6
231.99999999999986,108.0000000000003,7.199999999999999,-7.199999999999999,310,80,0,1,0,6
239.19999999999985,100.8000000000003,7.199999999999999,-7.199999999999999,310,65,0,-1,0,6
246.39999999999984,93.60000000000029,7.199999999999999,-7.199999999999999,310,50,0,-1,0,6
253.59999999999982,86.40000000000029,7.199999999999999,-7.199999999999999,310,35,0,-1,0,6
260.79999999999984,79.20000000000029,7.199999999999999,-7.199999999999999,310,50,0,1,0,6
267.99999999999983,72.00000000000028,7.199999999999999,-7.199999999999999,310,35,0,-1,0,6
275.1999999999998,64.80000000000028,7.199999999999999,-7.199999999999999,310,20,0,-1,0,6
282.3999999999998,57.60000000000028,7.199999999999999,-7.199999999999999,310,5,0,-1,0,6
289.5999999999998,50.400000000000276,7.199999999999999,-7.199999999999999,310,20,0,1,0,6
296.7999999999998,43.20000000000027,7.199999999999999,-7.199999999999999,295,5,-1,-1,0,6
303.9999999999998,36.00000000000027,7.199999999999999,-7.199999999999999,280,5,-1,0,0,6
311.19999999999976,28.80000000000027,7.199999999999999,-7.199999999999999,265,-10,-1,-1,0,6
318.39999999999975,21.60000000000027,7.199999999999999,-7.199999999999999,250,-25,-1,-1,0,6
325.59999999999974,14.400000000000272,7.199999999999999,-7.199999999999999,235,-40,-1,-1,0,6
332.7999999999997,7.200000000000273,7.199999999999999,7.199999999999999,220,-25,-1,1,0,6
339.9999999999997,14.400000000000272,7.199999999999999,7.199999999999999,205,-40,-1,-1,0,6
347.1999999999997,21.60000000000027,7.199999999999999,7.199999999999999,190,-25,-1,1,0,6
354.3999999999997,28.80000000000027,7.199999999999999,7.199999999999999,175,-40,-1,-1,0,6
361.5999999999997,36.00000000000027,7.199999999999999,7.199999999999999,160,-25,-1,1,0,6
368.79999999999967,43.20000000000027,7.199999999999999,7.199999999999999,145,-10,-1,1,0,6
375.99999999999966,50.400000000000276,7.199999999999999,7.199999999999999,145,5,0,1,0,6
383.19999999999965,57.60000000000028,7.199999999999999,7.199999999999999,145,-10,0,-1,0,6
390.39999999999964,64.80000000000028,7.199999999999999,7.199999999999999,145,5,0,1,0,6
397.5999999999996,72.00000000000028,7.199999999999999,7.199999999999999,145,20,0,1,0,6
404.7999999999996,79.20000000000029,7.199999999999999,7.199999999999999,145,35,0,1,0,6
411.9999999999996,86.40000000000029,7.199999999999999,7.199999999999999,145,20,0,-1,0,6
419.1999999999996,93.60000000000029,7.199999999999999,7.199999999999999,145,35,0,1,0,6
426.3999999999996,100.8000000000003,7.199999999999999,7.199999999999999,145,50,0,1,0,6
433.59999999999957,108.0000000000003,7.199999999999999,7.199999999999999,145,65,0,1,0,6
440.79999999999956,115.2000000000003,7.199999999999999,7.199999999999999,145,50,0,-1,0,6
447.99999999999955,122.4000000000003,7.199999999999999,7.199999999999999,145,65,0,1,0,6
455.19999999999953,129.6000000000003,7.199999999999999,7.199999999999999,145,80,0,1,0,6
462.3999999999995,136.8000000000003,7.199999999999999,7.199999999999999,145,65,0,-1,0,6
469.5999999999995,144.00000000000028,7.199999999999999,7.199999999999999,145,80,0,1,0,6
476.7999999999995,151.20000000000027,7.199999999999999,7.199999999999999,145,95,0,1,0,6
483.9999999999995,158.40000000000026,7.199999999999999,7.199999999999999,160,110,1,1,0,6
491.1999999999995,165.60000000000025,7.199999999999999,7.199999999999999,175,95,1,-1,0,6
498.39999999999947,172.80000000000024,7.199999999999999,7.199999999999999,190,110,1,1,0,6
505.59999999999945,180.00000000000023,7.199999999999999,7.199999999999999,205,125,1,1,0,6
512.7999999999995,187.20000000000022,7.199999999999999,7.199999999999999,220,140,1,1,0,6
519.9999999999995,194.4000000000002,7.199999999999999,7.199999999999999,235,140,1,0,0,6
527.1999999999996,201.6000000000002,7.199999999999999,7.199999999999999,250,155,1,1,0,6
534.3999999999996,208.80000000000018,7.199999999999999,7.199999999999999,265,140,1,-1,0,6
541.5999999999997,216.00000000000017,7.199999999999999,7.199999999999999,280,140,1,0,0,6
548.7999999999997,223.20000000000016,7.199999999999999,7.199999999999999,295,155,1,1,0,6
555.9999999999998,230.40000000000015,7.199999999999999,7.199999999999999,310,170,1,1,0,6
563.1999999999998,237.60000000000014,7.199999999999999,7.199999999999999,325,185,1,1,0,6
570.3999999999999,244.80000000000013,7.199999999999999,7.199999999999999,340,200,1,1,0,6
577.5999999999999,252.0000000000001,7.199999999999999,7.199999999999999,355,185,1,-1,0,6
584.8,259.2000000000001,7.199999999999999,7.199999999999999,370,200,1,1,0,6
592.0,266.4000000000001,7.199999999999999,7.199999999999999,385,200,1,0,0,6
599.2,273.6000000000001,7.199999999999999,7.199999999999999,400,200,1,0,0,6
606.4000000000001,280.80000000000007,7.199999999999999,7.199999999999999,415,215,1,1,0,6
613.6000000000001,288.00000000000006,7.199999999999999,7.199999999999999,430,215,1,0,0,6
620.8000000000002,295.20000000000005,7.199999999999999,7.199999999999999,445,230,1,1,0,6
628.0000000000002,302.40000000000003,7.199999999999999,7.199999999999999,460,245,1,1,0,6
635.2000000000003,309.6,7.199999999999999,7.199999999999999,475,260,1,1,0,6
642.4000000000003,316.8,7.199999999999999,7.199999999999999,490,245,1,-1,0,6
649.6000000000004,324.0,7.199999999999999,7.199999999999999,505,260,1,1,0,6
656.8000000000004,331.2,7.199999999999999,7.199999999999999,505,275,0,1,0,6
664.0000000000005,338.4,7.199999999999999,7.199999999999999,505,290,0,1,0,6
671.2000000000005,345.59999999999997,7.199999999999999,7.199999999999999,505,275,0,-1,0,6
678.4000000000005,352.79999999999995,7.199999999999999,7.199999999999999,505,290,0,1,0,6
685.6000000000006,359.99999999999994,7.199999999999999,7.199999999999999,505,305,0,1,0,6
692.8000000000006,367.19999999999993,7.199999999999999,7.199999999999999,505,320,0,1,0,6
700.0000000000007,374.3999999999999,7.199999999999999,7.199999999999999,505,305,0,-1,0,6
707.2000000000007,381.5999999999999,7.199999999999999,7.199999999999999,505,320,0,1,0,6
714.4000000000008,388.7999999999999,7.199999999999999,7.199999999999999,505,335,0,1,0,6
721.6000000000008,395.9999999999999,7.199999999999999,7.199999999999999,505,350,0,1,0,6
728.8000000000009,403.1999999999999,7.199999999999999,7.199999999999999,505,335,0,-1,0,6
736.0000000000009,410.39999999999986,7.199999999999999,7.199999999999999,505,350,0,1,0,6
743.200000000001,417.59999999999985,7.199999999999999,7.199999999999999,505,365,0,1,0,6
750.400000000001,424.79999999999984,7.199999999999999,7.199999999999999,505,380,0,1,0,6
757.600000000001,431.99999999999983,7.199999999999999,7.199999999999999,505,365,0,-1,0,6
764.8000000000011,439.1999999999998,7.199999999999999,7.199999999999999,505,365,0,0,0,6
772.0000000000011,446.3999999999998,7.199999999999999,7.199999999999999,505,380,0,1,0,6
779.2000000000012,453.5999999999998,7.199999999999999,7.199999999999999,505,395,0,1,0,6
786.4000000000012,460.7999999999998,-7.199999999999999,7.199999999999999,505,410,0,1,0,6
779.2000000000012,467.9999999999998,-7.199999999999999,7.199999999999999,505,410,0,0,0,6
772.0000000000011,475.19999999999976,-7.199999999999999,7.199999999999999,505,410,0,0,0,6
764.8000000000011,482.39999999999975,-7.199999999999999,7.199999999999999,505,410,0,0,0,6
757.600000000001,489.59999999999974,-7.199999999999999,7.199999999999999,505,410,0,0,0,6
750.400000000001,496.7999999999997,-7.199999999999999,7.199999999999999,505,410,0,0,0,6
743.200000000001,503.9999999999997,-7.199999999999999,7.199999999999999,505,410,0,0,0,6
736.0000000000009,511.1999999999997,-7.199999999999999,7.199999999999999,505,410,0,0,0,6
728.8000000000009,518.3999999999997,-7.199999999999999,7.199999999999999,505,410,0,0,0,6
721.6000000000008,525.5999999999998,-7.199999999999999,7.199999999999999,505,410,0,0,0,6
714.4000000000008,532.7999999999998,-7.199999999999999,7.199999999999999,505,410,0,0,0,6
707.2000000000007,539.9999999999999,-7.199999999999999,7.199999999999999,505,410,0,0,0,6
700.0000000000007,547.1999999999999,-7.199999999999999,7.199999999999999,505,410,0,0,0,6
692.8000000000006,554.4,-7.199999999999999,7.199999999999999,505,410,0,0,0,6
685.6000000000006,561.6,-7.199999999999999,7.199999999999999,505,410,0,0,0,6
678.4000000000005,568.8000000000001,-7.199999999999999,7.199999999999999,505,410,0,0,0,6
671.2000000000005,576.0000000000001,-7.199999999999999,7.199999999999999,505,410,0,0,0,6
664.0000000000005,583.2000000000002,-7.199999999999999,7.199999999999999,505,410,0,0,0,6
656.8000000000004,590.4000000000002,-7.199999999999999,-7.199999999999999,505,410,0,0,0,6
649.6000000000004,583.2000000000002,-7.199999999999999,-7.199999999999999,505,410,0,0,0,6
642.4000000000003,576.0000000000001,-7.199999999999999,-7.199999999999999,505,410,0,0,0,6
635.2000000000003,568.8000000000001,-7.199999999999999,-7.199999999999999,505,410,0,0,0,6
628.0000000000002,561.6,-7.199999999999999,-7.199999999999999,505,410,0,0,0,6
620.8000000000002,554.4,-7.199999999999999,-7.199999999999999,505,410,0,0,0,6
613.6000000000001,547.1999999999999,-7.199999999999999,-7.199999999999999,505,410,0,0,0,6
606.4000000000001,539.9999999999999,-7.199999999999999,-7.199999999999999,505,410,0,0,0,6
599.2,532.7999999999998,-7.199999999999999,-7.199999999999999,505,410,0,0,0,6
592.0,525.5999999999998,-7.199999999999999,-7.199999999999999,505,410,0,0,0,6
584.8,518.3999999999997,-7.199999999999999,-7.199999999999999,505,410,0,0,0,6
577.5999999999999,511.19999999999976,-7.199999999999999,-7.199999999999999,505,410,0,0,0,6
570.3999999999999,503.9999999999998,-7.199999999999999,-7.199999999999999,505,410,0,0,0,6
563.1999999999998,496.7999999999998,-7.199999999999999,-7.199999999999999,505,410,0,0,0,6
555.9999999999998,489.5999999999998,-7.199999999999999,-7.199999999999999,505,410,0,0,0,6
548.7999999999997,482.3999999999998,-7.199999999999999,-7.199999999999999,505,410,0,0,0,6
541.5999999999997,475.1999999999998,-7.199999999999999,-7.199999999999999,505,410,0,0,0,6
534.3999999999996,467.99999999999983,-7.199999999999999,-7.199999999999999,490,410,-1,0,0,6
527.1999999999996,460.79999999999984,-7.199999999999999,-7.199999999999999,475,410,-1,0,0,6
519.9999999999995,453.59999999999985,-7.199999999999999,-7.199999999999999,460,410,-1,0,0,6
512.7999999999995,446.39999999999986,-7.199999999999999,-7.199999999999999,445,410,-1,0,0,6
505.5999999999995,439.1999999999999,-7.199999999999999,-7.199999999999999,430,410,-1,0,0,6
498.3999999999995,431.9999999999999,-7.199999999999999,-7.199999999999999,415,410,-1,0,0,6
491.19999999999953,424.7999999999999,-7.199999999999999,-7.199999999999999,400,410,-1,0,0,6
483.99999999999955,417.5999999999999,-7.199999999999999,-7.199999999999999,385,410,-1,0,0,6
476.79999999999956,410.3999999999999,-7.199999999999999,-7.199999999999999,370,410,-1,0,0,6
469.59999999999957,403.19999999999993,-7.199999999999999,-7.199999999999999,355,410,-1,0,0,6
462.3999999999996,395.99999999999994,-7.199999999999999,-7.199999999999999,340,410,-1,0,0,6
455.1999999999996,388.79999999999995,-7.199999999999999,-7.199999999999999,325,410,-1,0,0,6
447.9999999999996,381.59999999999997,-7.199999999999999,-7.199999999999999,310,410,-1,0,0,6
440.7999999999996,374.4,-7.199999999999999,-7.199999999999999,295,410,-1,0,0,6
433.5999999999996,367.2,-7.199999999999999,-7.199999999999999,280,410,-1,0,0,6
426.39999999999964,360.0,-7.199999999999999,-7.199999999999999,265,410,-1,0,0,6
419.19999999999965,352.8,-7.199999999999999,-7.199999999999999,250,410,-1,0,0,6
411.99999999999966,345.6,-7.199999999999999,-7.199999999999999,235,410,-1,0,0,6
404.79999999999967,338.40000000000003,-7.199999999999999,-7.199999999999999,220,410,-1,0,0,6
397.5999999999997,331.20000000000005,-7.199999999999999,-7.199999999999999,205,410,-1,0,0,6
390.3999999999997,324.00000000000006,-7.199999999999999,-7.199999999999999,190,410,-1,0,0,6
383.1999999999997,316.80000000000007,-7.199999999999999,-7.199999999999999,175,410,-1,0,0,6
375.9999999999997,309.6000000000001,-7.199999999999999,-7.199999999999999,160,410,-1,0,0,6
368.7999999999997,302.4000000000001,-7.199999999999999,-7.199999999999999,145,410,-1,0,0,6
361.59999999999974,295.2000000000001,-7.199999999999999,-7.199999999999999,130,410,-1,0,0,6
354.39999999999975,288.0000000000001,-7.199999999999999,-7.199999999999999,115,410,-1,0,0,6
347.19999999999976,280.8000000000001,-7.199999999999999,-7.199999999999999,100,410,-1,0,0,6
339.9999999999998,273.60000000000014,-7.199999999999999,-7.199999999999999,85,410,-1,0,0,6
332.7999999999998,266.40000000000015,-7.199999999999999,-7.199999999999999,70,410,-1,0,0,6
325.5999999999998,259.20000000000016,-7.199999999999999,-7.199999999999999,55,410,-1,0,0,6
318.3999999999998,252.00000000000017,-7.199999999999999,-7.199999999999999,40,410,-1,0,0,6
311.1999999999998,244.80000000000018,-7.199999999999999,-7.199999999999999,40,410,0,0,0,6
303.99999999999983,237.6000000000002,-7.199999999999999,-7.199999999999999,40,410,0,0,0,6
296.79999999999984,230.4000000000002,-7.199999999999999,-7.199999999999999,40,410,0,0,0,6
289.59999999999985,223.20000000000022,-7.199999999999999,-7.199999999999999,40,410,0,0,0,6
282.39999999999986,216.00000000000023,-7.199999999999999,-7.199999999999999,40,410,0,0,0,6
275.1999999999999,208.80000000000024,-7.199999999999999,-7.199999999999999,40,410,0,0,0,6
267.9999999999999,201.60000000000025,-7.199999999999999,-7.199999999999999,40,410,0,0,0,6
260.7999999999999,194.40000000000026,-7.199999999999999,-7.199999999999999,40,410,0,0,0,6
253.5999999999999,187.20000000000027,-7.199999999999999,-7.199999999999999,40,410,0,0,0,6
246.39999999999992,180.00000000000028,-7.199999999999999,-7.199999999999999,40,410,0,0,0,6
239.19999999999993,172.8000000000003,-7.199999999999999,-7.199999999999999,40,410,0,0,0,6
231.99999999999994,165.6000000000003,-7.199999999999999,-7.199999999999999,40,410,0,0,0,6
224.79999999999995,158.40000000000032,-7.199999999999999,-7.199999999999999,40,410,0,0,0,6
217.59999999999997,151.20000000000033,-7.199999999999999,-7.199999999999999,40,410,0,0,0,6
210.39999999999998,144.00000000000034,-7.199999999999999,-7.199999999999999,40,410,0,0,0,6
203.2,136.80000000000035,-7.199999999999999,-7.199999999999999,40,410,0,0,0,6
196.0,129.60000000000036,-7.199999999999999,-7.199999999999999,40,410,0,0,0,6
188.8,122.40000000000036,-7.199999999999999,-7.199999999999999,40,410,0,0,0,6
181.60000000000002,115.20000000000036,-7.199999999999999,-7.199999999999999,40,410,0,0,0,6
174.40000000000003,108.00000000000036,-7.199999999999999,-7.199999999999999,40,410,0,0,0,6
167.20000000000005,100.80000000000035,-7.199999999999999,-7.199999999999999,40,410,0,0,0,6
160.00000000000006,93.60000000000035,-7.199999999999999,-7.199999999999999,40,410,0,0,0,6
152.80000000000007,86.40000000000035,-7.199999999999999,-7.199999999999999,40,410,0,0,0,6
145.60000000000008,79.20000000000034,-7.199999999999999,-7.199999999999999,40,410,0,0,0,6
138.4000000000001,72.00000000000034,-7.199999999999999,-7.199999999999999,40,410,0,0,0,6
131.2000000000001,64.80000000000034,-7.199999999999999,-7.199999999999999,40,410,0,0,0,6
124.0000000000001,57.600000000000335,-7.199999999999999,-7.199999999999999,40,410,0,0,0,6
116.8000000000001,50.40000000000033,-7.199999999999999,-7.199999999999999,40,410,0,0,0,6
109.6000000000001,43.20000000000033,-7.199999999999999,-7.199999999999999,40,410,0,0,0,6
102.40000000000009,36.00000000000033,-7.199999999999999,-7.199999999999999,40,410,0,0,0,6
95.20000000000009,28.800000000000328,-7.199999999999999,-7.199999999999999,40,410,0,0,0,6
88.00000000000009,21.60000000000033,-7.199999999999999,-7.199999999999999,40,410,0,0,0,6
80.80000000000008,14.400000000000329,-7.199999999999999,-7.199999999999999,40,410,0,0,0,6
73.60000000000008,7.20000000000033,-7.199999999999999,7.199999999999999,40,410,0,0,0,6
66.40000000000008,14.400000000000329,-7.199999999999999,7.199999999999999,40,410,0,0,0,6
59.200000000000074,21.60000000000033,-7.199999999999999,7.199999999999999,55,410,1,0,0,6
52.00000000000007,28.800000000000328,-7.199999999999999,7.199999999999999,70,410,1,0,0,6
44.80000000000007,36.00000000000033,-7.199999999999999,7.199999999999999,85,410,1,0,0,6
37.600000000000065,43.20000000000033,-7.199999999999999,7.199999999999999,100,410,1,0,0,6
30.400000000000066,50.40000000000033,-7.199999999999999,7.199999999999999,115,410,1,0,0,6
23.200000000000067,57.600000000000335,-7.199999999999999,7.199999999999999,130,410,1,0,0,6
16.000000000000068,64.80000000000034,-7.199999999999999,7.199999999999999,145,410,1,0,0,6
8.800000000000068,72.00000000000034,-7.199999999999999,7.199999999999999,160,410,1,0,0,6
1.600000000000069,79.20000000000034,-7.199999999999999,7.199999999999999,175,410,1,0,0,6
400,300,7.199999999999999,7.199999999999999,190,410,1,0,0,7
407.2,307.2,7.199999999999999,7.199999999999999,205,395,1,-1,0,7
414.4,314.4,7.199999999999999,7.199999999999999,205,380,0,-1,0,7
421.59999999999997,321.59999999999997,7.199999999999999,7.199999999999999,205,365,0,-1,0,7
428.79999999999995,328.79999999999995,7.199999999999999,7.199999999999999,205,350,0,-1,0,7
435.99999999999994,335.99999999999994,7.199999999999999,7.199999999999999,205,335,0,-1,0,7
443.19999999999993,343.19999999999993,7.199999999999999,7.199999999999999,205,320,0,-1,0,7
450.3999999999999,350.3999999999999,7.199999999999999,7.199999999999999,205,305,0,-1,0,7
457.5999999999999,357.5999999999999,7.199999999999999,7.199999999999999,205,290,0,-1,0,7
464.7999999999999,364.7999999999999,7.199999999999999,7.199999999999999,205,305,0,1,0,7
471.9999999999999,371.9999999999999,7.199999999999999,7.199999999999999,205,320,0,1,0,7
479.1999999999999,379.1999999999999,7.199999999999999,7.199999999999999,205,335,0,1,0,7
486.39999999999986,386.39999999999986,7.199999999999999,7.199999999999999,205,320,0,-1,0,7
493.59999999999985,393.59999999999985,7.199999999999999,7.199999999999999,205,335,0,1,0,7
500.79999999999984,400.79999999999984,7.199999999999999,7.199999999999999,205,350,0,1,0,7
507.99999999999983,407.99999999999983,7.199999999999999,7.199999999999999,205,350,0,0,0,7
515.1999999999998,415.1999999999998,7.199999999999999,7.199999999999999,205,365,0,1,0,7
522.3999999999999,422.3999999999998,7.199999999999999,7.199999999999999,205,365,0,0,0,7
529.5999999999999,429.5999999999998,7.199999999999999,7.199999999999999,205,380,0,1,0,7
536.8,436.7999999999998,7.199999999999999,7.199999999999999,205,365,0,-1,0,7
544.0,443.9999999999998,7.199999999999999,7.199999999999999,205,380,0,1,0,7
551.2,451.19999999999976,7.199999999999999,7.199999999999999,205,395,0,1,0,7
558.4000000000001,458.39999999999975,7.199999999999999,7.199999999999999,205,410,0,1,0,7
565.6000000000001,465.59999999999974,7.199999999999999,7.199999999999999,205,395,0,-1,0,7
572.8000000000002,472.7999999999997,7.199999999999999,7.199999999999999,205,395,0,0,0,7
580.0000000000002,479.9999999999997,7.199999999999999,7.199999999999999,205,410,0,1,0,7
587.2000000000003,487.1999999999997,7.199999999999999,7.199999999999999,205,410,0,0,0,7
594.4000000000003,494.3999999999997,7.199999999999999,7.199999999999999,205,410,0,0,0,7
601.6000000000004,501.5999999999997,7.199999999999999,7.199999999999999,205,425,0,1,0,7
608.8000000000004,508.79999999999967,7.199999999999999,7.199999999999999,205,440,0,1,0,7
616.0000000000005,515.9999999999997,7.199999999999999,7.199999999999999,205,455,0,1,0,7
623.2000000000005,523.1999999999997,7.199999999999999,7.199999999999999,205,470,0,1,0,7
630.4000000000005,530.3999999999997,7.199999999999999,7.199999999999999,205,485,0,1,0,7
637.6000000000006,537.5999999999998,7.199999999999999,7.199999999999999,205,470,0,-1,0,7
644.8000000000006,544.7999999999998,7.199999999999999,7.199999999999999,205,485,0,1,0,7
652.0000000000007,551.9999999999999,7.199999999999999,7.199999999999999,205,500,0,1,0,7
659.2000000000007,559.1999999999999,7.199999999999999,7.199999999999999,205,515,0,1,0,7
666.4000000000008,566.4,7.199999999999999,7.199999999999999,205,500,0,-1,0,7
673.6000000000008,573.6,7.199999999999999,7.199999999999999,205,515,0,1,0,7
680.8000000000009,580.8000000000001,7.199999999999999,7.199999999999999,205,530,0,1,0,7
688.0000000000009,588.0000000000001,7.199999999999999,7.199999999999999,205,545,0,1,0,7
695.200000000001,595.2000000000002,7.199999999999999,-7.199999999999999,205,530,0,-1,0,7
702.400000000001,588.0000000000001,7.199999999999999,-7.199999999999999,205,545,0,1,0,7
709.600000000001,580.8000000000001,7.199999999999999,-7.199999999999999,205,530,0,-1,0,7
716.8000000000011,573.6,7.199999999999999,-7.199999999999999,205,545,0,1,0,7
724.0000000000011,566.4,7.199999999999999,-7.199999999999999,205,530,0,-1,0,7
731.2000000000012,559.1999999999999,7.199999999999999,-7.199999999999999,205,515,0,-1,0,7
738.4000000000012,551.9999999999999,7.199999999999999,-7.199999999999999,205,500,0,-1,0,7
745.6000000000013,544.7999999999998,7.199999999999999,-7.199999999999999,205,515,0,1,0,7
752.8000000000013,537.5999999999998,7.199999999999999,-7.199999999999999,205,515,0,0,0,7
760.0000000000014,530.3999999999997,7.199999999999999,-7.199999999999999,205,500,0,-1,0,7
767.2000000000014,523.1999999999997,7.199999999999999,-7.199999999999999,205,485,0,-1,0,7
774.4000000000015,515.9999999999997,7.199999999999999,-7.199999999999999,205,470,0,-1,0,7
781.6000000000015,508.79999999999967,-7.199999999999999,-7.199999999999999,205,455,0,-1,0,7
774.4000000000015,501.5999999999997,-7.199999999999999,-7.199999999999999,205,455,0,0,0,7
767.2000000000014,494.3999999999997,-7.199999999999999,-7.199999999999999,205,455,0,0,0,7
760.0000000000014,487.1999999999997,-7.199999999999999,-7.199999999999999,205,455,0,0,0,7
752.8000000000013,479.9999999999997,-7.199999999999999,-7.199999999999999,205,455,0,0,0,7
745.6000000000013,472.7999999999997,-7.199999999999999,-7.199999999999999,205,455,0,0,0,7
738.4000000000012,465.59999999999974,-7.199999999999999,-7.199999999999999,205,455,0,0,0,7
731.2000000000012,458.39999999999975,-7.199999999999999,-7.199999999999999,205,455,0,0,0,7
724.0000000000011,451.19999999999976,-7.199999999999999,-7.199999999999999,205,455,0,0,0,7
716.8000000000011,443.9999999999998,-7.199999999999999,-7.199999999999999,205,455,0,0,0,7
709.600000000001,436.7999999999998,-7.199999999999999,-7.199999999999999,205,455,0,0,0,7
702.400000000001,429.5999999999998,-7.199999999999999,-7.199999999999999,205,455,0,0,0,7
695.200000000001,422.3999999999998,-7.199999999999999,-7.199999999999999,205,455,0,0,0,7
688.0000000000009,415.1999999999998,-7.199999999999999,-7.199999999999999,205,455,0,0,0,7
680.8000000000009,407.99999999999983,-7.199999999999999,-7.199999999999999,205,455,0,0,0,7
673.6000000000008,400.79999999999984,-7.199999999999999,-7.199999999999999,205,455,0,0,0,7
666.4000000000008,393.59999999999985,-7.199999999999999,-7.199999999999999,205,455,0,0,0,7
659.2000000000007,386.39999999999986,-7.199999999999999,-7.199999999999999,205,455,0,0,0,7
652.0000000000007,379.1999999999999,-7.199999999999999,-7.199999999999999,205,455,0,0,0,7
644.8000000000006,371.9999999999999,-7.199999999999999,-7.199999999999999,205,455,0,0,0,7
637.6000000000006,364.7999999999999,-7.199999999999999,-7.199999999999999,205,455,0,0,0,7
630.4000000000005,357.5999999999999,-7.199999999999999,-7.199999999999999,205,455,0,0,0,7
623.2000000000005,350.3999999999999,-7.199999999999999,-7.199999999999999,205,455,0,0,0,7
616.0000000000005,343.19999999999993,-7.199999999999999,-7.199999999999999,205,455,0,0,0,7
608.8000000000004,335.99999999999994,-7.199999999999999,-7.199999999999999,205,455,0,0,0,7
601.6000000000004,328.79999999999995,-7.199999999999999,-7.199999999999999,205,455,0,0,0,7
594.4000000000003,321.59999999999997,-7.199999999999999,-7.199999999999999,205,455,0,0,0,7
587.2000000000003,314.4,-7.199999999999999,-7.199999999999999,205,455,0,0,0,7
580.0000000000002,307.2,-7.199999999999999,-7.199999999999999,205,455,0,0,0,7
572.8000000000002,300.0,-7.199999999999999,-7.199999999999999,205,455,0,0,0,7
565.6000000000001,292.8,-7.199999999999999,-7.199999999999999,205,455,0,0,0,7
558.4000000000001,285.6,-7.199999999999999,-7.199999999999999,205,455,0,0,0,7
551.2,278.40000000000003,-7.199999999999999,-7.199999999999999,205,455,0,0,0,7
544.0,271.20000000000005,-7.199999999999999,-7.199999999999999,205,455,0,0,0,7
536.8,264.00000000000006,-7.199999999999999,-7.199999999999999,205,455,0,0,0,7
529.5999999999999,256.80000000000007,-7.199999999999999,-7.199999999999999,205,455,0,0,0,7
522.3999999999999,249.60000000000008,-7.199999999999999,-7.199999999999999,205,455,0,0,0,7
515.1999999999998,242.4000000000001,-7.199999999999999,-7.199999999999999,205,455,0,0,0,7
507.99999999999983,235.2000000000001,-7.199999999999999,-7.199999999999999,205,455,0,0,0,7
500.79999999999984,228.0000000000001,-7.199999999999999,-7.199999999999999,205,455,0,0,0,7
493.59999999999985,220.80000000000013,-7.199999999999999,-7.199999999999999,205,455,0,0,0,7
486.39999999999986,213.60000000000014,-7.199999999999999,-7.199999999999999,205,455,0,0,0,7
479.1999999999999,206.40000000000015,-7.199999999999999,-7.199999999999999,205,455,0,0,0,7
471.9999999999999,199.20000000000016,-7.199999999999999,-7.199999999999999,205,455,0,0,0,7
464.7999999999999,192.00000000000017,-7.199999999999999,-7.199999999999999,205,455,0,0,0,7
457.5999999999999,184.80000000000018,-7.199999999999999,-7.199999999999999,205,455,0,0,0,7
450.3999999999999,177.6000000000002,-7.199999999999999,-7.199999999999999,205,455,0,0,0,7
443.19999999999993,170.4000000000002,-7.199999999999999,-7.199999999999999,205,455,0,0,0,7
435.99999999999994,163.20000000000022,-7.199999999999999,-7.199999999999999,205,455,0,0,0,7
428.79999999999995,156.00000000000023,-7.199999999999999,-7.199999999999999,205,455,0,0,0,7
421.59999999999997,148.80000000000024,-7.199999999999999,-7.199999999999999,205,455,0,0,0,7
414.4,141.60000000000025,-7.199999999999999,-7.199999999999999,205,455,0,0,0,7
407.2,134.40000000000026,-7.199999999999999,-7.199999999999999,205,455,0,0,0,7
400.0,127.20000000000026,-7.199999999999999,-7.199999999999999,205,455,0,0,0,7
392.8,120.00000000000026,-7.199999999999999,-7.199999999999999,205,455,0,0,0,7
385.6,112.80000000000025,-7.199999999999999,-7.199999999999999,205,455,0,0,0,7
378.40000000000003,105.60000000000025,-7.199999999999999,-7.199999999999999,205,455,0,0,0,7
371.20000000000005,98.40000000000025,-7.199999999999999,-7.199999999999999,205,455,0,0,0,7
364.00000000000006,91.20000000000024,-7.199999999999999,-7.199999999999999,205,455,0,0,0,7
356.80000000000007,84.00000000000024,-7.199999999999999,-7.199999999999999,205,455,0,0,0,7
349.6000000000001,76.80000000000024,-7.199999999999999,-7.199999999999999,205,455,0,0,0,7
342.4000000000001,69.60000000000024,-7.199999999999999,-7.199999999999999,205,455,0,0,0,7
335.2000000000001,62.40000000000023,-7.199999999999999,-7.199999999999999,205,455,0,0,0,7
328.0000000000001,55.20000000000023,-7.199999999999999,-7.199999999999999,205,455,0,0,0,7
320.8000000000001,48.00000000000023,-7.199999999999999,-7.199999999999999,205,455,0,0,0,7
313.60000000000014,40.800000000000225,-7.199999999999999,-7.199999999999999,205,455,0,0,0,7
306.40000000000015,33.60000000000022,-7.199999999999999,-7.199999999999999,205,455,0,0,0,7
299.20000000000016,26.400000000000222,-7.199999999999999,-7.199999999999999,205,455,0,0,0,7
292.00000000000017,19.200000000000223,-7.199999999999999,-7.199999999999999,205,455,0,0,0,7
284.8000000000002,12.000000000000224,-7.199999999999999,-7.199999999999999,205,455,0,0,0,7
277.6000000000002,4.8000000000002245,-7.199999999999999,7.199999999999999,205,455,0,0,0,7
270.4000000000002,12.000000000000224,-7.199999999999999,7.199999999999999,205,455,0,0,0,7
263.2000000000002,19.200000000000223,-7.199999999999999,7.199999999999999,205,455,0,0,0,7
256.0000000000002,26.400000000000222,-7.199999999999999,7.199999999999999,205,455,0,0,0,7
248.80000000000024,33.60000000000022,-7.199999999999999,7.199999999999999,205,455,0,0,0,7
241.60000000000025,40.800000000000225,-7.199999999999999,7.199999999999999,205,455,0,0,0,7
234.40000000000026,48.00000000000023,-7.199999999999999,7.199999999999999,205,455,0,0,0,7
227.20000000000027,55.20000000000023,-7.199999999999999,7.199999999999999,205,455,0,0,0,7
220.00000000000028,62.40000000000023,-7.199999999999999,7.199999999999999,205,455,0,0,0,7
212.8000000000003,69.60000000000024,-7.199999999999999,7.199999999999999,205,455,0,0,0,7
205.6000000000003,76.80000000000024,-7.199999999999999,7.199999999999999,205,455,0,0,0,7
198.40000000000032,84.00000000000024,-7.199999999999999,7.199999999999999,205,455,0,0,0,7
191.20000000000033,91.20000000000024,-7.199999999999999,7.199999999999999,205,455,0,0,0,7
ball_x,ball_y,ball_dx,ball_dy,paddle1_y,paddle2_y,paddle1_action,paddle2_action,score1,score2
ball_x,ball_y,ball_dx,ball_dy,paddle1_y,paddle2_y,paddle1_action,paddle2_action,score1,score2
395,305,-5,5,250,250,0,0,0,0
390,310,-5,5,250,250,0,0,0,0
385,315,-5,5,250,250,0,0,0,0
380,320,-5,5,250,250,0,0,0,0
375,325,-5,5,250,250,0,0,0,0
370,330,-5,5,250,250,0,0,0,0
365,335,-5,5,250,250,0,0,0,0
360,340,-5,5,250,250,0,0,0,0
355,345,-5,5,250,250,0,0,0,0
350,350,-5,5,250,250,0,0,0,0
345,355,-5,5,250,250,0,0,0,0
340,360,-5,5,250,250,0,0,0,0
335,365,-5,5,250,250,0,0,0,0
330,370,-5,5,250,250,0,0,0,0
325,375,-5,5,250,250,0,0,0,0
320,380,-5,5,250,250,0,0,0,0
315,385,-5,5,250,250,0,0,0,0
310,390,-5,5,250,250,0,0,0,0
305,395,-5,5,250,250,0,0,0,0
300,400,-5,5,250,250,0,0,0,0
295,405,-5,5,250,250,0,0,0,0
290,410,-5,5,250,250,0,0,0,0
285,415,-5,5,250,250,0,0,0,0
280,420,-5,5,250,250,0,0,0,0
275,425,-5,5,250,250,0,0,0,0
270,430,-5,5,250,250,0,0,0,0
265,435,-5,5,250,250,0,0,0,0
260,440,-5,5,250,250,0,0,0,0
255,445,-5,5,240,250,-1,0,0,0
250,450,-5,5,230,250,-1,0,0,0
245,455,-5,5,220,250,-1,0,0,0
240,460,-5,5,210,250,-1,0,0,0
235,465,-5,5,200,250,-1,0,0,0
230,470,-5,5,190,250,-1,0,0,0
225,475,-5,5,180,250,-1,0,0,0
220,480,-5,5,170,250,-1,0,0,0
215,485,-5,5,160,250,-1,0,0,0
210,490,-5,5,150,250,-1,0,0,0
205,495,-5,5,140,250,-1,0,0,0
200,500,-5,5,130,250,-1,0,0,0
195,505,-5,5,120,250,-1,0,0,0
190,510,-5,5,110,250,-1,0,0,0
185,515,-5,5,100,250,-1,0,0,0
180,520,-5,5,100,250,0,0,0,0
175,525,-5,5,100,250,0,0,0,0
170,530,-5,5,100,250,0,0,0,0
165,535,-5,5,100,250,0,0,0,0
160,540,-5,5,100,250,0,0,0,0
155,545,-5,5,100,250,0,0,0,0
150,550,-5,5,100,250,0,0,0,0
145,555,-5,5,100,250,0,0,0,0
140,560,-5,5,110,250,1,0,0,0
135,565,-5,5,120,250,1,0,0,0
130,570,-5,5,130,250,1,0,0,0
125,575,-5,5,140,250,1,0,0,0
120,580,-5,5,150,250,1,0,0,0
115,585,-5,5,160,250,1,0,0,0
110,590,-5,-5,170,250,1,0,0,0
105,585,-5,-5,180,250,1,0,0,0
100,580,-5,-5,190,250,1,0,0,0
95,575,-5,-5,200,250,1,0,0,0
90,570,-5,-5,210,250,1,0,0,0
85,565,-5,-5,220,250,1,0,0,0
80,560,-5,-5,230,250,1,0,0,0
75,555,-5,-5,240,250,1,0,0,0
70,550,-5,-5,250,250,1,0,0,0
65,545,-5,-5,260,250,1,0,0,0
60,540,-5,-5,270,250,1,0,0,0
55,535,-5,-5,280,250,1,0,0,0
50,530,-5,-5,290,250,1,0,0,0
45,525,-5,-5,300,250,1,0,0,0
40,520,-5,-5,310,250,1,0,0,0
35,515,-5,-5,320,250,1,0,0,0
30,510,-5,-5,330,250,1,0,0,0
25,505,-5,-5,340,250,1,0,0,0
20,500,-5,-5,340,250,0,0,0,0
15,495,-5,-5,340,250,0,0,0,0
10,490,-5,-5,340,250,0,0,0,0
5,485,-5,-5,340,250,0,0,0,0
0,480,-5,-5,340,250,0,0,0,0
400,300,5,-5,340,250,0,0,0,1
405,295,5,-5,340,250,0,0,0,1
410,290,5,-5,340,243,0,-1,0,1
415,285,5,-5,340,236,0,-1,0,1
420,280,5,-5,340,236,0,0,0,1
425,275,5,-5,340,229,0,-1,0,1
430,270,5,-5,340,229,0,0,0,1
435,265,5,-5,340,222,0,-1,0,1
440,260,5,-5,340,215,0,-1,0,1
445,255,5,-5,340,208,0,-1,0,1
450,250,5,-5,340,201,0,-1,0,1
455,245,5,-5,340,194,0,-1,0,1
460,240,5,-5,340,201,0,1,0,1
465,235,5,-5,340,194,0,-1,0,1
470,230,5,-5,340,187,0,-1,0,1
475,225,5,-5,340,180,0,-1,0,1
480,220,5,-5,340,173,0,-1,0,1
485,215,5,-5,340,166,0,-1,0,1
490,210,5,-5,340,159,0,-1,0,1
495,205,5,-5,340,166,0,1,0,1
500,200,5,-5,340,159,0,-1,0,1
505,195,5,-5,340,152,0,-1,0,1
510,190,5,-5,340,145,0,-1,0,1
515,185,5,-5,340,138,0,-1,0,1
520,180,5,-5,340,131,0,-1,0,1
525,175,5,-5,340,124,0,-1,0,1
530,170,5,-5,340,131,0,1,0,1
535,165,5,-5,340,124,0,-1,0,1
540,160,5,-5,340,117,0,-1,0,1
545,155,5,-5,340,110,0,-1,0,1
550,150,5,-5,340,103,0,-1,0,1
555,145,5,-5,340,96,0,-1,0,1
560,140,5,-5,340,89,0,-1,0,1
565,135,5,-5,340,96,0,1,0,1
570,130,5,-5,340,89,0,-1,0,1
575,125,5,-5,340,82,0,-1,0,1
580,120,5,-5,340,75,0,-1,0,1
585,115,5,-5,340,68,0,-1,0,1
590,110,5,-5,340,61,0,-1,0,1
595,105,5,-5,330,54,-1,-1,0,1
600,100,5,-5,320,61,-1,1,0,1
605,95,5,-5,310,54,-1,-1,0,1
610,90,5,-5,300,47,-1,-1,0,1
615,85,5,-5,290,40,-1,-1,0,1
620,80,5,-5,280,33,-1,-1,0,1
625,75,5,-5,270,26,-1,-1,0,1
630,70,5,-5,260,19,-1,-1,0,1
635,65,5,-5,250,19,-1,0,0,1
640,60,5,-5,240,12,-1,-1,0,1
645,55,5,-5,230,5,-1,-1,0,1
650,50,5,-5,220,5,-1,0,0,1
655,45,5,-5,210,-2,-1,-1,0,1
660,40,5,-5,200,-9,-1,-1,0,1
665,35,5,-5,190,-16,-1,-1,0,1
670,30,5,-5,180,-9,-1,1,0,1
675,25,5,-5,170,-16,-1,-1,0,1
680,20,5,-5,160,-23,-1,-1,0,1
685,15,5,-5,150,-30,-1,-1,0,1
690,10,5,5,140,-37,-1,-1,0,1
695,15,5,5,130,-44,-1,-1,0,1
700,20,5,5,120,-37,-1,1,0,1
705,25,5,5,110,-30,-1,1,0,1
710,30,5,5,110,-30,0,0,0,1
715,35,5,5,110,-23,0,1,0,1
720,40,5,5,110,-16,0,1,0,1
725,45,5,5,110,-9,0,1,0,1
730,50,5,5,110,-2,0,1,0,1
735,55,5,5,110,5,0,1,0,1
740,60,5,5,110,5,0,0,0,1
745,65,5,5,110,12,0,1,0,1
750,70,5,5,110,19,0,1,0,1
755,75,5,5,110,26,0,1,0,1
760,80,5,5,110,19,0,-1,0,1
765,85,5,5,110,26,0,1,0,1
770,90,5,5,110,33,0,1,0,1
775,95,5,5,110,40,0,1,0,1
780,100,-5,5,110,47,0,1,0,1
775,105,-5,5,110,47,0,0,0,1
770,110,-5,5,110,47,0,0,0,1
765,115,-5,5,110,47,0,0,0,1
760,120,-5,5,110,47,0,0,0,1
755,125,-5,5,110,47,0,0,0,1
750,130,-5,5,110,47,0,0,0,1
745,135,-5,5,110,47,0,0,0,1
740,140,-5,5,110,47,0,0,0,1
735,145,-5,5,110,47,0,0,0,1
730,150,-5,5,110,47,0,0,0,1
725,155,-5,5,110,47,0,0,0,1
720,160,-5,5,110,47,0,0,0,1
715,165,-5,5,110,47,0,0,0,1
710,170,-5,5,110,47,0,0,0,1
705,175,-5,5,110,47,0,0,0,1
700,180,-5,5,110,47,0,0,0,1
695,185,-5,5,110,47,0,0,0,1
690,190,-5,5,110,47,0,0,0,1
685,195,-5,5,120,47,1,0,0,1
680,200,-5,5,130,47,1,0,0,1
675,205,-5,5,140,47,1,0,0,1
670,210,-5,5,150,47,1,0,0,1
665,215,-5,5,160,47,1,0,0,1
660,220,-5,5,170,47,1,0,0,1
655,225,-5,5,180,47,1,0,0,1
650,230,-5,5,190,47,1,0,0,1
645,235,-5,5,200,47,1,0,0,1
640,240,-5,5,210,47,1,0,0,1
635,245,-5,5,220,47,1,0,0,1
630,250,-5,5,230,47,1,0,0,1
625,255,-5,5,240,47,1,0,0,1
620,260,-5,5,250,47,1,0,0,1
615,265,-5,5,260,47,1,0,0,1
610,270,-5,5,270,47,1,0,0,1
605,275,-5,5,280,47,1,0,0,1
600,280,-5,5,290,47,1,0,0,1
595,285,-5,5,300,47,1,0,0,1
590,290,-5,5,310,47,1,0,0,1
585,295,-5,5,320,47,1,0,0,1
580,300,-5,5,330,47,1,0,0,1
575,305,-5,5,340,47,1,0,0,1
570,310,-5,5,350,47,1,0,0,1
565,315,-5,5,360,47,1,0,0,1
560,320,-5,5,370,47,1,0,0,1
555,325,-5,5,380,47,1,0,0,1
550,330,-5,5,390,47,1,0,0,1
545,335,-5,5,400,47,1,0,0,1
540,340,-5,5,410,47,1,0,0,1
535,345,-5,5,420,47,1,0,0,1
530,350,-5,5,430,47,1,0,0,1
525,355,-5,5,440,47,1,0,0,1
520,360,-5,5,450,47,1,0,0,1
515,365,-5,5,460,47,1,0,0,1
510,370,-5,5,470,47,1,0,0,1
505,375,-5,5,470,47,0,0,0,1
500,380,-5,5,470,47,0,0,0,1
495,385,-5,5,470,47,0,0,0,1
490,390,-5,5,470,47,0,0,0,1
485,395,-5,5,470,47,0,0,0,1
480,400,-5,5,470,47,0,0,0,1
475,405,-5,5,470,47,0,0,0,1
470,410,-5,5,470,47,0,0,0,1
465,415,-5,5,470,47,0,0,0,1
460,420,-5,5,470,47,0,0,0,1
455,425,-5,5,470,47,0,0,0,1
450,430,-5,5,470,47,0,0,0,1
445,435,-5,5,470,47,0,0,0,1
440,440,-5,5,470,47,0,0,0,1
435,445,-5,5,470,47,0,0,0,1
430,450,-5,5,470,47,0,0,0,1
425,455,-5,5,470,47,0,0,0,1
420,460,-5,5,470,47,0,0,0,1
415,465,-5,5,470,47,0,0,0,1
410,470,-5,5,470,47,0,0,0,1
405,475,-5,5,470,47,0,0,0,1
400,480,-5,5,470,47,0,0,0,1
395,485,-5,5,470,47,0,0,0,1
390,490,-5,5,470,47,0,0,0,1
385,495,-5,5,470,47,0,0,0,1
380,500,-5,5,470,47,0,0,0,1
375,505,-5,5,470,47,0,0,0,1
370,510,-5,5,470,47,0,0,0,1
365,515,-5,5,470,47,0,0,0,1
360,520,-5,5,470,47,0,0,0,1
355,525,-5,5,470,47,0,0,0,1
350,530,-5,5,470,47,0,0,0,1
345,535,-5,5,470,47,0,0,0,1
340,540,-5,5,470,47,0,0,0,1
335,545,-5,5,470,47,0,0,0,1
330,550,-5,5,470,47,0,0,0,1
325,555,-5,5,470,47,0,0,0,1
320,560,-5,5,470,47,0,0,0,1
315,565,-5,5,470,47,0,0,0,1
310,570,-5,5,470,47,0,0,0,1
305,575,-5,5,470,47,0,0,0,1
300,580,-5,5,470,47,0,0,0,1
295,585,-5,5,470,47,0,0,0,1
290,590,-5,-5,470,47,0,0,0,1
285,585,-5,-5,470,47,0,0,0,1
280,580,-5,-5,470,47,0,0,0,1
275,575,-5,-5,470,47,0,0,0,1
270,570,-5,-5,470,47,0,0,0,1
265,565,-5,-5,470,47,0,0,0,1
260,560,-5,-5,470,47,0,0,0,1
255,555,-5,-5,470,47,0,0,0,1
250,550,-5,-5,470,47,0,0,0,1
245,545,-5,-5,470,47,0,0,0,1
240,540,-5,-5,470,47,0,0,0,1
235,535,-5,-5,470,47,0,0,0,1
230,530,-5,-5,470,47,0,0,0,1
225,525,-5,-5,470,47,0,0,0,1
220,520,-5,-5,470,47,0,0,0,1
215,515,-5,-5,470,47,0,0,0,1
210,510,-5,-5,470,47,0,0,0,1
205,505,-5,-5,470,47,0,0,0,1
200,500,-5,-5,470,47,0,0,0,1
195,495,-5,-5,470,47,0,0,0,1
190,490,-5,-5,470,47,0,0,0,1
185,485,-5,-5,470,47,0,0,0,1
180,480,-5,-5,470,47,0,0,0,1
175,475,-5,-5,460,47,-1,0,0,1
170,470,-5,-5,450,47,-1,0,0,1
165,465,-5,-5,440,47,-1,0,0,1
160,460,-5,-5,430,47,-1,0,0,1
155,455,-5,-5,420,47,-1,0,0,1
150,450,-5,-5,410,47,-1,0,0,1
145,445,-5,-5,400,47,-1,0,0,1
140,440,-5,-5,390,47,-1,0,0,1
135,435,-5,-5,380,47,-1,0,0,1
130,430,-5,-5,370,47,-1,0,0,1
125,425,-5,-5,360,47,-1,0,0,1
120,420,-5,-5,350,47,-1,0,0,1
115,415,-5,-5,340,47,-1,0,0,1
110,410,-5,-5,330,47,-1,0,0,1
105,405,-5,-5,320,47,-1,0,0,1
100,400,-5,-5,310,47,-1,0,0,1
95,395,-5,-5,300,47,-1,0,0,1
90,390,-5,-5,300,47,0,0,0,1
85,385,-5,-5,300,47,0,0,0,1
80,380,-5,-5,300,47,0,0,0,1
75,375,-5,-5,300,47,0,0,0,1
70,370,-5,-5,300,47,0,0,0,1
65,365,-5,-5,300,47,0,0,0,1
60,360,-5,-5,300,47,0,0,0,1
55,355,-5,-5,300,47,0,0,0,1
50,350,-5,-5,300,47,0,0,0,1
45,345,-5,-5,300,47,0,0,0,1
40,340,-5,-5,300,47,0,0,0,1
35,335,-5,-5,300,47,0,0,0,1
30,330,-5,-5,300,47,0,0,0,1
25,325,-5,-5,300,47,0,0,0,1
20,320,5,-5,300,47,0,0,0,1
25,315,5,-5,300,54,0,1,0,1
30,310,5,-5,300,61,0,1,0,1
35,305,5,-5,300,68,0,1,0,1
40,300,5,-5,300,75,0,1,0,1
45,295,5,-5,300,82,0,1,0,1
50,290,5,-5,300,89,0,1,0,1
55,285,5,-5,300,96,0,1,0,1
60,280,5,-5,300,103,0,1,0,1
65,275,5,-5,300,110,0,1,0,1
70,270,5,-5,300,117,0,1,0,1
75,265,5,-5,300,124,0,1,0,1
80,260,5,-5,300,131,0,1,0,1
85,255,5,-5,300,138,0,1,0,1
90,250,5,-5,300,138,0,0,0,1
95,245,5,-5,300,145,0,1,0,1
100,240,5,-5,300,152,0,1,0,1
105,235,5,-5,300,159,0,1,0,1
110,230,5,-5,300,166,0,1,0,1
115,225,5,-5,300,173,0,1,0,1
120,220,5,-5,300,180,0,1,0,1
125,215,5,-5,300,173,0,-1,0,1
130,210,5,-5,300,166,0,-1,0,1
135,205,5,-5,300,159,0,-1,0,1
140,200,5,-5,300,152,0,-1,0,1
145,195,5,-5,300,145,0,-1,0,1
150,190,5,-5,300,145,0,0,0,1
155,185,5,-5,300,138,0,-1,0,1
160,180,5,-5,300,131,0,-1,0,1
165,175,5,-5,300,124,0,-1,0,1
170,170,5,-5,300,131,0,1,0,1
175,165,5,-5,300,124,0,-1,0,1
180,160,5,-5,300,117,0,-1,0,1
185,155,5,-5,300,110,0,-1,0,1
190,150,5,-5,300,103,0,-1,0,1
195,145,5,-5,300,96,0,-1,0,1
200,140,5,-5,300,89,0,-1,0,1
205,135,5,-5,300,96,0,1,0,1
210,130,5,-5,300,96,0,0,0,1
215,125,5,-5,300,89,0,-1,0,1
220,120,5,-5,300,82,0,-1,0,1
225,115,5,-5,300,75,0,-1,0,1
230,110,5,-5,300,68,0,-1,0,1
235,105,5,-5,300,68,0,0,0,1
240,100,5,-5,300,61,0,-1,0,1
245,95,5,-5,300,54,0,-1,0,1
250,90,5,-5,300,54,0,0,0,1
255,85,5,-5,300,54,0,0,0,1
260,80,5,-5,300,47,0,-1,0,1
265,75,5,-5,300,40,0,-1,0,1
270,70,5,-5,300,33,0,-1,0,1
275,65,5,-5,300,33,0,0,0,1
280,60,5,-5,300,26,0,-1,0,1
285,55,5,-5,300,19,0,-1,0,1
290,50,5,-5,300,12,0,-1,0,1
295,45,5,-5,300,12,0,0,0,1
300,40,5,-5,300,5,0,-1,0,1
305,35,5,-5,300,-2,0,-1,0,1
310,30,5,-5,300,-9,0,-1,0,1
315,25,5,-5,300,-16,0,-1,0,1
320,20,5,-5,300,-23,0,-1,0,1
325,15,5,-5,300,-30,0,-1,0,1
330,10,5,5,300,-37,0,-1,0,1
335,15,5,5,300,-44,0,-1,0,1
340,20,5,5,300,-37,0,1,0,1
345,25,5,5,300,-30,0,1,0,1
350,30,5,5,300,-23,0,1,0,1
355,35,5,5,300,-23,0,0,0,1
360,40,5,5,300,-16,0,1,0,1
365,45,5,5,300,-9,0,1,0,1
370,50,5,5,300,-2,0,1,0,1
375,55,5,5,300,5,0,1,0,1
380,60,5,5,300,5,0,0,0,1
385,65,5,5,300,12,0,1,0,1
390,70,5,5,300,19,0,1,0,1
395,75,5,5,300,19,0,0,0,1
400,80,5,5,300,26,0,1,0,1
405,85,5,5,300,33,0,1,0,1
410,90,5,5,300,40,0,1,0,1
415,95,5,5,300,40,0,0,0,1
420,100,5,5,300,47,0,1,0,1
425,105,5,5,300,54,0,1,0,1
430,110,5,5,300,61,0,1,0,1
435,115,5,5,300,61,0,0,0,1
440,120,5,5,300,68,0,1,0,1
445,125,5,5,300,75,0,1,0,1
450,130,5,5,300,75,0,0,0,1
455,135,5,5,300,82,0,1,0,1
460,140,5,5,300,89,0,1,0,1
465,145,5,5,300,96,0,1,0,1
470,150,5,5,300,89,0,-1,0,1
475,155,5,5,300,89,0,0,0,1
480,160,5,5,300,96,0,1,0,1
485,165,5,5,300,103,0,1,0,1
490,170,5,5,300,110,0,1,0,1
495,175,5,5,300,117,0,1,0,1
500,180,5,5,300,124,0,1,0,1
505,185,5,5,300,131,0,1,0,1
510,190,5,5,300,138,0,1,0,1
515,195,5,5,300,145,0,1,0,1
520,200,5,5,300,145,0,0,0,1
525,205,5,5,300,152,0,1,0,1
530,210,5,5,300,159,0,1,0,1
535,215,5,5,300,159,0,0,0,1
540,220,5,5,300,166,0,1,0,1
545,225,5,5,300,173,0,1,0,1
550,230,5,5,300,180,0,1,0,1
555,235,5,5,300,180,0,0,0,1
560,240,5,5,300,187,0,1,0,1
565,245,5,5,300,194,0,1,0,1
570,250,5,5,300,201,0,1,0,1
575,255,5,5,300,194,0,-1,0,1
580,260,5,5,300,201,0,1,0,1
585,265,5,5,300,208,0,1,0,1
590,270,5,5,300,215,0,1,0,1
595,275,5,5,300,222,0,1,0,1
600,280,5,5,300,229,0,1,0,1
605,285,5,5,300,236,0,1,0,1
610,290,5,5,300,229,0,-1,0,1
615,295,5,5,300,236,0,1,0,1
620,300,5,5,300,243,0,1,0,1
625,305,5,5,300,250,0,1,0,1
630,310,5,5,300,250,0,0,0,1
635,315,5,5,300,257,0,1,0,1
640,320,5,5,300,257,0,0,0,1
645,325,5,5,300,264,0,1,0,1
650,330,5,5,300,271,0,1,0,1
655,335,5,5,300,278,0,1,0,1
660,340,5,5,300,285,0,1,0,1
665,345,5,5,300,292,0,1,0,1
670,350,5,5,300,299,0,1,0,1
675,355,5,5,300,306,0,1,0,1
680,360,5,5,300,299,0,-1,0,1
685,365,5,5,300,306,0,1,0,1
690,370,5,5,300,306,0,0,0,1
695,375,5,5,300,313,0,1,0,1
700,380,5,5,300,320,0,1,0,1
705,385,5,5,300,320,0,0,0,1
710,390,5,5,300,327,0,1,0,1
715,395,5,5,300,334,0,1,0,1
720,400,5,5,300,341,0,1,0,1
725,405,5,5,300,348,0,1,0,1
730,410,5,5,300,355,0,1,0,1
735,415,5,5,300,362,0,1,0,1
740,420,5,5,300,369,0,1,0,1
745,425,5,5,300,376,0,1,0,1
750,430,5,5,300,369,0,-1,0,1
755,435,5,5,300,369,0,0,0,1
760,440,5,5,300,376,0,1,0,1
765,445,5,5,300,383,0,1,0,1
770,450,5,5,300,390,0,1,0,1
775,455,5,5,300,397,0,1,0,1
780,460,-5,5,300,397,0,0,0,1
775,465,-5,5,300,397,0,0,0,1
770,470,-5,5,300,397,0,0,0,1
765,475,-5,5,300,397,0,0,0,1
760,480,-5,5,300,397,0,0,0,1
755,485,-5,5,300,397,0,0,0,1
750,490,-5,5,300,397,0,0,0,1
745,495,-5,5,300,397,0,0,0,1
740,500,-5,5,300,397,0,0,0,1
735,505,-5,5,300,397,0,0,0,1
730,510,-5,5,300,397,0,0,0,1
725,515,-5,5,300,397,0,0,0,1
720,520,-5,5,300,397,0,0,0,1
715,525,-5,5,300,397,0,0,0,1
710,530,-5,5,300,397,0,0,0,1
705,535,-5,5,300,397,0,0,0,1
700,540,-5,5,300,397,0,0,0,1
695,545,-5,5,300,397,0,0,0,1
690,550,-5,5,300,397,0,0,0,1
685,555,-5,5,300,397,0,0,0,1
680,560,-5,5,300,397,0,0,0,1
675,565,-5,5,300,397,0,0,0,1
670,570,-5,5,300,397,0,0,0,1
665,575,-5,5,300,397,0,0,0,1
660,580,-5,5,300,397,0,0,0,1
655,585,-5,5,300,397,0,0,0,1
650,590,-5,-5,300,397,0,0,0,1
645,585,-5,-5,300,397,0,0,0,1
640,580,-5,-5,300,397,0,0,0,1
635,575,-5,-5,300,397,0,0,0,1
630,570,-5,-5,300,397,0,0,0,1
625,565,-5,-5,300,397,0,0,0,1
620,560,-5,-5,300,397,0,0,0,1
615,555,-5,-5,300,397,0,0,0,1
610,550,-5,-5,300,397,0,0,0,1
605,545,-5,-5,300,397,0,0,0,1
600,540,-5,-5,300,397,0,0,0,1
595,535,-5,-5,300,397,0,0,0,1
590,530,-5,-5,300,397,0,0,0,1
585,525,-5,-5,300,397,0,0,0,1
580,520,-5,-5,300,397,0,0,0,1
575,515,-5,-5,300,397,0,0,0,1
570,510,-5,-5,300,397,0,0,0,1
565,505,-5,-5,300,397,0,0,0,1
560,500,-5,-5,300,397,0,0,0,1
555,495,-5,-5,300,397,0,0,0,1
550,490,-5,-5,300,397,0,0,0,1
545,485,-5,-5,300,397,0,0,0,1
540,480,-5,-5,300,397,0,0,0,1
535,475,-5,-5,300,397,0,0,0,1
530,470,-5,-5,300,397,0,0,0,1
525,465,-5,-5,290,397,-1,0,0,1
520,460,-5,-5,280,397,-1,0,0,1
515,455,-5,-5,270,397,-1,0,0,1
510,450,-5,-5,260,397,-1,0,0,1
505,445,-5,-5,250,397,-1,0,0,1
500,440,-5,-5,240,397,-1,0,0,1
495,435,-5,-5,230,397,-1,0,0,1
490,430,-5,-5,220,397,-1,0,0,1
485,425,-5,-5,210,397,-1,0,0,1
480,420,-5,-5,200,397,-1,0,0,1
475,415,-5,-5,190,397,-1,0,0,1
470,410,-5,-5,180,397,-1,0,0,1
465,405,-5,-5,170,397,-1,0,0,1
460,400,-5,-5,160,397,-1,0,0,1
455,395,-5,-5,150,397,-1,0,0,1
450,390,-5,-5,140,397,-1,0,0,1
445,385,-5,-5,130,397,-1,0,0,1
440,380,-5,-5,120,397,-1,0,0,1
435,375,-5,-5,110,397,-1,0,0,1
430,370,-5,-5,100,397,-1,0,0,1
425,365,-5,-5,90,397,-1,0,0,1
420,360,-5,-5,80,397,-1,0,0,1
415,355,-5,-5,70,397,-1,0,0,1
410,350,-5,-5,60,397,-1,0,0,1
405,345,-5,-5,50,397,-1,0,0,1
400,340,-5,-5,40,397,-1,0,0,1
395,335,-5,-5,30,397,-1,0,0,1
390,330,-5,-5,20,397,-1,0,0,1
385,325,-5,-5,10,397,-1,0,0,1
380,320,-5,-5,0,397,-1,0,0,1
375,315,-5,-5,0,397,0,0,0,1
370,310,-5,-5,0,397,0,0,0,1
365,305,-5,-5,0,397,0,0,0,1
360,300,-5,-5,0,397,0,0,0,1
355,295,-5,-5,0,397,0,0,0,1
350,290,-5,-5,0,397,0,0,0,1
345,285,-5,-5,0,397,0,0,0,1
340,280,-5,-5,0,397,0,0,0,1
335,275,-5,-5,0,397,0,0,0,1
330,270,-5,-5,0,397,0,0,0,1
325,265,-5,-5,0,397,0,0,0,1
320,260,-5,-5,0,397,0,0,0,1
315,255,-5,-5,0,397,0,0,0,1
310,250,-5,-5,0,397,0,0,0,1
305,245,-5,-5,0,397,0,0,0,1
300,240,-5,-5,0,397,0,0,0,1
295,235,-5,-5,0,397,0,0,0,1
290,230,-5,-5,0,397,0,0,0,1
285,225,-5,-5,0,397,0,0,0,1
280,220,-5,-5,0,397,0,0,0,1
275,215,-5,-5,0,397,0,0,0,1
270,210,-5,-5,0,397,0,0,0,1
265,205,-5,-5,0,397,0,0,0,1
260,200,-5,-5,0,397,0,0,0,1
255,195,-5,-5,0,397,0,0,0,1
250,190,-5,-5,0,397,0,0,0,1
245,185,-5,-5,0,397,0,0,0,1
240,180,-5,-5,0,397,0,0,0,1
235,175,-5,-5,0,397,0,0,0,1
230,170,-5,-5,0,397,0,0,0,1
225,165,-5,-5,0,397,0,0,0,1
220,160,-5,-5,0,397,0,0,0,1
215,155,-5,-5,0,397,0,0,0,1
210,150,-5,-5,0,397,0,0,0,1
205,145,-5,-5,0,397,0,0,0,1
200,140,-5,-5,0,397,0,0,0,1
195,135,-5,-5,0,397,0,0,0,1
190,130,-5,-5,0,397,0,0,0,1
185,125,-5,-5,0,397,0,0,0,1
180,120,-5,-5,0,397,0,0,0,1
175,115,-5,-5,0,397,0,0,0,1
170,110,-5,-5,0,397,0,0,0,1
165,105,-5,-5,0,397,0,0,0,1
160,100,-5,-5,0,397,0,0,0,1
155,95,-5,-5,0,397,0,0,0,1
150,90,-5,-5,0,397,0,0,0,1
145,85,-5,-5,0,397,0,0,0,1
140,80,-5,-5,0,397,0,0,0,1
135,75,-5,-5,0,397,0,0,0,1
130,70,-5,-5,0,397,0,0,0,1
125,65,-5,-5,0,397,0,0,0,1
120,60,-5,-5,0,397,0,0,0,1
115,55,-5,-5,0,397,0,0,0,1
110,50,-5,-5,0,397,0,0,0,1
105,45,-5,-5,0,397,0,0,0,1
100,40,-5,-5,0,397,0,0,0,1
95,35,-5,-5,0,397,0,0,0,1
90,30,-5,-5,0,397,0,0,0,1
85,25,-5,-5,0,397,0,0,0,1
80,20,-5,-5,0,397,0,0,0,1
75,15,-5,-5,0,397,0,0,0,1
70,10,-5,5,0,397,0,0,0,1
65,15,-5,5,0,397,0,0,0,1
60,20,-5,5,0,397,0,0,0,1
55,25,-5,5,0,397,0,0,0,1
50,30,-5,5,0,397,0,0,0,1
45,35,-5,5,0,397,0,0,0,1
40,40,-5,5,0,397,0,0,0,1
35,45,-5,5,0,397,0,0,0,1
30,50,-5,5,0,397,0,0,0,1
25,55,-5,5,0,397,0,0,0,1
20,60,5,5,0,397,0,0,0,1
25,65,5,5,0,390,0,-1,0,1
30,70,5,5,0,383,0,-1,0,1
35,75,5,5,0,376,0,-1,0,1
40,80,5,5,0,369,0,-1,0,1
45,85,5,5,0,362,0,-1,0,1
50,90,5,5,0,355,0,-1,0,1
55,95,5,5,0,348,0,-1,0,1
60,100,5,5,0,348,0,0,0,1
65,105,5,5,0,341,0,-1,0,1
70,110,5,5,0,334,0,-1,0,1
75,115,5,5,0,327,0,-1,0,1
80,120,5,5,0,320,0,-1,0,1
85,125,5,5,0,313,0,-1,0,1
90,130,5,5,0,306,0,-1,0,1
95,135,5,5,0,306,0,0,0,1
100,140,5,5,0,306,0,0,0,1
105,145,5,5,0,299,0,-1,0,1
110,150,5,5,0,292,0,-1,0,1
115,155,5,5,0,285,0,-1,0,1
120,160,5,5,0,278,0,-1,0,1
125,165,5,5,0,271,0,-1,0,1
130,170,5,5,0,264,0,-1,0,1
135,175,5,5,0,257,0,-1,0,1
140,180,5,5,0,250,0,-1,0,1
145,185,5,5,0,243,0,-1,0,1
150,190,5,5,0,236,0,-1,0,1
155,195,5,5,0,229,0,-1,0,1
160,200,5,5,0,222,0,-1,0,1
165,205,5,5,0,215,0,-1,0,1
170,210,5,5,0,208,0,-1,0,1
175,215,5,5,0,201,0,-1,0,1
180,220,5,5,0,194,0,-1,0,1
185,225,5,5,0,187,0,-1,0,1
190,230,5,5,0,180,0,-1,0,1
195,235,5,5,0,180,0,0,0,1
200,240,5,5,0,187,0,1,0,1
205,245,5,5,0,194,0,1,0,1
210,250,5,5,0,194,0,0,0,1
215,255,5,5,0,201,0,1,0,1
220,260,5,5,0,208,0,1,0,1
225,265,5,5,0,215,0,1,0,1
230,270,5,5,0,215,0,0,0,1
235,275,5,5,0,222,0,1,0,1
240,280,5,5,0,229,0,1,0,1
245,285,5,5,0,236,0,1,0,1
250,290,5,5,0,229,0,-1,0,1
255,295,5,5,0,236,0,1,0,1
260,300,5,5,0,243,0,1,0,1
265,305,5,5,0,250,0,1,0,1
270,310,5,5,0,257,0,1,0,1
275,315,5,5,0,264,0,1,0,1
280,320,5,5,0,271,0,1,0,1
285,325,5,5,0,264,0,-1,0,1
290,330,5,5,0,271,0,1,0,1
295,335,5,5,0,278,0,1,0,1
300,340,5,5,0,285,0,1,0,1
305,345,5,5,0,292,0,1,0,1
310,350,5,5,0,299,0,1,0,1
315,355,5,5,0,299,0,0,0,1
320,360,5,5,0,306,0,1,0,1
325,365,5,5,0,313,0,1,0,1
330,370,5,5,0,320,0,1,0,1
335,375,5,5,0,320,0,0,0,1
340,380,5,5,0,320,0,0,0,1
345,385,5,5,0,327,0,1,0,1
350,390,5,5,0,334,0,1,0,1
355,395,5,5,0,341,0,1,0,1
360,400,5,5,0,348,0,1,0,1
365,405,5,5,0,355,0,1,0,1
370,410,5,5,0,355,0,0,0,1
375,415,5,5,0,362,0,1,0,1
380,420,5,5,0,369,0,1,0,1
385,425,5,5,0,369,0,0,0,1
390,430,5,5,0,376,0,1,0,1
395,435,5,5,0,383,0,1,0,1
400,440,5,5,0,390,0,1,0,1
405,445,5,5,0,390,0,0,0,1
410,450,5,5,0,397,0,1,0,1
415,455,5,5,0,404,0,1,0,1
420,460,5,5,0,404,0,0,0,1
425,465,5,5,0,404,0,0,0,1
430,470,5,5,0,411,0,1,0,1
435,475,5,5,0,418,0,1,0,1
440,480,5,5,0,425,0,1,0,1
445,485,5,5,0,425,0,0,0,1
450,490,5,5,0,432,0,1,0,1
455,495,5,5,0,439,0,1,0,1
460,500,5,5,0,446,0,1,0,1
465,505,5,5,0,453,0,1,0,1
470,510,5,5,0,460,0,1,0,1
475,515,5,5,0,460,0,0,0,1
480,520,5,5,0,467,0,1,0,1
485,525,5,5,0,474,0,1,0,1
490,530,5,5,0,481,0,1,0,1
495,535,5,5,0,474,0,-1,0,1
500,540,5,5,0,481,0,1,0,1
505,545,5,5,0,488,0,1,0,1
510,550,5,5,0,495,0,1,0,1
515,555,5,5,0,502,0,1,0,1
520,560,5,5,0,502,0,0,0,1
525,565,5,5,0,509,0,1,0,1
530,570,5,5,0,516,0,1,0,1
535,575,5,5,0,523,0,1,0,1
540,580,5,5,0,530,0,1,0,1
545,585,5,5,0,530,0,0,0,1
550,590,5,-5,0,537,0,1,0,1
555,585,5,-5,0,544,0,1,0,1
560,580,5,-5,0,544,0,0,0,1
565,575,5,-5,0,537,0,-1,0,1
570,570,5,-5,0,530,0,-1,0,1
575,565,5,-5,0,523,0,-1,0,1
580,560,5,-5,0,516,0,-1,0,1
585,555,5,-5,0,509,0,-1,0,1
590,550,5,-5,0,502,0,-1,0,1
595,545,5,-5,0,495,0,-1,0,1
600,540,5,-5,0,495,0,0,0,1
605,535,5,-5,0,488,0,-1,0,1
610,530,5,-5,0,481,0,-1,0,1
615,525,5,-5,0,474,0,-1,0,1
620,520,5,-5,0,481,0,1,0,1
625,515,5,-5,0,474,0,-1,0,1
630,510,5,-5,0,467,0,-1,0,1
635,505,5,-5,0,460,0,-1,0,1
640,500,5,-5,0,453,0,-1,0,1
645,495,5,-5,0,446,0,-1,0,1
650,490,5,-5,0,439,0,-1,0,1
655,485,5,-5,0,446,0,1,0,1
660,480,5,-5,0,439,0,-1,0,1
665,475,5,-5,0,432,0,-1,0,1
670,470,5,-5,0,425,0,-1,0,1
675,465,5,-5,0,418,0,-1,0,1
680,460,5,-5,0,411,0,-1,0,1
685,455,5,-5,0,404,0,-1,0,1
690,450,5,-5,0,411,0,1,0,1
695,445,5,-5,0,404,0,-1,0,1
700,440,5,-5,0,397,0,-1,0,1
705,435,5,-5,0,390,0,-1,0,1
710,430,5,-5,0,383,0,-1,0,1
715,425,5,-5,0,376,0,-1,0,1
720,420,5,-5,0,369,0,-1,0,1
725,415,5,-5,0,369,0,0,0,1
730,410,5,-5,0,362,0,-1,0,1
735,405,5,-5,0,355,0,-1,0,1
740,400,5,-5,0,355,0,0,0,1
745,395,5,-5,0,348,0,-1,0,1
750,390,5,-5,0,348,0,0,0,1
755,385,5,-5,0,348,0,0,0,1
760,380,5,-5,0,341,0,-1,0,1
765,375,5,-5,0,334,0,-1,0,1
770,370,5,-5,0,327,0,-1,0,1
775,365,5,-5,0,320,0,-1,0,1
780,360,-5,-5,0,313,0,-1,0,1
775,355,-5,-5,0,313,0,0,0,1
770,350,-5,-5,0,313,0,0,0,1
765,345,-5,-5,0,313,0,0,0,1
760,340,-5,-5,0,313,0,0,0,1
755,335,-5,-5,0,313,0,0,0,1
750,330,-5,-5,0,313,0,0,0,1
745,325,-5,-5,0,313,0,0,0,1
740,320,-5,-5,0,313,0,0,0,1
735,315,-5,-5,0,313,0,0,0,1
730,310,-5,-5,0,313,0,0,0,1
725,305,-5,-5,0,313,0,0,0,1
720,300,-5,-5,0,313,0,0,0,1
715,295,-5,-5,0,313,0,0,0,1
710,290,-5,-5,0,313,0,0,0,1
705,285,-5,-5,0,313,0,0,0,1
700,280,-5,-5,0,313,0,0,0,1
695,275,-5,-5,0,313,0,0,0,1
690,270,-5,-5,0,313,0,0,0,1
685,265,-5,-5,0,313,0,0,0,1
680,260,-5,-5,0,313,0,0,0,1
675,255,-5,-5,0,313,0,0,0,1
670,250,-5,-5,0,313,0,0,0,1
665,245,-5,-5,0,313,0,0,0,1
660,240,-5,-5,0,313,0,0,0,1
655,235,-5,-5,0,313,0,0,0,1
650,230,-5,-5,0,313,0,0,0,1
645,225,-5,-5,0,313,0,0,0,1
640,220,-5,-5,0,313,0,0,0,1
635,215,-5,-5,0,313,0,0,0,1
630,210,-5,-5,0,313,0,0,0,1
625,205,-5,-5,0,313,0,0,0,1
620,200,-5,-5,0,313,0,0,0,1
615,195,-5,-5,0,313,0,0,0,1
610,190,-5,-5,0,313,0,0,0,1
605,185,-5,-5,0,313,0,0,0,1
600,180,-5,-5,0,313,0,0,0,1
595,175,-5,-5,0,313,0,0,0,1
590,170,-5,-5,0,313,0,0,0,1
585,165,-5,-5,0,313,0,0,0,1
580,160,-5,-5,0,313,0,0,0,1
575,155,-5,-5,0,313,0,0,0,1
570,150,-5,-5,0,313,0,0,0,1
565,145,-5,-5,0,313,0,0,0,1
560,140,-5,-5,0,313,0,0,0,1
555,135,-5,-5,0,313,0,0,0,1
550,130,-5,-5,0,313,0,0,0,1
545,125,-5,-5,0,313,0,0,0,1
540,120,-5,-5,0,313,0,0,0,1
535,115,-5,-5,0,313,0,0,0,1
530,110,-5,-5,0,313,0,0,0,1
525,105,-5,-5,0,313,0,0,0,1
520,100,-5,-5,0,313,0,0,0,1
515,95,-5,-5,0,313,0,0,0,1
510,90,-5,-5,0,313,0,0,0,1
505,85,-5,-5,0,313,0,0,0,1
500,80,-5,-5,0,313,0,0,0,1
495,75,-5,-5,0,313,0,0,0,1
490,70,-5,-5,0,313,0,0,0,1
485,65,-5,-5,0,313,0,0,0,1
480,60,-5,-5,0,313,0,0,0,1
475,55,-5,-5,0,313,0,0,0,1
470,50,-5,-5,0,313,0,0,0,1
465,45,-5,-5,0,313,0,0,0,1
460,40,-5,-5,0,313,0,0,0,1
455,35,-5,-5,0,313,0,0,0,1
450,30,-5,-5,0,313,0,0,0,1
445,25,-5,-5,0,313,0,0,0,1
440,20,-5,-5,0,313,0,0,0,1
435,15,-5,-5,0,313,0,0,0,1
430,10,-5,5,0,313,0,0,0,1
425,15,-5,5,0,313,0,0,0,1
420,20,-5,5,0,313,0,0,0,1
415,25,-5,5,0,313,0,0,0,1
410,30,-5,5,0,313,0,0,0,1
405,35,-5,5,0,313,0,0,0,1
400,40,-5,5,0,313,0,0,0,1
395,45,-5,5,0,313,0,0,0,1
390,50,-5,5,0,313,0,0,0,1
385,55,-5,5,0,313,0,0,0,1
380,60,-5,5,0,313,0,0,0,1
375,65,-5,5,0,313,0,0,0,1
370,70,-5,5,0,313,0,0,0,1
365,75,-5,5,0,313,0,0,0,1
360,80,-5,5,0,313,0,0,0,1
355,85,-5,5,0,313,0,0,0,1
350,90,-5,5,0,313,0,0,0,1
345,95,-5,5,0,313,0,0,0,1
340,100,-5,5,0,313,0,0,0,1
335,105,-5,5,0,313,0,0,0,1
330,110,-5,5,0,313,0,0,0,1
325,115,-5,5,0,313,0,0,0,1
320,120,-5,5,0,313,0,0,0,1
315,125,-5,5,0,313,0,0,0,1
310,130,-5,5,0,313,0,0,0,1
305,135,-5,5,0,313,0,0,0,1
300,140,-5,5,0,313,0,0,0,1
295,145,-5,5,0,313,0,0,0,1
290,150,-5,5,0,313,0,0,0,1
285,155,-5,5,0,313,0,0,0,1
280,160,-5,5,0,313,0,0,0,1
275,165,-5,5,0,313,0,0,0,1
270,170,-5,5,0,313,0,0,0,1
265,175,-5,5,0,313,0,0,0,1
260,180,-5,5,0,313,0,0,0,1
255,185,-5,5,0,313,0,0,0,1
250,190,-5,5,0,313,0,0,0,1
245,195,-5,5,0,313,0,0,0,1
240,200,-5,5,0,313,0,0,0,1
235,205,-5,5,0,313,0,0,0,1
230,210,-5,5,0,313,0,0,0,1
225,215,-5,5,0,313,0,0,0,1
220,220,-5,5,0,313,0,0,0,1
215,225,-5,5,0,313,0,0,0,1
210,230,-5,5,0,313,0,0,0,1
205,235,-5,5,0,313,0,0,0,1
200,240,-5,5,0,313,0,0,0,1
195,245,-5,5,0,313,0,0,0,1
190,250,-5,5,0,313,0,0,0,1
185,255,-5,5,0,313,0,0,0,1
180,260,-5,5,0,313,0,0,0,1
175,265,-5,5,0,313,0,0,0,1
170,270,-5,5,0,313,0,0,0,1
165,275,-5,5,0,313,0,0,0,1
160,280,-5,5,0,313,0,0,0,1
155,285,-5,5,0,313,0,0,0,1
150,290,-5,5,0,313,0,0,0,1
145,295,-5,5,0,313,0,0,0,1
140,300,-5,5,0,313,0,0,0,1
135,305,-5,5,0,313,0,0,0,1
130,310,-5,5,0,313,0,0,0,1
125,315,-5,5,0,313,0,0,0,1
120,320,-5,5,0,313,0,0,0,1
115,325,-5,5,0,313,0,0,0,1
110,330,-5,5,0,313,0,0,0,1
105,335,-5,5,0,313,0,0,0,1
100,340,-5,5,0,313,0,0,0,1
95,345,-5,5,0,313,0,0,0,1
90,350,-5,5,0,313,0,0,0,1
85,355,-5,5,0,313,0,0,0,1
80,360,-5,5,0,313,0,0,0,1
75,365,-5,5,0,313,0,0,0,1
70,370,-5,5,0,313,0,0,0,1
65,375,-5,5,0,313,0,0,0,1
60,380,-5,5,0,313,0,0,0,1
55,385,-5,5,0,313,0,0,0,1
50,390,-5,5,0,313,0,0,0,1
45,395,-5,5,0,313,0,0,0,1
40,400,-5,5,0,313,0,0,0,1
35,405,-5,5,0,313,0,0,0,1
30,410,-5,5,0,313,0,0,0,1
25,415,-5,5,0,313,0,0,0,1
20,420,-5,5,0,313,0,0,0,1
15,425,-5,5,0,313,0,0,0,1
10,430,-5,5,0,313,0,0,0,1
5,435,-5,5,0,313,0,0,0,1
0,440,-5,5,0,313,0,0,0,1
400,300,5,5,0,313,0,0,0,2
405,305,5,5,0,306,0,-1,0,2
410,310,5,5,0,299,0,-1,0,2
415,315,5,5,0,292,0,-1,0,2
420,320,5,5,0,285,0,-1,0,2
425,325,5,5,0,278,0,-1,0,2
430,330,5,5,0,271,0,-1,0,2
435,335,5,5,0,271,0,0,0,2
440,340,5,5,0,278,0,1,0,2
445,345,5,5,0,285,0,1,0,2
450,350,5,5,0,292,0,1,0,2
455,355,5,5,0,292,0,0,0,2
460,360,5,5,0,292,0,0,0,2
465,365,5,5,0,299,0,1,0,2
470,370,5,5,0,306,0,1,0,2
475,375,5,5,0,313,0,1,0,2
480,380,5,5,0,320,0,1,0,2
485,385,5,5,0,320,0,0,0,2
490,390,5,5,0,327,0,1,0,2
495,395,5,5,0,334,0,1,0,2
500,400,5,5,0,341,0,1,0,2
505,405,5,5,0,348,0,1,0,2
510,410,5,5,0,355,0,1,0,2
515,415,5,5,0,362,0,1,0,2
520,420,5,5,0,369,0,1,0,2
525,425,5,5,0,376,0,1,0,2
530,430,5,5,0,369,0,-1,0,2
535,435,5,5,0,376,0,1,0,2
540,440,5,5,0,383,0,1,0,2
545,445,5,5,0,390,0,1,0,2
550,450,5,5,0,397,0,1,0,2
555,455,5,5,0,404,0,1,0,2
560,460,5,5,0,411,0,1,0,2
565,465,5,5,0,404,0,-1,0,2
570,470,5,5,0,411,0,1,0,2
575,475,5,5,0,418,0,1,0,2
580,480,5,5,0,425,0,1,0,2
585,485,5,5,0,432,0,1,0,2
590,490,5,5,0,439,0,1,0,2
595,495,5,5,0,439,0,0,0,2
600,500,5,5,0,439,0,0,0,2
605,505,5,5,0,446,0,1,0,2
610,510,5,5,0,453,0,1,0,2
615,515,5,5,0,453,0,0,0,2
620,520,5,5,0,460,0,1,0,2
625,525,5,5,0,467,0,1,0,2
630,530,5,5,0,474,0,1,0,2
635,535,5,5,0,481,0,1,0,2
640,540,5,5,0,488,0,1,0,2
645,545,5,5,0,495,0,1,0,2
650,550,5,5,0,495,0,0,0,2
655,555,5,5,0,502,0,1,0,2
660,560,5,5,0,509,0,1,0,2
665,565,5,5,0,516,0,1,0,2
670,570,5,5,0,509,0,-1,0,2
675,575,5,5,0,516,0,1,0,2
680,580,5,5,0,523,0,1,0,2
685,585,5,5,0,530,0,1,0,2
690,590,5,-5,0,530,0,0,0,2
695,585,5,-5,0,537,0,1,0,2
700,580,5,-5,0,530,0,-1,0,2
705,575,5,-5,0,530,0,0,0,2
710,570,5,-5,0,523,0,-1,0,2
715,565,5,-5,0,516,0,-1,0,2
720,560,5,-5,0,509,0,-1,0,2
725,555,5,-5,0,516,0,1,0,2
730,550,5,-5,0,509,0,-1,0,2
735,545,5,-5,0,502,0,-1,0,2
740,540,5,-5,0,495,0,-1,0,2
745,535,5,-5,0,488,0,-1,0,2
750,530,5,-5,0,481,0,-1,0,2
755,525,5,-5,0,474,0,-1,0,2
760,520,5,-5,0,481,0,1,0,2
765,515,5,-5,0,474,0,-1,0,2
770,510,5,-5,0,467,0,-1,0,2
775,505,5,-5,0,460,0,-1,0,2
780,500,-5,-5,0,453,0,-1,0,2
775,495,-5,-5,0,453,0,0,0,2
770,490,-5,-5,0,453,0,0,0,2
765,485,-5,-5,0,453,0,0,0,2
760,480,-5,-5,0,453,0,0,0,2
755,475,-5,-5,0,453,0,0,0,2
750,470,-5,-5,0,453,0,0,0,2
745,465,-5,-5,0,453,0,0,0,2
740,460,-5,-5,0,453,0,0,0,2
735,455,-5,-5,0,453,0,0,0,2
730,450,-5,-5,0,453,0,0,0,2
725,445,-5,-5,0,453,0,0,0,2
720,440,-5,-5,0,453,0,0,0,2
715,435,-5,-5,0,453,0,0,0,2
710,430,-5,-5,0,453,0,0,0,2
705,425,-5,-5,0,453,0,0,0,2
700,420,-5,-5,0,453,0,0,0,2
695,415,-5,-5,0,453,0,0,0,2
690,410,-5,-5,0,453,0,0,0,2
685,405,-5,-5,0,453,0,0,0,2
680,400,-5,-5,0,453,0,0,0,2
675,395,-5,-5,0,453,0,0,0,2
670,390,-5,-5,0,453,0,0,0,2
665,385,-5,-5,0,453,0,0,0,2
660,380,-5,-5,0,453,0,0,0,2
655,375,-5,-5,0,453,0,0,0,2
650,370,-5,-5,0,453,0,0,0,2
645,365,-5,-5,0,453,0,0,0,2
640,360,-5,-5,0,453,0,0,0,2
635,355,-5,-5,0,453,0,0,0,2
630,350,-5,-5,0,453,0,0,0,2
625,345,-5,-5,0,453,0,0,0,2
620,340,-5,-5,0,453,0,0,0,2
615,335,-5,-5,0,453,0,0,0,2
610,330,-5,-5,0,453,0,0,0,2
605,325,-5,-5,0,453,0,0,0,2
600,320,-5,-5,0,453,0,0,0,2
595,315,-5,-5,0,453,0,0,0,2
590,310,-5,-5,0,453,0,0,0,2
585,305,-5,-5,0,453,0,0,0,2
580,300,-5,-5,0,453,0,0,0,2
575,295,-5,-5,0,453,0,0,0,2
570,290,-5,-5,0,453,0,0,0,2
565,285,-5,-5,0,453,0,0,0,2
560,280,-5,-5,0,453,0,0,0,2
555,275,-5,-5,0,453,0,0,0,2
550,270,-5,-5,0,453,0,0,0,2
545,265,-5,-5,0,453,0,0,0,2
540,260,-5,-5,0,453,0,0,0,2
535,255,-5,-5,0,453,0,0,0,2
530,250,-5,-5,0,453,0,0,0,2
525,245,-5,-5,0,453,0,0,0,2
520,240,-5,-5,0,453,0,0,0,2
515,235,-5,-5,0,453,0,0,0,2
510,230,-5,-5,0,453,0,0,0,2
505,225,-5,-5,0,453,0,0,0,2
500,220,-5,-5,0,453,0,0,0,2
495,215,-5,-5,0,453,0,0,0,2
490,210,-5,-5,0,453,0,0,0,2
485,205,-5,-5,0,453,0,0,0,2
480,200,-5,-5,0,453,0,0,0,2
475,195,-5,-5,0,453,0,0,0,2
470,190,-5,-5,0,453,0,0,0,2
465,185,-5,-5,0,453,0,0,0,2
460,180,-5,-5,0,453,0,0,0,2
455,175,-5,-5,0,453,0,0,0,2
450,170,-5,-5,0,453,0,0,0,2
445,165,-5,-5,0,453,0,0,0,2
440,160,-5,-5,0,453,0,0,0,2
435,155,-5,-5,0,453,0,0,0,2
430,150,-5,-5,0,453,0,0,0,2
425,145,-5,-5,0,453,0,0,0,2
420,140,-5,-5,0,453,0,0,0,2
415,135,-5,-5,0,453,0,0,0,2
410,130,-5,-5,0,453,0,0,0,2
405,125,-5,-5,0,453,0,0,0,2
400,120,-5,-5,0,453,0,0,0,2
395,115,-5,-5,0,453,0,0,0,2
390,110,-5,-5,0,453,0,0,0,2
385,105,-5,-5,0,453,0,0,0,2
380,100,-5,-5,0,453,0,0,0,2
375,95,-5,-5,0,453,0,0,0,2
370,90,-5,-5,0,453,0,0,0,2
365,85,-5,-5,0,453,0,0,0,2
360,80,-5,-5,0,453,0,0,0,2
355,75,-5,-5,0,453,0,0,0,2
350,70,-5,-5,0,453,0,0,0,2
345,65,-5,-5,0,453,0,0,0,2
340,60,-5,-5,0,453,0,0,0,2
335,55,-5,-5,0,453,0,0,0,2
330,50,-5,-5,0,453,0,0,0,2
325,45,-5,-5,0,453,0,0,0,2
320,40,-5,-5,0,453,0,0,0,2
315,35,-5,-5,0,453,0,0,0,2
310,30,-5,-5,0,453,0,0,0,2
305,25,-5,-5,0,453,0,0,0,2
300,20,-5,-5,0,453,0,0,0,2
295,15,-5,-5,0,453,0,0,0,2
290,10,-5,5,0,453,0,0,0,2
285,15,-5,5,0,453,0,0,0,2
280,20,-5,5,0,453,0,0,0,2
275,25,-5,5,0,453,0,0,0,2
270,30,-5,5,0,453,0,0,0,2
265,35,-5,5,0,453,0,0,0,2
260,40,-5,5,0,453,0,0,0,2
255,45,-5,5,0,453,0,0,0,2
250,50,-5,5,0,453,0,0,0,2
245,55,-5,5,0,453,0,0,0,2
240,60,-5,5,0,453,0,0,0,2
235,65,-5,5,0,453,0,0,0,2
230,70,-5,5,0,453,0,0,0,2
225,75,-5,5,0,453,0,0,0,2
220,80,-5,5,0,453,0,0,0,2
215,85,-5,5,0,453,0,0,0,2
210,90,-5,5,0,453,0,0,0,2
205,95,-5,5,0,453,0,0,0,2
200,100,-5,5,0,453,0,0,0,2
195,105,-5,5,0,453,0,0,0,2
190,110,-5,5,0,453,0,0,0,2
185,115,-5,5,0,453,0,0,0,2
180,120,-5,5,0,453,0,0,0,2
175,125,-5,5,0,453,0,0,0,2
170,130,-5,5,0,453,0,0,0,2
165,135,-5,5,0,453,0,0,0,2
160,140,-5,5,0,453,0,0,0,2
155,145,-5,5,0,453,0,0,0,2
150,150,-5,5,0,453,0,0,0,2
145,155,-5,5,0,453,0,0,0,2
140,160,-5,5,0,453,0,0,0,2
135,165,-5,5,0,453,0,0,0,2
130,170,-5,5,0,453,0,0,0,2
125,175,-5,5,0,453,0,0,0,2
120,180,-5,5,0,453,0,0,0,2
115,185,-5,5,0,453,0,0,0,2
110,190,-5,5,0,453,0,0,0,2
105,195,-5,5,0,453,0,0,0,2
100,200,-5,5,0,453,0,0,0,2
95,205,-5,5,0,453,0,0,0,2
90,210,-5,5,0,453,0,0,0,2
85,215,-5,5,0,453,0,0,0,2
80,220,-5,5,0,453,0,0,0,2
75,225,-5,5,0,453,0,0,0,2
70,230,-5,5,0,453,0,0,0,2
65,235,-5,5,0,453,0,0,0,2
60,240,-5,5,0,453,0,0,0,2
55,245,-5,5,0,453,0,0,0,2
50,250,-5,5,0,453,0,0,0,2
45,255,-5,5,0,453,0,0,0,2
40,260,-5,5,0,453,0,0,0,2
35,265,-5,5,0,453,0,0,0,2
30,270,-5,5,0,453,0,0,0,2
25,275,-5,5,0,453,0,0,0,2
20,280,-5,5,0,453,0,0,0,2
15,285,-5,5,0,453,0,0,0,2
10,290,-5,5,0,453,0,0,0,2
5,295,-5,5,0,453,0,0,0,2
0,300,-5,5,0,453,0,0,0,2
400,300,5,5,0,453,0,0,0,3
405,305,5,5,0,446,0,-1,0,3
410,310,5,5,0,439,0,-1,0,3
415,315,5,5,0,432,0,-1,0,3
420,320,5,5,0,425,0,-1,0,3
425,325,5,5,0,418,0,-1,0,3
430,330,5,5,0,411,0,-1,0,3
435,335,5,5,0,404,0,-1,0,3
440,340,5,5,0,397,0,-1,0,3
445,345,5,5,0,390,0,-1,0,3
450,350,5,5,0,383,0,-1,0,3
455,355,5,5,0,376,0,-1,0,3
460,360,5,5,0,376,0,0,0,3
465,365,5,5,0,369,0,-1,0,3
470,370,5,5,0,362,0,-1,0,3
475,375,5,5,0,355,0,-1,0,3
480,380,5,5,0,348,0,-1,0,3
485,385,5,5,0,341,0,-1,0,3
490,390,5,5,0,334,0,-1,0,3
495,395,5,5,0,341,0,1,0,3
500,400,5,5,0,348,0,1,0,3
505,405,5,5,0,355,0,1,0,3
510,410,5,5,0,355,0,0,0,3
515,415,5,5,0,362,0,1,0,3
520,420,5,5,0,369,0,1,0,3
525,425,5,5,0,376,0,1,0,3
530,430,5,5,0,369,0,-1,0,3
535,435,5,5,0,376,0,1,0,3
540,440,5,5,0,383,0,1,0,3
545,445,5,5,0,390,0,1,0,3
550,450,5,5,0,397,0,1,0,3
555,455,5,5,0,404,0,1,0,3
560,460,5,5,0,411,0,1,0,3
565,465,5,5,0,404,0,-1,0,3
570,470,5,5,0,411,0,1,0,3
575,475,5,5,0,418,0,1,0,3
580,480,5,5,0,425,0,1,0,3
585,485,5,5,0,432,0,1,0,3
590,490,5,5,0,432,0,0,0,3
595,495,5,5,0,439,0,1,0,3
600,500,5,5,0,446,0,1,0,3
605,505,5,5,0,453,0,1,0,3
610,510,5,5,0,460,0,1,0,3
615,515,5,5,0,460,0,0,0,3
620,520,5,5,0,467,0,1,0,3
625,525,5,5,0,474,0,1,0,3
630,530,5,5,0,481,0,1,0,3
635,535,5,5,0,474,0,-1,0,3
640,540,5,5,0,481,0,1,0,3
645,545,5,5,0,488,0,1,0,3
650,550,5,5,0,495,0,1,0,3
655,555,5,5,0,502,0,1,0,3
660,560,5,5,0,509,0,1,0,3
665,565,5,5,0,516,0,1,0,3
670,570,5,5,0,509,0,-1,0,3
675,575,5,5,0,516,0,1,0,3
680,580,5,5,0,523,0,1,0,3
685,585,5,5,0,530,0,1,0,3
690,590,5,-5,0,537,0,1,0,3
695,585,5,-5,0,544,0,1,0,3
700,580,5,-5,0,537,0,-1,0,3
705,575,5,-5,0,530,0,-1,0,3
710,570,5,-5,0,523,0,-1,0,3
715,565,5,-5,0,516,0,-1,0,3
720,560,5,-5,0,509,0,-1,0,3
725,555,5,-5,0,509,0,0,0,3
730,550,5,-5,0,502,0,-1,0,3
735,545,5,-5,0,495,0,-1,0,3
740,540,5,-5,0,495,0,0,0,3
745,535,5,-5,0,488,0,-1,0,3
750,530,5,-5,0,481,0,-1,0,3
755,525,5,-5,0,474,0,-1,0,3
760,520,5,-5,0,481,0,1,0,3
765,515,5,-5,0,474,0,-1,0,3
770,510,5,-5,0,467,0,-1,0,3
775,505,5,-5,0,460,0,-1,0,3
780,500,-5,-5,0,453,0,-1,0,3
775,495,-5,-5,0,453,0,0,0,3
770,490,-5,-5,0,453,0,0,0,3
765,485,-5,-5,0,453,0,0,0,3
760,480,-5,-5,0,453,0,0,0,3
755,475,-5,-5,0,453,0,0,0,3
750,470,-5,-5,0,453,0,0,0,3
745,465,-5,-5,0,453,0,0,0,3
740,460,-5,-5,0,453,0,0,0,3
735,455,-5,-5,0,453,0,0,0,3
730,450,-5,-5,0,453,0,0,0,3
725,445,-5,-5,0,453,0,0,0,3
720,440,-5,-5,0,453,0,0,0,3
715,435,-5,-5,0,453,0,0,0,3
710,430,-5,-5,0,453,0,0,0,3
705,425,-5,-5,0,453,0,0,0,3
700,420,-5,-5,0,453,0,0,0,3
695,415,-5,-5,0,453,0,0,0,3
690,410,-5,-5,0,453,0,0,0,3
685,405,-5,-5,0,453,0,0,0,3
680,400,-5,-5,0,453,0,0,0,3
675,395,-5,-5,0,453,0,0,0,3
670,390,-5,-5,0,453,0,0,0,3
665,385,-5,-5,0,453,0,0,0,3
660,380,-5,-5,0,453,0,0,0,3
655,375,-5,-5,0,453,0,0,0,3
650,370,-5,-5,0,453,0,0,0,3
645,365,-5,-5,0,453,0,0,0,3
640,360,-5,-5,0,453,0,0,0,3
635,355,-5,-5,0,453,0,0,0,3
630,350,-5,-5,0,453,0,0,0,3
625,345,-5,-5,0,453,0,0,0,3
620,340,-5,-5,0,453,0,0,0,3
615,335,-5,-5,0,453,0,0,0,3
610,330,-5,-5,0,453,0,0,0,3
605,325,-5,-5,0,453,0,0,0,3
600,320,-5,-5,0,453,0,0,0,3
595,315,-5,-5,0,453,0,0,0,3
590,310,-5,-5,0,453,0,0,0,3
585,305,-5,-5,0,453,0,0,0,3
580,300,-5,-5,0,453,0,0,0,3
575,295,-5,-5,0,453,0,0,0,3
570,290,-5,-5,0,453,0,0,0,3
565,285,-5,-5,0,453,0,0,0,3
560,280,-5,-5,0,453,0,0,0,3
555,275,-5,-5,0,453,0,0,0,3
550,270,-5,-5,0,453,0,0,0,3
545,265,-5,-5,0,453,0,0,0,3
540,260,-5,-5,0,453,0,0,0,3
535,255,-5,-5,0,453,0,0,0,3
530,250,-5,-5,0,453,0,0,0,3
525,245,-5,-5,0,453,0,0,0,3
520,240,-5,-5,0,453,0,0,0,3
515,235,-5,-5,0,453,0,0,0,3
510,230,-5,-5,0,453,0,0,0,3
505,225,-5,-5,0,453,0,0,0,3
500,220,-5,-5,0,453,0,0,0,3
495,215,-5,-5,0,453,0,0,0,3
490,210,-5,-5,0,453,0,0,0,3
485,205,-5,-5,0,453,0,0,0,3
480,200,-5,-5,0,453,0,0,0,3
475,195,-5,-5,0,453,0,0,0,3
470,190,-5,-5,0,453,0,0,0,3
465,185,-5,-5,0,453,0,0,0,3
460,180,-5,-5,0,453,0,0,0,3
455,175,-5,-5,0,453,0,0,0,3
450,170,-5,-5,0,453,0,0,0,3
445,165,-5,-5,0,453,0,0,0,3
440,160,-5,-5,0,453,0,0,0,3
435,155,-5,-5,0,453,0,0,0,3
430,150,-5,-5,0,453,0,0,0,3
425,145,-5,-5,0,453,0,0,0,3
420,140,-5,-5,0,453,0,0,0,3
415,135,-5,-5,0,453,0,0,0,3
410,130,-5,-5,0,453,0,0,0,3
405,125,-5,-5,0,453,0,0,0,3
400,120,-5,-5,0,453,0,0,0,3
395,115,-5,-5,0,453,0,0,0,3
390,110,-5,-5,0,453,0,0,0,3
385,105,-5,-5,0,453,0,0,0,3
380,100,-5,-5,0,453,0,0,0,3
375,95,-5,-5,0,453,0,0,0,3
370,90,-5,-5,0,453,0,0,0,3
365,85,-5,-5,0,453,0,0,0,3
360,80,-5,-5,0,453,0,0,0,3
355,75,-5,-5,0,453,0,0,0,3
350,70,-5,-5,0,453,0,0,0,3
345,65,-5,-5,0,453,0,0,0,3
340,60,-5,-5,0,453,0,0,0,3
335,55,-5,-5,0,453,0,0,0,3
330,50,-5,-5,0,453,0,0,0,3
325,45,-5,-5,0,453,0,0,0,3
320,40,-5,-5,0,453,0,0,0,3
315,35,-5,-5,0,453,0,0,0,3
310,30,-5,-5,0,453,0,0,0,3
305,25,-5,-5,0,453,0,0,0,3
300,20,-5,-5,0,453,0,0,0,3
295,15,-5,-5,0,453,0,0,0,3
290,10,-5,5,0,453,0,0,0,3
285,15,-5,5,0,453,0,0,0,3
280,20,-5,5,0,453,0,0,0,3
275,25,-5,5,0,453,0,0,0,3
270,30,-5,5,0,453,0,0,0,3
265,35,-5,5,0,453,0,0,0,3
260,40,-5,5,0,453,0,0,0,3
255,45,-5,5,0,453,0,0,0,3
250,50,-5,5,0,453,0,0,0,3
245,55,-5,5,0,453,0,0,0,3
240,60,-5,5,0,453,0,0,0,3
235,65,-5,5,0,453,0,0,0,3
230,70,-5,5,0,453,0,0,0,3
225,75,-5,5,0,453,0,0,0,3
220,80,-5,5,0,453,0,0,0,3
215,85,-5,5,0,453,0,0,0,3
210,90,-5,5,0,453,0,0,0,3
205,95,-5,5,0,453,0,0,0,3
200,100,-5,5,0,453,0,0,0,3
195,105,-5,5,0,453,0,0,0,3
190,110,-5,5,0,453,0,0,0,3
185,115,-5,5,0,453,0,0,0,3
180,120,-5,5,0,453,0,0,0,3
175,125,-5,5,0,453,0,0,0,3
170,130,-5,5,0,453,0,0,0,3
165,135,-5,5,0,453,0,0,0,3
160,140,-5,5,0,453,0,0,0,3
155,145,-5,5,0,453,0,0,0,3
150,150,-5,5,0,453,0,0,0,3
145,155,-5,5,0,453,0,0,0,3
140,160,-5,5,0,453,0,0,0,3
135,165,-5,5,0,453,0,0,0,3
130,170,-5,5,0,453,0,0,0,3
125,175,-5,5,0,453,0,0,0,3
120,180,-5,5,0,453,0,0,0,3
115,185,-5,5,0,453,0,0,0,3
110,190,-5,5,0,453,0,0,0,3
105,195,-5,5,0,453,0,0,0,3
100,200,-5,5,0,453,0,0,0,3
95,205,-5,5,0,453,0,0,0,3
90,210,-5,5,0,453,0,0,0,3
85,215,-5,5,0,453,0,0,0,3
80,220,-5,5,0,453,0,0,0,3
75,225,-5,5,0,453,0,0,0,3
70,230,-5,5,0,453,0,0,0,3
65,235,-5,5,0,453,0,0,0,3
60,240,-5,5,0,453,0,0,0,3
55,245,-5,5,0,453,0,0,0,3
50,250,-5,5,0,453,0,0,0,3
45,255,-5,5,0,453,0,0,0,3
40,260,-5,5,0,453,0,0,0,3
35,265,-5,5,0,453,0,0,0,3
30,270,-5,5,0,453,0,0,0,3
25,275,-5,5,0,453,0,0,0,3
20,280,-5,5,0,453,0,0,0,3
15,285,-5,5,0,453,0,0,0,3
10,290,-5,5,0,453,0,0,0,3
5,295,-5,5,0,453,0,0,0,3
0,300,-5,5,0,453,0,0,0,3
400,300,5,5,0,453,0,0,0,4
405,305,5,5,0,446,0,-1,0,4
410,310,5,5,0,439,0,-1,0,4
415,315,5,5,0,432,0,-1,0,4
420,320,5,5,0,425,0,-1,0,4
425,325,5,5,0,418,0,-1,0,4
430,330,5,5,0,411,0,-1,0,4
435,335,5,5,0,404,0,-1,0,4
440,340,5,5,0,397,0,-1,0,4
445,345,5,5,0,397,0,0,0,4
450,350,5,5,0,390,0,-1,0,4
455,355,5,5,0,383,0,-1,0,4
460,360,5,5,0,376,0,-1,0,4
465,365,5,5,0,369,0,-1,0,4
470,370,5,5,0,362,0,-1,0,4
475,375,5,5,0,355,0,-1,0,4
480,380,5,5,0,348,0,-1,0,4
485,385,5,5,0,341,0,-1,0,4
490,390,5,5,0,334,0,-1,0,4
495,395,5,5,0,341,0,1,0,4
500,400,5,5,0,341,0,0,0,4
505,405,5,5,0,348,0,1,0,4
510,410,5,5,0,355,0,1,0,4
515,415,5,5,0,362,0,1,0,4
520,420,5,5,0,369,0,1,0,4
525,425,5,5,0,376,0,1,0,4
530,430,5,5,0,369,0,-1,0,4
535,435,5,5,0,376,0,1,0,4
540,440,5,5,0,383,0,1,0,4
545,445,5,5,0,390,0,1,0,4
550,450,5,5,0,397,0,1,0,4
555,455,5,5,0,404,0,1,0,4
560,460,5,5,0,411,0,1,0,4
565,465,5,5,0,404,0,-1,0,4
570,470,5,5,0,411,0,1,0,4
575,475,5,5,0,418,0,1,0,4
580,480,5,5,0,425,0,1,0,4
585,485,5,5,0,432,0,1,0,4
590,490,5,5,0,439,0,1,0,4
595,495,5,5,0,446,0,1,0,4
600,500,5,5,0,439,0,-1,0,4
605,505,5,5,0,446,0,1,0,4
610,510,5,5,0,453,0,1,0,4
615,515,5,5,0,460,0,1,0,4
620,520,5,5,0,467,0,1,0,4
625,525,5,5,0,467,0,0,0,4
630,530,5,5,0,474,0,1,0,4
635,535,5,5,0,481,0,1,0,4
640,540,5,5,0,488,0,1,0,4
645,545,5,5,0,495,0,1,0,4
650,550,5,5,0,495,0,0,0,4
655,555,5,5,0,502,0,1,0,4
660,560,5,5,0,509,0,1,0,4
665,565,5,5,0,516,0,1,0,4
670,570,5,5,0,509,0,-1,0,4
675,575,5,5,0,516,0,1,0,4
680,580,5,5,0,523,0,1,0,4
685,585,5,5,0,523,0,0,0,4
690,590,5,-5,0,530,0,1,0,4
695,585,5,-5,0,537,0,1,0,4
700,580,5,-5,0,530,0,-1,0,4
705,575,5,-5,0,530,0,0,0,4
710,570,5,-5,0,523,0,-1,0,4
715,565,5,-5,0,516,0,-1,0,4
720,560,5,-5,0,509,0,-1,0,4
725,555,5,-5,0,516,0,1,0,4
730,550,5,-5,0,509,0,-1,0,4
735,545,5,-5,0,502,0,-1,0,4
740,540,5,-5,0,495,0,-1,0,4
745,535,5,-5,0,488,0,-1,0,4
750,530,5,-5,0,481,0,-1,0,4
755,525,5,-5,0,474,0,-1,0,4
760,520,5,-5,0,481,0,1,0,4
765,515,5,-5,0,474,0,-1,0,4
770,510,5,-5,0,467,0,-1,0,4
775,505,5,-5,0,467,0,0,0,4
780,500,-5,-5,0,460,0,-1,0,4
775,495,-5,-5,0,460,0,0,0,4
770,490,-5,-5,0,460,0,0,0,4
765,485,-5,-5,0,460,0,0,0,4
760,480,-5,-5,0,460,0,0,0,4
755,475,-5,-5,0,460,0,0,0,4
750,470,-5,-5,0,460,0,0,0,4
745,465,-5,-5,0,460,0,0,0,4
740,460,-5,-5,0,460,0,0,0,4
735,455,-5,-5,0,460,0,0,0,4
730,450,-5,-5,0,460,0,0,0,4
725,445,-5,-5,0,460,0,0,0,4
720,440,-5,-5,0,460,0,0,0,4
715,435,-5,-5,0,460,0,0,0,4
710,430,-5,-5,0,460,0,0,0,4
705,425,-5,-5,0,460,0,0,0,4
700,420,-5,-5,0,460,0,0,0,4
695,415,-5,-5,0,460,0,0,0,4
690,410,-5,-5,0,460,0,0,0,4
685,405,-5,-5,0,460,0,0,0,4
680,400,-5,-5,0,460,0,0,0,4
675,395,-5,-5,0,460,0,0,0,4
670,390,-5,-5,0,460,0,0,0,4
665,385,-5,-5,0,460,0,0,0,4
660,380,-5,-5,0,460,0,0,0,4
655,375,-5,-5,0,460,0,0,0,4
650,370,-5,-5,0,460,0,0,0,4
645,365,-5,-5,0,460,0,0,0,4
640,360,-5,-5,0,460,0,0,0,4
635,355,-5,-5,0,460,0,0,0,4
630,350,-5,-5,0,460,0,0,0,4
625,345,-5,-5,0,460,0,0,0,4
620,340,-5,-5,0,460,0,0,0,4
615,335,-5,-5,0,460,0,0,0,4
610,330,-5,-5,0,460,0,0,0,4
605,325,-5,-5,0,460,0,0,0,4
600,320,-5,-5,0,460,0,0,0,4
595,315,-5,-5,0,460,0,0,0,4
590,310,-5,-5,0,460,0,0,0,4
585,305,-5,-5,0,460,0,0,0,4
580,300,-5,-5,0,460,0,0,0,4
575,295,-5,-5,0,460,0,0,0,4
570,290,-5,-5,0,460,0,0,0,4
565,285,-5,-5,0,460,0,0,0,4
560,280,-5,-5,0,460,0,0,0,4
555,275,-5,-5,0,460,0,0,0,4
550,270,-5,-5,0,460,0,0,0,4
545,265,-5,-5,0,460,0,0,0,4
540,260,-5,-5,0,460,0,0,0,4
535,255,-5,-5,0,460,0,0,0,4
530,250,-5,-5,0,460,0,0,0,4
525,245,-5,-5,0,460,0,0,0,4
520,240,-5,-5,0,460,0,0,0,4
515,235,-5,-5,0,460,0,0,0,4
510,230,-5,-5,0,460,0,0,0,4
505,225,-5,-5,0,460,0,0,0,4
500,220,-5,-5,0,460,0,0,0,4
495,215,-5,-5,0,460,0,0,0,4
490,210,-5,-5,0,460,0,0,0,4
485,205,-5,-5,0,460,0,0,0,4
480,200,-5,-5,0,460,0,0,0,4
475,195,-5,-5,0,460,0,0,0,4
470,190,-5,-5,0,460,0,0,0,4
465,185,-5,-5,0,460,0,0,0,4
460,180,-5,-5,0,460,0,0,0,4
455,175,-5,-5,0,460,0,0,0,4
450,170,-5,-5,0,460,0,0,0,4
445,165,-5,-5,0,460,0,0,0,4
440,160,-5,-5,0,460,0,0,0,4
435,155,-5,-5,0,460,0,0,0,4
430,150,-5,-5,0,460,0,0,0,4
425,145,-5,-5,0,460,0,0,0,4
420,140,-5,-5,0,460,0,0,0,4
415,135,-5,-5,0,460,0,0,0,4
410,130,-5,-5,0,460,0,0,0,4
405,125,-5,-5,0,460,0,0,0,4
400,120,-5,-5,0,460,0,0,0,4
395,115,-5,-5,0,460,0,0,0,4
390,110,-5,-5,0,460,0,0,0,4
385,105,-5,-5,0,460,0,0,0,4
380,100,-5,-5,0,460,0,0,0,4
375,95,-5,-5,0,460,0,0,0,4
370,90,-5,-5,0,460,0,0,0,4
365,85,-5,-5,0,460,0,0,0,4
360,80,-5,-5,0,460,0,0,0,4
355,75,-5,-5,0,460,0,0,0,4
350,70,-5,-5,0,460,0,0,0,4
345,65,-5,-5,0,460,0,0,0,4
340,60,-5,-5,0,460,0,0,0,4
335,55,-5,-5,0,460,0,0,0,4
330,50,-5,-5,0,460,0,0,0,4
325,45,-5,-5,0,460,0,0,0,4
320,40,-5,-5,0,460,0,0,0,4
315,35,-5,-5,0,460,0,0,0,4
310,30,-5,-5,0,460,0,0,0,4
305,25,-5,-5,0,460,0,0,0,4
300,20,-5,-5,0,460,0,0,0,4
295,15,-5,-5,0,460,0,0,0,4
290,10,-5,5,0,460,0,0,0,4
285,15,-5,5,0,460,0,0,0,4
280,20,-5,5,0,460,0,0,0,4
275,25,-5,5,0,460,0,0,0,4
270,30,-5,5,0,460,0,0,0,4
265,35,-5,5,0,460,0,0,0,4
260,40,-5,5,0,460,0,0,0,4
255,45,-5,5,0,460,0,0,0,4
250,50,-5,5,0,460,0,0,0,4
245,55,-5,5,0,460,0,0,0,4
240,60,-5,5,0,460,0,0,0,4
235,65,-5,5,0,460,0,0,0,4
230,70,-5,5,0,460,0,0,0,4
225,75,-5,5,0,460,0,0,0,4
220,80,-5,5,0,460,0,0,0,4
215,85,-5,5,0,460,0,0,0,4
210,90,-5,5,0,460,0,0,0,4
205,95,-5,5,0,460,0,0,0,4
200,100,-5,5,0,460,0,0,0,4
195,105,-5,5,0,460,0,0,0,4
190,110,-5,5,0,460,0,0,0,4
185,115,-5,5,0,460,0,0,0,4
180,120,-5,5,0,460,0,0,0,4
175,125,-5,5,0,460,0,0,0,4
170,130,-5,5,0,460,0,0,0,4
165,135,-5,5,0,460,0,0,0,4
160,140,-5,5,0,460,0,0,0,4
155,145,-5,5,0,460,0,0,0,4
150,150,-5,5,0,460,0,0,0,4
145,155,-5,5,0,460,0,0,0,4
140,160,-5,5,0,460,0,0,0,4
135,165,-5,5,0,460,0,0,0,4
130,170,-5,5,0,460,0,0,0,4
125,175,-5,5,0,460,0,0,0,4
120,180,-5,5,0,460,0,0,0,4
115,185,-5,5,0,460,0,0,0,4
110,190,-5,5,0,460,0,0,0,4
105,195,-5,5,0,460,0,0,0,4
100,200,-5,5,0,460,0,0,0,4
95,205,-5,5,0,460,0,0,0,4
90,210,-5,5,0,460,0,0,0,4
85,215,-5,5,0,460,0,0,0,4
80,220,-5,5,0,460,0,0,0,4
75,225,-5,5,0,460,0,0,0,4
70,230,-5,5,0,460,0,0,0,4
65,235,-5,5,0,460,0,0,0,4
60,240,-5,5,0,460,0,0,0,4
55,245,-5,5,0,460,0,0,0,4
50,250,-5,5,0,460,0,0,0,4
45,255,-5,5,0,460,0,0,0,4
40,260,-5,5,0,460,0,0,0,4
35,265,-5,5,0,460,0,0,0,4
30,270,-5,5,0,460,0,0,0,4
25,275,-5,5,0,460,0,0,0,4
20,280,-5,5,0,460,0,0,0,4
15,285,-5,5,0,460,0,0,0,4
10,290,-5,5,0,460,0,0,0,4
5,295,-5,5,0,460,0,0,0,4
0,300,-5,5,0,460,0,0,0,4
400,300,5,5,0,460,0,0,0,5
405,305,5,5,0,453,0,-1,0,5
410,310,5,5,0,453,0,0,0,5
415,315,5,5,0,446,0,-1,0,5
420,320,5,5,0,439,0,-1,0,5
425,325,5,5,0,432,0,-1,0,5
430,330,5,5,0,425,0,-1,0,5
435,335,5,5,0,418,0,-1,0,5
440,340,5,5,0,411,0,-1,0,5
445,345,5,5,0,404,0,-1,0,5
450,350,5,5,0,397,0,-1,0,5
455,355,5,5,0,390,0,-1,0,5
460,360,5,5,0,383,0,-1,0,5
465,365,5,5,0,383,0,0,0,5
470,370,5,5,0,376,0,-1,0,5
475,375,5,5,0,369,0,-1,0,5
480,380,5,5,0,369,0,0,0,5
485,385,5,5,0,362,0,-1,0,5
490,390,5,5,0,355,0,-1,0,5
495,395,5,5,0,348,0,-1,0,5
500,400,5,5,0,341,0,-1,0,5
505,405,5,5,0,348,0,1,0,5
510,410,5,5,0,355,0,1,0,5
515,415,5,5,0,362,0,1,0,5
520,420,5,5,0,369,0,1,0,5
525,425,5,5,0,376,0,1,0,5
530,430,5,5,0,369,0,-1,0,5
535,435,5,5,0,376,0,1,0,5
540,440,5,5,0,383,0,1,0,5
545,445,5,5,0,390,0,1,0,5
550,450,5,5,0,397,0,1,0,5
555,455,5,5,0,397,0,0,0,5
560,460,5,5,0,404,0,1,0,5
565,465,5,5,0,411,0,1,0,5
570,470,5,5,0,418,0,1,0,5
575,475,5,5,0,425,0,1,0,5
580,480,5,5,0,425,0,0,0,5
585,485,5,5,0,432,0,1,0,5
590,490,5,5,0,439,0,1,0,5
595,495,5,5,0,446,0,1,0,5
600,500,5,5,0,439,0,-1,0,5
605,505,5,5,0,446,0,1,0,5
610,510,5,5,0,453,0,1,0,5
615,515,5,5,0,460,0,1,0,5
620,520,5,5,0,467,0,1,0,5
625,525,5,5,0,474,0,1,0,5
630,530,5,5,0,481,0,1,0,5
635,535,5,5,0,474,0,-1,0,5
640,540,5,5,0,481,0,1,0,5
645,545,5,5,0,488,0,1,0,5
650,550,5,5,0,495,0,1,0,5
655,555,5,5,0,495,0,0,0,5
660,560,5,5,0,502,0,1,0,5
665,565,5,5,0,509,0,1,0,5
670,570,5,5,0,516,0,1,0,5
675,575,5,5,0,523,0,1,0,5
680,580,5,5,0,523,0,0,0,5
685,585,5,5,0,523,0,0,0,5
690,590,5,-5,0,523,0,0,0,5
695,585,5,-5,0,530,0,1,0,5
700,580,5,-5,0,530,0,0,0,5
705,575,5,-5,0,530,0,0,0,5
710,570,5,-5,0,523,0,-1,0,5
715,565,5,-5,0,516,0,-1,0,5
720,560,5,-5,0,509,0,-1,0,5
725,555,5,-5,0,516,0,1,0,5
730,550,5,-5,0,509,0,-1,0,5
735,545,5,-5,0,502,0,-1,0,5
740,540,5,-5,0,495,0,-1,0,5
745,535,5,-5,0,488,0,-1,0,5
750,530,5,-5,0,488,0,0,0,5
755,525,5,-5,0,481,0,-1,0,5
760,520,5,-5,0,474,0,-1,0,5
765,515,5,-5,0,467,0,-1,0,5
770,510,5,-5,0,460,0,-1,0,5
775,505,5,-5,0,460,0,0,0,5
780,500,-5,-5,0,453,0,-1,0,5
775,495,-5,-5,0,453,0,0,0,5
770,490,-5,-5,0,453,0,0,0,5
765,485,-5,-5,0,453,0,0,0,5
760,480,-5,-5,0,453,0,0,0,5
755,475,-5,-5,0,453,0,0,0,5
750,470,-5,-5,0,453,0,0,0,5
745,465,-5,-5,0,453,0,0,0,5
740,460,-5,-5,0,453,0,0,0,5
735,455,-5,-5,0,453,0,0,0,5
730,450,-5,-5,0,453,0,0,0,5
725,445,-5,-5,0,453,0,0,0,5
720,440,-5,-5,0,453,0,0,0,5
715,435,-5,-5,0,453,0,0,0,5
710,430,-5,-5,0,453,0,0,0,5
705,425,-5,-5,0,453,0,0,0,5
700,420,-5,-5,0,453,0,0,0,5
695,415,-5,-5,0,453,0,0,0,5
690,410,-5,-5,0,453,0,0,0,5
685,405,-5,-5,0,453,0,0,0,5
680,400,-5,-5,0,453,0,0,0,5
675,395,-5,-5,0,453,0,0,0,5
670,390,-5,-5,0,453,0,0,0,5
665,385,-5,-5,0,453,0,0,0,5
660,380,-5,-5,0,453,0,0,0,5
655,375,-5,-5,0,453,0,0,0,5
650,370,-5,-5,0,453,0,0,0,5
645,365,-5,-5,0,453,0,0,0,5
640,360,-5,-5,0,453,0,0,0,5
635,355,-5,-5,0,453,0,0,0,5
630,350,-5,-5,0,453,0,0,0,5
625,345,-5,-5,0,453,0,0,0,5
620,340,-5,-5,0,453,0,0,0,5
615,335,-5,-5,0,453,0,0,0,5
610,330,-5,-5,0,453,0,0,0,5
605,325,-5,-5,0,453,0,0,0,5
600,320,-5,-5,0,453,0,0,0,5
595,315,-5,-5,0,453,0,0,0,5
590,310,-5,-5,0,453,0,0,0,5
585,305,-5,-5,0,453,0,0,0,5
580,300,-5,-5,0,453,0,0,0,5
575,295,-5,-5,0,453,0,0,0,5
570,290,-5,-5,0,453,0,0,0,5
565,285,-5,-5,0,453,0,0,0,5
560,280,-5,-5,0,453,0,0,0,5
555,275,-5,-5,0,453,0,0,0,5
550,270,-5,-5,0,453,0,0,0,5
545,265,-5,-5,0,453,0,0,0,5
540,260,-5,-5,0,453,0,0,0,5
535,255,-5,-5,0,453,0,0,0,5
530,250,-5,-5,0,453,0,0,0,5
525,245,-5,-5,0,453,0,0,0,5
520,240,-5,-5,0,453,0,0,0,5
515,235,-5,-5,0,453,0,0,0,5
510,230,-5,-5,0,453,0,0,0,5
505,225,-5,-5,0,453,0,0,0,5
500,220,-5,-5,0,453,0,0,0,5
495,215,-5,-5,0,453,0,0,0,5
490,210,-5,-5,0,453,0,0,0,5
485,205,-5,-5,0,453,0,0,0,5
480,200,-5,-5,0,453,0,0,0,5
475,195,-5,-5,0,453,0,0,0,5
470,190,-5,-5,0,453,0,0,0,5
465,185,-5,-5,0,453,0,0,0,5
460,180,-5,-5,0,453,0,0,0,5
455,175,-5,-5,0,453,0,0,0,5
450,170,-5,-5,0,453,0,0,0,5
445,165,-5,-5,0,453,0,0,0,5
440,160,-5,-5,0,453,0,0,0,5
435,155,-5,-5,0,453,0,0,0,5
430,150,-5,-5,0,453,0,0,0,5
425,145,-5,-5,0,453,0,0,0,5
420,140,-5,-5,0,453,0,0,0,5
415,135,-5,-5,0,453,0,0,0,5
410,130,-5,-5,0,453,0,0,0,5
405,125,-5,-5,0,453,0,0,0,5
400,120,-5,-5,0,453,0,0,0,5
395,115,-5,-5,0,453,0,0,0,5
390,110,-5,-5,0,453,0,0,0,5
385,105,-5,-5,0,453,0,0,0,5
380,100,-5,-5,0,453,0,0,0,5
375,95,-5,-5,0,453,0,0,0,5
370,90,-5,-5,0,453,0,0,0,5
365,85,-5,-5,0,453,0,0,0,5
360,80,-5,-5,0,453,0,0,0,5
355,75,-5,-5,0,453,0,0,0,5
350,70,-5,-5,0,453,0,0,0,5
345,65,-5,-5,0,453,0,0,0,5
340,60,-5,-5,0,453,0,0,0,5
335,55,-5,-5,0,453,0,0,0,5
330,50,-5,-5,0,453,0,0,0,5
325,45,-5,-5,0,453,0,0,0,5
320,40,-5,-5,0,453,0,0,0,5
315,35,-5,-5,0,453,0,0,0,5
310,30,-5,-5,0,453,0,0,0,5
305,25,-5,-5,0,453,0,0,0,5
300,20,-5,-5,0,453,0,0,0,5
295,15,-5,-5,0,453,0,0,0,5
290,10,-5,5,0,453,0,0,0,5
285,15,-5,5,0,453,0,0,0,5
280,20,-5,5,0,453,0,0,0,5
275,25,-5,5,0,453,0,0,0,5
270,30,-5,5,0,453,0,0,0,5
265,35,-5,5,0,453,0,0,0,5
260,40,-5,5,0,453,0,0,0,5
255,45,-5,5,0,453,0,0,0,5
250,50,-5,5,0,453,0,0,0,5
245,55,-5,5,0,453,0,0,0,5
240,60,-5,5,0,453,0,0,0,5
235,65,-5,5,0,453,0,0,0,5
230,70,-5,5,0,453,0,0,0,5
225,75,-5,5,0,453,0,0,0,5
220,80,-5,5,0,453,0,0,0,5
215,85,-5,5,0,453,0,0,0,5
210,90,-5,5,0,453,0,0,0,5
205,95,-5,5,0,453,0,0,0,5
200,100,-5,5,0,453,0,0,0,5
195,105,-5,5,0,453,0,0,0,5
190,110,-5,5,0,453,0,0,0,5
185,115,-5,5,0,453,0,0,0,5
180,120,-5,5,0,453,0,0,0,5
175,125,-5,5,0,453,0,0,0,5
170,130,-5,5,0,453,0,0,0,5
165,135,-5,5,0,453,0,0,0,5
160,140,-5,5,0,453,0,0,0,5
155,145,-5,5,0,453,0,0,0,5
150,150,-5,5,0,453,0,0,0,5
145,155,-5,5,0,453,0,0,0,5
140,160,-5,5,0,453,0,0,0,5
135,165,-5,5,0,453,0,0,0,5
130,170,-5,5,0,453,0,0,0,5
125,175,-5,5,0,453,0,0,0,5
120,180,-5,5,0,453,0,0,0,5
115,185,-5,5,0,453,0,0,0,5
110,190,-5,5,0,453,0,0,0,5
105,195,-5,5,0,453,0,0,0,5
100,200,-5,5,0,453,0,0,0,5
95,205,-5,5,0,453,0,0,0,5
90,210,-5,5,0,453,0,0,0,5
85,215,-5,5,0,453,0,0,0,5
80,220,-5,5,0,453,0,0,0,5
75,225,-5,5,0,453,0,0,0,5
70,230,-5,5,0,453,0,0,0,5
65,235,-5,5,0,453,0,0,0,5
60,240,-5,5,0,453,0,0,0,5
55,245,-5,5,0,453,0,0,0,5
50,250,-5,5,0,453,0,0,0,5
45,255,-5,5,0,453,0,0,0,5
40,260,-5,5,0,453,0,0,0,5
35,265,-5,5,0,453,0,0,0,5
30,270,-5,5,0,453,0,0,0,5
25,275,-5,5,0,453,0,0,0,5
20,280,-5,5,0,453,0,0,0,5
15,285,-5,5,0,453,0,0,0,5
10,290,-5,5,0,453,0,0,0,5
5,295,-5,5,0,453,0,0,0,5
0,300,-5,5,0,453,0,0,0,5
400,300,5,5,0,453,0,0,0,6
405,305,5,5,0,446,0,-1,0,6
410,310,5,5,0,439,0,-1,0,6
415,315,5,5,0,432,0,-1,0,6
420,320,5,5,0,425,0,-1,0,6
425,325,5,5,0,418,0,-1,0,6
430,330,5,5,0,411,0,-1,0,6
435,335,5,5,0,404,0,-1,0,6
440,340,5,5,0,397,0,-1,0,6
445,345,5,5,0,390,0,-1,0,6
450,350,5,5,0,390,0,0,0,6
455,355,5,5,0,390,0,0,0,6
460,360,5,5,0,383,0,-1,0,6
465,365,5,5,0,376,0,-1,0,6
470,370,5,5,0,376,0,0,0,6
475,375,5,5,0,369,0,-1,0,6
480,380,5,5,0,362,0,-1,0,6
485,385,5,5,0,355,0,-1,0,6
490,390,5,5,0,348,0,-1,0,6
495,395,5,5,0,341,0,-1,0,6
500,400,5,5,0,348,0,1,0,6
505,405,5,5,0,355,0,1,0,6
510,410,5,5,0,355,0,0,0,6
515,415,5,5,0,362,0,1,0,6
520,420,5,5,0,369,0,1,0,6
525,425,5,5,0,376,0,1,0,6
530,430,5,5,0,369,0,-1,0,6
535,435,5,5,0,376,0,1,0,6
540,440,5,5,0,383,0,1,0,6
545,445,5,5,0,390,0,1,0,6
550,450,5,5,0,397,0,1,0,6
555,455,5,5,0,404,0,1,0,6
560,460,5,5,0,411,0,1,0,6
565,465,5,5,0,404,0,-1,0,6
570,470,5,5,0,411,0,1,0,6
575,475,5,5,0,411,0,0,0,6
580,480,5,5,0,418,0,1,0,6
585,485,5,5,0,425,0,1,0,6
590,490,5,5,0,432,0,1,0,6
595,495,5,5,0,439,0,1,0,6
600,500,5,5,0,446,0,1,0,6
605,505,5,5,0,453,0,1,0,6
610,510,5,5,0,460,0,1,0,6
615,515,5,5,0,460,0,0,0,6
620,520,5,5,0,467,0,1,0,6
625,525,5,5,0,474,0,1,0,6
630,530,5,5,0,481,0,1,0,6
635,535,5,5,0,474,0,-1,0,6
640,540,5,5,0,481,0,1,0,6
645,545,5,5,0,481,0,0,0,6
650,550,5,5,0,488,0,1,0,6
655,555,5,5,0,495,0,1,0,6
660,560,5,5,0,502,0,1,0,6
665,565,5,5,0,509,0,1,0,6
670,570,5,5,0,516,0,1,0,6
675,575,5,5,0,523,0,1,0,6
680,580,5,5,0,530,0,1,0,6
685,585,5,5,0,530,0,0,0,6
690,590,5,-5,0,537,0,1,0,6
695,585,5,-5,0,544,0,1,0,6
700,580,5,-5,0,537,0,-1,0,6
705,575,5,-5,0,530,0,-1,0,6
710,570,5,-5,0,523,0,-1,0,6
715,565,5,-5,0,516,0,-1,0,6
720,560,5,-5,0,509,0,-1,0,6
725,555,5,-5,0,516,0,1,0,6
730,550,5,-5,0,509,0,-1,0,6
735,545,5,-5,0,502,0,-1,0,6
740,540,5,-5,0,495,0,-1,0,6
745,535,5,-5,0,488,0,-1,0,6
750,530,5,-5,0,481,0,-1,0,6
755,525,5,-5,0,474,0,-1,0,6
760,520,5,-5,0,481,0,1,0,6
765,515,5,-5,0,474,0,-1,0,6
770,510,5,-5,0,474,0,0,0,6
775,505,5,-5,0,467,0,-1,0,6
780,500,-5,-5,0,460,0,-1,0,6
775,495,-5,-5,0,460,0,0,0,6
770,490,-5,-5,0,460,0,0,0,6
765,485,-5,-5,0,460,0,0,0,6
760,480,-5,-5,0,460,0,0,0,6
755,475,-5,-5,0,460,0,0,0,6
750,470,-5,-5,0,460,0,0,0,6
745,465,-5,-5,0,460,0,0,0,6
740,460,-5,-5,0,460,0,0,0,6
735,455,-5,-5,0,460,0,0,0,6
730,450,-5,-5,0,460,0,0,0,6
725,445,-5,-5,0,460,0,0,0,6
720,440,-5,-5,0,460,0,0,0,6
715,435,-5,-5,0,460,0,0,0,6
710,430,-5,-5,0,460,0,0,0,6
705,425,-5,-5,0,460,0,0,0,6
700,420,-5,-5,0,460,0,0,0,6
695,415,-5,-5,0,460,0,0,0,6
690,410,-5,-5,0,460,0,0,0,6
685,405,-5,-5,0,460,0,0,0,6
680,400,-5,-5,0,460,0,0,0,6
675,395,-5,-5,0,460,0,0,0,6
670,390,-5,-5,0,460,0,0,0,6
665,385,-5,-5,0,460,0,0,0,6
660,380,-5,-5,0,460,0,0,0,6
655,375,-5,-5,0,460,0,0,0,6
650,370,-5,-5,0,460,0,0,0,6
645,365,-5,-5,0,460,0,0,0,6
640,360,-5,-5,0,460,0,0,0,6
635,355,-5,-5,0,460,0,0,0,6
630,350,-5,-5,0,460,0,0,0,6
625,345,-5,-5,0,460,0,0,0,6
620,340,-5,-5,0,460,0,0,0,6
615,335,-5,-5,0,460,0,0,0,6
610,330,-5,-5,0,460,0,0,0,6
605,325,-5,-5,0,460,0,0,0,6
600,320,-5,-5,0,460,0,0,0,6
595,315,-5,-5,0,460,0,0,0,6
590,310,-5,-5,0,460,0,0,0,6
585,305,-5,-5,0,460,0,0,0,6
580,300,-5,-5,0,460,0,0,0,6
575,295,-5,-5,0,460,0,0,0,6
570,290,-5,-5,0,460,0,0,0,6
565,285,-5,-5,0,460,0,0,0,6
560,280,-5,-5,0,460,0,0,0,6
555,275,-5,-5,0,460,0,0,0,6
550,270,-5,-5,0,460,0,0,0,6
545,265,-5,-5,0,460,0,0,0,6
540,260,-5,-5,0,460,0,0,0,6
535,255,-5,-5,0,460,0,0,0,6
530,250,-5,-5,0,460,0,0,0,6
525,245,-5,-5,0,460,0,0,0,6
520,240,-5,-5,0,460,0,0,0,6
515,235,-5,-5,0,460,0,0,0,6
510,230,-5,-5,0,460,0,0,0,6
505,225,-5,-5,0,460,0,0,0,6
500,220,-5,-5,0,460,0,0,0,6
495,215,-5,-5,0,460,0,0,0,6
490,210,-5,-5,0,460,0,0,0,6
485,205,-5,-5,0,460,0,0,0,6
480,200,-5,-5,0,460,0,0,0,6
475,195,-5,-5,0,460,0,0,0,6
470,190,-5,-5,0,460,0,0,0,6
465,185,-5,-5,0,460,0,0,0,6
460,180,-5,-5,0,460,0,0,0,6
455,175,-5,-5,0,460,0,0,0,6
450,170,-5,-5,0,460,0,0,0,6
445,165,-5,-5,0,460,0,0,0,6
440,160,-5,-5,0,460,0,0,0,6
435,155,-5,-5,0,460,0,0,0,6
430,150,-5,-5,0,460,0,0,0,6
425,145,-5,-5,0,460,0,0,0,6
420,140,-5,-5,0,460,0,0,0,6
415,135,-5,-5,0,460,0,0,0,6
410,130,-5,-5,0,460,0,0,0,6
405,125,-5,-5,0,460,0,0,0,6
400,120,-5,-5,0,460,0,0,0,6
395,115,-5,-5,0,460,0,0,0,6
390,110,-5,-5,0,460,0,0,0,6
385,105,-5,-5,0,460,0,0,0,6
380,100,-5,-5,0,460,0,0,0,6
375,95,-5,-5,0,460,0,0,0,6
370,90,-5,-5,0,460,0,0,0,6
365,85,-5,-5,0,460,0,0,0,6
360,80,-5,-5,0,460,0,0,0,6
355,75,-5,-5,0,460,0,0,0,6
350,70,-5,-5,0,460,0,0,0,6
345,65,-5,-5,0,460,0,0,0,6
340,60,-5,-5,0,460,0,0,0,6
335,55,-5,-5,0,460,0,0,0,6
330,50,-5,-5,0,460,0,0,0,6
325,45,-5,-5,0,460,0,0,0,6
320,40,-5,-5,0,460,0,0,0,6
315,35,-5,-5,0,460,0,0,0,6
310,30,-5,-5,0,460,0,0,0,6
305,25,-5,-5,0,460,0,0,0,6
300,20,-5,-5,0,460,0,0,0,6
295,15,-5,-5,0,460,0,0,0,6
290,10,-5,5,0,460,0,0,0,6
285,15,-5,5,0,460,0,0,0,6
280,20,-5,5,0,460,0,0,0,6
275,25,-5,5,0,460,0,0,0,6
270,30,-5,5,0,460,0,0,0,6
265,35,-5,5,0,460,0,0,0,6
260,40,-5,5,0,460,0,0,0,6
255,45,-5,5,0,460,0,0,0,6
250,50,-5,5,0,460,0,0,0,6
245,55,-5,5,0,460,0,0,0,6
240,60,-5,5,0,460,0,0,0,6
235,65,-5,5,0,460,0,0,0,6
230,70,-5,5,0,460,0,0,0,6
225,75,-5,5,0,460,0,0,0,6
220,80,-5,5,0,460,0,0,0,6
215,85,-5,5,0,460,0,0,0,6
210,90,-5,5,0,460,0,0,0,6
205,95,-5,5,0,460,0,0,0,6
200,100,-5,5,0,460,0,0,0,6
195,105,-5,5,0,460,0,0,0,6
190,110,-5,5,0,460,0,0,0,6
185,115,-5,5,0,460,0,0,0,6
180,120,-5,5,0,460,0,0,0,6
175,125,-5,5,0,460,0,0,0,6
170,130,-5,5,0,460,0,0,0,6
165,135,-5,5,0,460,0,0,0,6
160,140,-5,5,0,460,0,0,0,6
155,145,-5,5,0,460,0,0,0,6
150,150,-5,5,0,460,0,0,0,6
145,155,-5,5,0,460,0,0,0,6
140,160,-5,5,0,460,0,0,0,6
135,165,-5,5,0,460,0,0,0,6
130,170,-5,5,0,460,0,0,0,6
125,175,-5,5,0,460,0,0,0,6
120,180,-5,5,0,460,0,0,0,6
115,185,-5,5,0,460,0,0,0,6
110,190,-5,5,0,460,0,0,0,6
105,195,-5,5,0,460,0,0,0,6
100,200,-5,5,0,460,0,0,0,6
95,205,-5,5,0,460,0,0,0,6
90,210,-5,5,0,460,0,0,0,6
85,215,-5,5,0,460,0,0,0,6
80,220,-5,5,0,460,0,0,0,6
75,225,-5,5,0,460,0,0,0,6
70,230,-5,5,0,460,0,0,0,6
65,235,-5,5,0,460,0,0,0,6
60,240,-5,5,0,460,0,0,0,6
55,245,-5,5,0,460,0,0,0,6
50,250,-5,5,0,460,0,0,0,6
45,255,-5,5,0,460,0,0,0,6
40,260,-5,5,0,460,0,0,0,6
35,265,-5,5,0,460,0,0,0,6
30,270,-5,5,0,460,0,0,0,6
25,275,-5,5,0,460,0,0,0,6
20,280,-5,5,0,460,0,0,0,6
15,285,-5,5,0,460,0,0,0,6
10,290,-5,5,0,460,0,0,0,6
5,295,-5,5,0,460,0,0,0,6
0,300,-5,5,0,460,0,0,0,6
400,300,5,5,0,460,0,0,0,7
405,305,5,5,0,453,0,-1,0,7
410,310,5,5,0,446,0,-1,0,7
415,315,5,5,0,439,0,-1,0,7
420,320,5,5,0,439,0,0,0,7
425,325,5,5,0,432,0,-1,0,7
430,330,5,5,0,425,0,-1,0,7
435,335,5,5,0,418,0,-1,0,7
440,340,5,5,0,411,0,-1,0,7
445,345,5,5,0,404,0,-1,0,7
450,350,5,5,0,397,0,-1,0,7
455,355,5,5,0,397,0,0,0,7
460,360,5,5,0,390,0,-1,0,7
465,365,5,5,0,383,0,-1,0,7
470,370,5,5,0,376,0,-1,0,7
475,375,5,5,0,369,0,-1,0,7
480,380,5,5,0,362,0,-1,0,7
485,385,5,5,0,355,0,-1,0,7
490,390,5,5,0,348,0,-1,0,7
495,395,5,5,0,341,0,-1,0,7
500,400,5,5,0,348,0,1,0,7
505,405,5,5,0,355,0,1,0,7
510,410,5,5,0,355,0,0,0,7
515,415,5,5,0,362,0,1,0,7
520,420,5,5,0,369,0,1,0,7
525,425,5,5,0,376,0,1,0,7
530,430,5,5,0,369,0,-1,0,7
535,435,5,5,0,376,0,1,0,7
540,440,5,5,0,383,0,1,0,7
545,445,5,5,0,390,0,1,0,7
550,450,5,5,0,397,0,1,0,7
555,455,5,5,0,404,0,1,0,7
560,460,5,5,0,411,0,1,0,7
565,465,5,5,0,404,0,-1,0,7
570,470,5,5,0,411,0,1,0,7
575,475,5,5,0,418,0,1,0,7
580,480,5,5,0,425,0,1,0,7
585,485,5,5,0,432,0,1,0,7
590,490,5,5,0,439,0,1,0,7
595,495,5,5,0,446,0,1,0,7
600,500,5,5,0,446,0,0,0,7
605,505,5,5,0,453,0,1,0,7
610,510,5,5,0,460,0,1,0,7
615,515,5,5,0,460,0,0,0,7
620,520,5,5,0,467,0,1,0,7
625,525,5,5,0,474,0,1,0,7
630,530,5,5,0,481,0,1,0,7
635,535,5,5,0,474,0,-1,0,7
640,540,5,5,0,481,0,1,0,7
645,545,5,5,0,481,0,0,0,7
650,550,5,5,0,488,0,1,0,7
655,555,5,5,0,495,0,1,0,7
660,560,5,5,0,502,0,1,0,7
665,565,5,5,0,509,0,1,0,7
670,570,5,5,0,516,0,1,0,7
675,575,5,5,0,523,0,1,0,7
680,580,5,5,0,530,0,1,0,7
685,585,5,5,0,530,0,0,0,7
690,590,5,-5,0,537,0,1,0,7
695,585,5,-5,0,537,0,0,0,7
700,580,5,-5,0,530,0,-1,0,7
705,575,5,-5,0,530,0,0,0,7
710,570,5,-5,0,523,0,-1,0,7
715,565,5,-5,0,516,0,-1,0,7
720,560,5,-5,0,509,0,-1,0,7
725,555,5,-5,0,516,0,1,0,7
730,550,5,-5,0,509,0,-1,0,7
735,545,5,-5,0,502,0,-1,0,7
740,540,5,-5,0,495,0,-1,0,7
745,535,5,-5,0,488,0,-1,0,7
750,530,5,-5,0,481,0,-1,0,7
755,525,5,-5,0,474,0,-1,0,7
760,520,5,-5,0,481,0,1,0,7
765,515,5,-5,0,474,0,-1,0,7
770,510,5,-5,0,467,0,-1,0,7
775,505,5,-5,0,460,0,-1,0,7
780,500,-5,-5,0,453,0,-1,0,7
775,495,-5,-5,0,453,0,0,0,7
770,490,-5,-5,0,453,0,0,0,7
765,485,-5,-5,0,453,0,0,0,7
760,480,-5,-5,0,453,0,0,0,7
755,475,-5,-5,0,453,0,0,0,7
750,470,-5,-5,0,453,0,0,0,7
745,465,-5,-5,0,453,0,0,0,7
740,460,-5,-5,0,453,0,0,0,7
735,455,-5,-5,0,453,0,0,0,7
730,450,-5,-5,0,453,0,0,0,7
725,445,-5,-5,0,453,0,0,0,7
720,440,-5,-5,0,453,0,0,0,7
715,435,-5,-5,0,453,0,0,0,7
710,430,-5,-5,0,453,0,0,0,7
705,425,-5,-5,0,453,0,0,0,7
700,420,-5,-5,0,453,0,0,0,7
695,415,-5,-5,0,453,0,0,0,7
690,410,-5,-5,0,453,0,0,0,7
685,405,-5,-5,0,453,0,0,0,7
680,400,-5,-5,0,453,0,0,0,7
675,395,-5,-5,0,453,0,0,0,7
670,390,-5,-5,0,453,0,0,0,7
665,385,-5,-5,0,453,0,0,0,7
660,380,-5,-5,0,453,0,0,0,7
655,375,-5,-5,0,453,0,0,0,7
650,370,-5,-5,0,453,0,0,0,7
645,365,-5,-5,0,453,0,0,0,7
640,360,-5,-5,0,453,0,0,0,7
635,355,-5,-5,0,453,0,0,0,7
630,350,-5,-5,0,453,0,0,0,7
625,345,-5,-5,0,453,0,0,0,7
620,340,-5,-5,0,453,0,0,0,7
615,335,-5,-5,0,453,0,0,0,7
610,330,-5,-5,0,453,0,0,0,7
605,325,-5,-5,0,453,0,0,0,7
600,320,-5,-5,0,453,0,0,0,7
595,315,-5,-5,0,453,0,0,0,7
590,310,-5,-5,0,453,0,0,0,7
585,305,-5,-5,0,453,0,0,0,7
580,300,-5,-5,0,453,0,0,0,7
575,295,-5,-5,0,453,0,0,0,7
570,290,-5,-5,0,453,0,0,0,7
565,285,-5,-5,0,453,0,0,0,7
560,280,-5,-5,0,453,0,0,0,7
555,275,-5,-5,0,453,0,0,0,7
550,270,-5,-5,0,453,0,0,0,7
545,265,-5,-5,0,453,0,0,0,7
540,260,-5,-5,0,453,0,0,0,7
535,255,-5,-5,0,453,0,0,0,7
530,250,-5,-5,0,453,0,0,0,7
525,245,-5,-5,0,453,0,0,0,7
520,240,-5,-5,0,453,0,0,0,7
515,235,-5,-5,0,453,0,0,0,7
510,230,-5,-5,0,453,0,0,0,7
505,225,-5,-5,0,453,0,0,0,7
500,220,-5,-5,0,453,0,0,0,7
495,215,-5,-5,0,453,0,0,0,7
490,210,-5,-5,0,453,0,0,0,7
485,205,-5,-5,0,453,0,0,0,7
480,200,-5,-5,0,453,0,0,0,7
475,195,-5,-5,0,453,0,0,0,7
470,190,-5,-5,0,453,0,0,0,7
465,185,-5,-5,0,453,0,0,0,7
460,180,-5,-5,0,453,0,0,0,7
455,175,-5,-5,0,453,0,0,0,7
450,170,-5,-5,0,453,0,0,0,7
445,165,-5,-5,0,453,0,0,0,7
440,160,-5,-5,0,453,0,0,0,7
435,155,-5,-5,0,453,0,0,0,7
430,150,-5,-5,0,453,0,0,0,7
425,145,-5,-5,0,453,0,0,0,7
420,140,-5,-5,0,453,0,0,0,7
415,135,-5,-5,0,453,0,0,0,7
410,130,-5,-5,0,453,0,0,0,7
405,125,-5,-5,0,453,0,0,0,7
400,120,-5,-5,0,453,0,0,0,7
395,115,-5,-5,0,453,0,0,0,7
390,110,-5,-5,0,453,0,0,0,7
385,105,-5,-5,0,453,0,0,0,7
380,100,-5,-5,0,453,0,0,0,7
375,95,-5,-5,0,453,0,0,0,7
370,90,-5,-5,0,453,0,0,0,7
365,85,-5,-5,0,453,0,0,0,7
360,80,-5,-5,0,453,0,0,0,7
355,75,-5,-5,0,453,0,0,0,7
350,70,-5,-5,0,453,0,0,0,7
345,65,-5,-5,0,453,0,0,0,7
340,60,-5,-5,0,453,0,0,0,7
335,55,-5,-5,0,453,0,0,0,7
330,50,-5,-5,0,453,0,0,0,7
325,45,-5,-5,0,453,0,0,0,7
320,40,-5,-5,0,453,0,0,0,7
315,35,-5,-5,0,453,0,0,0,7
310,30,-5,-5,0,453,0,0,0,7
305,25,-5,-5,0,453,0,0,0,7
300,20,-5,-5,0,453,0,0,0,7
295,15,-5,-5,0,453,0,0,0,7
290,10,-5,5,0,453,0,0,0,7
285,15,-5,5,0,453,0,0,0,7
280,20,-5,5,0,453,0,0,0,7
275,25,-5,5,0,453,0,0,0,7
270,30,-5,5,0,453,0,0,0,7
265,35,-5,5,0,453,0,0,0,7
260,40,-5,5,0,453,0,0,0,7
255,45,-5,5,0,453,0,0,0,7
250,50,-5,5,0,453,0,0,0,7
245,55,-5,5,0,453,0,0,0,7
240,60,-5,5,0,453,0,0,0,7
235,65,-5,5,0,453,0,0,0,7
230,70,-5,5,0,453,0,0,0,7
225,75,-5,5,0,453,0,0,0,7
220,80,-5,5,0,453,0,0,0,7
215,85,-5,5,0,453,0,0,0,7
210,90,-5,5,0,453,0,0,0,7
205,95,-5,5,0,453,0,0,0,7
200,100,-5,5,0,453,0,0,0,7
195,105,-5,5,0,453,0,0,0,7
190,110,-5,5,0,453,0,0,0,7
185,115,-5,5,0,453,0,0,0,7
180,120,-5,5,0,453,0,0,0,7
175,125,-5,5,0,453,0,0,0,7
170,130,-5,5,0,453,0,0,0,7
165,135,-5,5,0,453,0,0,0,7
160,140,-5,5,0,453,0,0,0,7
155,145,-5,5,0,453,0,0,0,7
150,150,-5,5,0,453,0,0,0,7
145,155,-5,5,0,453,0,0,0,7
140,160,-5,5,0,453,0,0,0,7
135,165,-5,5,0,453,0,0,0,7
130,170,-5,5,0,453,0,0,0,7
125,175,-5,5,0,453,0,0,0,7
120,180,-5,5,0,453,0,0,0,7
115,185,-5,5,0,453,0,0,0,7
110,190,-5,5,0,453,0,0,0,7
105,195,-5,5,0,453,0,0,0,7
100,200,-5,5,0,453,0,0,0,7
95,205,-5,5,0,453,0,0,0,7
90,210,-5,5,0,453,0,0,0,7
85,215,-5,5,0,453,0,0,0,7
80,220,-5,5,0,453,0,0,0,7
75,225,-5,5,0,453,0,0,0,7
70,230,-5,5,0,453,0,0,0,7
65,235,-5,5,0,453,0,0,0,7
60,240,-5,5,0,453,0,0,0,7
55,245,-5,5,0,453,0,0,0,7
50,250,-5,5,0,453,0,0,0,7
45,255,-5,5,0,453,0,0,0,7
40,260,-5,5,0,453,0,0,0,7
35,265,-5,5,0,453,0,0,0,7
30,270,-5,5,0,453,0,0,0,7
25,275,-5,5,0,453,0,0,0,7
20,280,-5,5,0,453,0,0,0,7
15,285,-5,5,0,453,0,0,0,7
10,290,-5,5,0,453,0,0,0,7
5,295,-5,5,0,453,0,0,0,7
0,300,-5,5,0,453,0,0,0,7
400,300,5,5,0,453,0,0,0,8
405,305,5,5,0,446,0,-1,0,8
410,310,5,5,0,439,0,-1,0,8
415,315,5,5,0,432,0,-1,0,8
420,320,5,5,0,425,0,-1,0,8
425,325,5,5,0,418,0,-1,0,8
430,330,5,5,0,411,0,-1,0,8
435,335,5,5,0,404,0,-1,0,8
440,340,5,5,0,397,0,-1,0,8
445,345,5,5,0,390,0,-1,0,8
450,350,5,5,0,383,0,-1,0,8
455,355,5,5,0,376,0,-1,0,8
460,360,5,5,0,376,0,0,0,8
465,365,5,5,0,369,0,-1,0,8
470,370,5,5,0,362,0,-1,0,8
475,375,5,5,0,355,0,-1,0,8
480,380,5,5,0,348,0,-1,0,8
485,385,5,5,0,341,0,-1,0,8
490,390,5,5,0,334,0,-1,0,8
495,395,5,5,0,341,0,1,0,8
500,400,5,5,0,348,0,1,0,8
505,405,5,5,0,355,0,1,0,8
510,410,5,5,0,355,0,0,0,8
515,415,5,5,0,362,0,1,0,8
520,420,5,5,0,369,0,1,0,8
525,425,5,5,0,376,0,1,0,8
530,430,5,5,0,369,0,-1,0,8
535,435,5,5,0,376,0,1,0,8
540,440,5,5,0,383,0,1,0,8
545,445,5,5,0,390,0,1,0,8
550,450,5,5,0,397,0,1,0,8
555,455,5,5,0,404,0,1,0,8
560,460,5,5,0,411,0,1,0,8
565,465,5,5,0,404,0,-1,0,8
570,470,5,5,0,411,0,1,0,8
575,475,5,5,0,418,0,1,0,8
580,480,5,5,0,425,0,1,0,8
585,485,5,5,0,432,0,1,0,8
590,490,5,5,0,439,0,1,0,8
595,495,5,5,0,446,0,1,0,8
600,500,5,5,0,439,0,-1,0,8
605,505,5,5,0,446,0,1,0,8
610,510,5,5,0,446,0,0,0,8
615,515,5,5,0,453,0,1,0,8
620,520,5,5,0,460,0,1,0,8
625,525,5,5,0,467,0,1,0,8
630,530,5,5,0,474,0,1,0,8
635,535,5,5,0,481,0,1,0,8
640,540,5,5,0,488,0,1,0,8
645,545,5,5,0,495,0,1,0,8
650,550,5,5,0,495,0,0,0,8
655,555,5,5,0,502,0,1,0,8
660,560,5,5,0,509,0,1,0,8
665,565,5,5,0,516,0,1,0,8
670,570,5,5,0,509,0,-1,0,8
675,575,5,5,0,516,0,1,0,8
680,580,5,5,0,523,0,1,0,8
685,585,5,5,0,530,0,1,0,8
690,590,5,-5,0,537,0,1,0,8
695,585,5,-5,0,537,0,0,0,8
700,580,5,-5,0,537,0,0,0,8
705,575,5,-5,0,530,0,-1,0,8
710,570,5,-5,0,523,0,-1,0,8
715,565,5,-5,0,516,0,-1,0,8
720,560,5,-5,0,509,0,-1,0,8
725,555,5,-5,0,509,0,0,0,8
730,550,5,-5,0,502,0,-1,0,8
735,545,5,-5,0,502,0,0,0,8
740,540,5,-5,0,495,0,-1,0,8
745,535,5,-5,0,488,0,-1,0,8
750,530,5,-5,0,481,0,-1,0,8
755,525,5,-5,0,481,0,0,0,8
760,520,5,-5,0,474,0,-1,0,8
765,515,5,-5,0,474,0,0,0,8
770,510,5,-5,0,467,0,-1,0,8
775,505,5,-5,0,460,0,-1,0,8
780,500,-5,-5,0,453,0,-1,0,8
775,495,-5,-5,0,453,0,0,0,8
770,490,-5,-5,0,453,0,0,0,8
765,485,-5,-5,0,453,0,0,0,8
760,480,-5,-5,0,453,0,0,0,8
755,475,-5,-5,0,453,0,0,0,8
750,470,-5,-5,0,453,0,0,0,8
745,465,-5,-5,0,453,0,0,0,8
740,460,-5,-5,0,453,0,0,0,8
735,455,-5,-5,0,453,0,0,0,8
730,450,-5,-5,0,453,0,0,0,8
725,445,-5,-5,0,453,0,0,0,8
720,440,-5,-5,0,453,0,0,0,8
715,435,-5,-5,0,453,0,0,0,8
710,430,-5,-5,0,453,0,0,0,8
705,425,-5,-5,0,453,0,0,0,8
700,420,-5,-5,0,453,0,0,0,8
695,415,-5,-5,0,453,0,0,0,8
690,410,-5,-5,0,453,0,0,0,8
685,405,-5,-5,0,453,0,0,0,8
680,400,-5,-5,0,453,0,0,0,8
675,395,-5,-5,0,453,0,0,0,8
670,390,-5,-5,0,453,0,0,0,8
665,385,-5,-5,0,453,0,0,0,8
660,380,-5,-5,0,453,0,0,0,8
655,375,-5,-5,0,453,0,0,0,8
650,370,-5,-5,0,453,0,0,0,8
645,365,-5,-5,0,453,0,0,0,8
640,360,-5,-5,0,453,0,0,0,8
635,355,-5,-5,0,453,0,0,0,8
630,350,-5,-5,0,453,0,0,0,8
625,345,-5,-5,0,453,0,0,0,8
620,340,-5,-5,0,453,0,0,0,8
615,335,-5,-5,0,453,0,0,0,8
610,330,-5,-5,0,453,0,0,0,8
605,325,-5,-5,0,453,0,0,0,8
600,320,-5,-5,0,453,0,0,0,8
595,315,-5,-5,0,453,0,0,0,8
590,310,-5,-5,0,453,0,0,0,8
585,305,-5,-5,0,453,0,0,0,8
580,300,-5,-5,0,453,0,0,0,8
575,295,-5,-5,0,453,0,0,0,8
570,290,-5,-5,0,453,0,0,0,8
565,285,-5,-5,0,453,0,0,0,8
560,280,-5,-5,0,453,0,0,0,8
555,275,-5,-5,0,453,0,0,0,8
550,270,-5,-5,0,453,0,0,0,8
545,265,-5,-5,0,453,0,0,0,8
540,260,-5,-5,0,453,0,0,0,8
535,255,-5,-5,0,453,0,0,0,8
530,250,-5,-5,0,453,0,0,0,8
525,245,-5,-5,0,453,0,0,0,8
520,240,-5,-5,0,453,0,0,0,8
515,235,-5,-5,0,453,0,0,0,8
510,230,-5,-5,0,453,0,0,0,8
505,225,-5,-5,0,453,0,0,0,8
500,220,-5,-5,0,453,0,0,0,8
495,215,-5,-5,0,453,0,0,0,8
490,210,-5,-5,0,453,0,0,0,8
485,205,-5,-5,0,453,0,0,0,8
480,200,-5,-5,0,453,0,0,0,8
475,195,-5,-5,0,453,0,0,0,8
470,190,-5,-5,0,453,0,0,0,8
465,185,-5,-5,0,453,0,0,0,8
460,180,-5,-5,0,453,0,0,0,8
455,175,-5,-5,0,453,0,0,0,8
450,170,-5,-5,0,453,0,0,0,8
445,165,-5,-5,0,453,0,0,0,8
440,160,-5,-5,0,453,0,0,0,8
435,155,-5,-5,0,453,0,0,0,8
430,150,-5,-5,0,453,0,0,0,8
425,145,-5,-5,0,453,0,0,0,8
420,140,-5,-5,0,453,0,0,0,8
415,135,-5,-5,0,453,0,0,0,8
410,130,-5,-5,0,453,0,0,0,8
405,125,-5,-5,0,453,0,0,0,8
400,120,-5,-5,0,453,0,0,0,8
395,115,-5,-5,0,453,0,0,0,8
390,110,-5,-5,0,453,0,0,0,8
385,105,-5,-5,0,453,0,0,0,8
380,100,-5,-5,0,453,0,0,0,8
375,95,-5,-5,0,453,0,0,0,8
370,90,-5,-5,0,453,0,0,0,8
365,85,-5,-5,0,453,0,0,0,8
360,80,-5,-5,0,453,0,0,0,8
355,75,-5,-5,0,453,0,0,0,8
350,70,-5,-5,0,453,0,0,0,8
345,65,-5,-5,0,453,0,0,0,8
340,60,-5,-5,0,453,0,0,0,8
335,55,-5,-5,0,453,0,0,0,8
330,50,-5,-5,0,453,0,0,0,8
325,45,-5,-5,0,453,0,0,0,8
320,40,-5,-5,0,453,0,0,0,8
315,35,-5,-5,0,453,0,0,0,8
310,30,-5,-5,0,453,0,0,0,8
305,25,-5,-5,0,453,0,0,0,8
300,20,-5,-5,0,453,0,0,0,8
295,15,-5,-5,0,453,0,0,0,8
290,10,-5,5,0,453,0,0,0,8
285,15,-5,5,0,453,0,0,0,8
280,20,-5,5,0,453,0,0,0,8
275,25,-5,5,0,453,0,0,0,8
270,30,-5,5,0,453,0,0,0,8
265,35,-5,5,0,453,0,0,0,8
260,40,-5,5,0,453,0,0,0,8
255,45,-5,5,0,453,0,0,0,8
250,50,-5,5,0,453,0,0,0,8
245,55,-5,5,0,453,0,0,0,8
240,60,-5,5,0,453,0,0,0,8
235,65,-5,5,0,453,0,0,0,8
230,70,-5,5,0,453,0,0,0,8
225,75,-5,5,0,453,0,0,0,8
220,80,-5,5,0,453,0,0,0,8
215,85,-5,5,0,453,0,0,0,8
210,90,-5,5,0,453,0,0,0,8
205,95,-5,5,0,453,0,0,0,8
200,100,-5,5,0,453,0,0,0,8
195,105,-5,5,0,453,0,0,0,8
190,110,-5,5,0,453,0,0,0,8
185,115,-5,5,0,453,0,0,0,8
180,120,-5,5,0,453,0,0,0,8
175,125,-5,5,0,453,0,0,0,8
170,130,-5,5,0,453,0,0,0,8
165,135,-5,5,0,453,0,0,0,8
160,140,-5,5,0,453,0,0,0,8
155,145,-5,5,0,453,0,0,0,8
150,150,-5,5,0,453,0,0,0,8
145,155,-5,5,0,453,0,0,0,8
140,160,-5,5,0,453,0,0,0,8
135,165,-5,5,0,453,0,0,0,8
130,170,-5,5,0,453,0,0,0,8
125,175,-5,5,0,453,0,0,0,8
120,180,-5,5,0,453,0,0,0,8
115,185,-5,5,0,453,0,0,0,8
110,190,-5,5,0,453,0,0,0,8
105,195,-5,5,0,453,0,0,0,8
100,200,-5,5,0,453,0,0,0,8
95,205,-5,5,0,453,0,0,0,8
90,210,-5,5,0,453,0,0,0,8
85,215,-5,5,0,453,0,0,0,8
80,220,-5,5,0,453,0,0,0,8
75,225,-5,5,0,453,0,0,0,8
70,230,-5,5,0,453,0,0,0,8
65,235,-5,5,0,453,0,0,0,8
60,240,-5,5,0,453,0,0,0,8
55,245,-5,5,0,453,0,0,0,8
50,250,-5,5,0,453,0,0,0,8
45,255,-5,5,0,453,0,0,0,8
40,260,-5,5,0,453,0,0,0,8
35,265,-5,5,0,453,0,0,0,8
30,270,-5,5,0,453,0,0,0,8
25,275,-5,5,0,453,0,0,0,8
20,280,-5,5,0,453,0,0,0,8
15,285,-5,5,0,453,0,0,0,8
10,290,-5,5,0,453,0,0,0,8
5,295,-5,5,0,453,0,0,0,8
0,300,-5,5,0,453,0,0,0,8
400,300,5,5,0,453,0,0,0,9
405,305,5,5,0,446,0,-1,0,9
410,310,5,5,0,439,0,-1,0,9
415,315,5,5,0,432,0,-1,0,9
420,320,5,5,0,425,0,-1,0,9
425,325,5,5,0,425,0,0,0,9
430,330,5,5,0,418,0,-1,0,9
435,335,5,5,0,411,0,-1,0,9
440,340,5,5,0,404,0,-1,0,9
445,345,5,5,0,397,0,-1,0,9
450,350,5,5,0,390,0,-1,0,9
455,355,5,5,0,383,0,-1,0,9
460,360,5,5,0,376,0,-1,0,9
465,365,5,5,0,369,0,-1,0,9
470,370,5,5,0,362,0,-1,0,9
475,375,5,5,0,355,0,-1,0,9
480,380,5,5,0,348,0,-1,0,9
485,385,5,5,0,341,0,-1,0,9
490,390,5,5,0,334,0,-1,0,9
495,395,5,5,0,341,0,1,0,9
500,400,5,5,0,348,0,1,0,9
505,405,5,5,0,355,0,1,0,9
510,410,5,5,0,355,0,0,0,9
515,415,5,5,0,362,0,1,0,9
520,420,5,5,0,369,0,1,0,9
525,425,5,5,0,376,0,1,0,9
530,430,5,5,0,369,0,-1,0,9
535,435,5,5,0,376,0,1,0,9
540,440,5,5,0,383,0,1,0,9
545,445,5,5,0,383,0,0,0,9
550,450,5,5,0,390,0,1,0,9
555,455,5,5,0,397,0,1,0,9
560,460,5,5,0,404,0,1,0,9
565,465,5,5,0,411,0,1,0,9
570,470,5,5,0,418,0,1,0,9
575,475,5,5,0,425,0,1,0,9
580,480,5,5,0,425,0,0,0,9
585,485,5,5,0,432,0,1,0,9
590,490,5,5,0,439,0,1,0,9
595,495,5,5,0,446,0,1,0,9
600,500,5,5,0,439,0,-1,0,9
605,505,5,5,0,439,0,0,0,9
610,510,5,5,0,446,0,1,0,9
615,515,5,5,0,453,0,1,0,9
620,520,5,5,0,460,0,1,0,9
625,525,5,5,0,467,0,1,0,9
630,530,5,5,0,474,0,1,0,9
635,535,5,5,0,481,0,1,0,9
640,540,5,5,0,488,0,1,0,9
645,545,5,5,0,495,0,1,0,9
650,550,5,5,0,495,0,0,0,9
655,555,5,5,0,502,0,1,0,9
660,560,5,5,0,509,0,1,0,9
665,565,5,5,0,516,0,1,0,9
670,570,5,5,0,516,0,0,0,9
675,575,5,5,0,516,0,0,0,9
680,580,5,5,0,523,0,1,0,9
685,585,5,5,0,523,0,0,0,9
690,590,5,-5,0,530,0,1,0,9
695,585,5,-5,0,530,0,0,0,9
700,580,5,-5,0,537,0,1,0,9
705,575,5,-5,0,530,0,-1,0,9
710,570,5,-5,0,523,0,-1,0,9
715,565,5,-5,0,516,0,-1,0,9
720,560,5,-5,0,509,0,-1,0,9
725,555,5,-5,0,516,0,1,0,9
730,550,5,-5,0,509,0,-1,0,9
735,545,5,-5,0,502,0,-1,0,9
740,540,5,-5,0,495,0,-1,0,9
745,535,5,-5,0,488,0,-1,0,9
750,530,5,-5,0,481,0,-1,0,9
755,525,5,-5,0,474,0,-1,0,9
760,520,5,-5,0,481,0,1,0,9
765,515,5,-5,0,481,0,0,0,9
770,510,5,-5,0,474,0,-1,0,9
775,505,5,-5,0,467,0,-1,0,9
780,500,-5,-5,0,460,0,-1,0,9
775,495,-5,-5,0,460,0,0,0,9
770,490,-5,-5,0,460,0,0,0,9
765,485,-5,-5,0,460,0,0,0,9
760,480,-5,-5,0,460,0,0,0,9
755,475,-5,-5,0,460,0,0,0,9
750,470,-5,-5,0,460,0,0,0,9
745,465,-5,-5,0,460,0,0,0,9
740,460,-5,-5,0,460,0,0,0,9
735,455,-5,-5,0,460,0,0,0,9
730,450,-5,-5,0,460,0,0,0,9
725,445,-5,-5,0,460,0,0,0,9
720,440,-5,-5,0,460,0,0,0,9
715,435,-5,-5,0,460,0,0,0,9
710,430,-5,-5,0,460,0,0,0,9
705,425,-5,-5,0,460,0,0,0,9
700,420,-5,-5,0,460,0,0,0,9
695,415,-5,-5,0,460,0,0,0,9
690,410,-5,-5,0,460,0,0,0,9
685,405,-5,-5,0,460,0,0,0,9
680,400,-5,-5,0,460,0,0,0,9
675,395,-5,-5,0,460,0,0,0,9
670,390,-5,-5,0,460,0,0,0,9
665,385,-5,-5,0,460,0,0,0,9
660,380,-5,-5,0,460,0,0,0,9
655,375,-5,-5,0,460,0,0,0,9
650,370,-5,-5,0,460,0,0,0,9
645,365,-5,-5,0,460,0,0,0,9
640,360,-5,-5,0,460,0,0,0,9
635,355,-5,-5,0,460,0,0,0,9
630,350,-5,-5,0,460,0,0,0,9
625,345,-5,-5,0,460,0,0,0,9
620,340,-5,-5,0,460,0,0,0,9
615,335,-5,-5,0,460,0,0,0,9
610,330,-5,-5,0,460,0,0,0,9
605,325,-5,-5,0,460,0,0,0,9
600,320,-5,-5,0,460,0,0,0,9
595,315,-5,-5,0,460,0,0,0,9
590,310,-5,-5,0,460,0,0,0,9
585,305,-5,-5,0,460,0,0,0,9
580,300,-5,-5,0,460,0,0,0,9
575,295,-5,-5,0,460,0,0,0,9
570,290,-5,-5,0,460,0,0,0,9
565,285,-5,-5,0,460,0,0,0,9
560,280,-5,-5,0,460,0,0,0,9
555,275,-5,-5,0,460,0,0,0,9
550,270,-5,-5,0,460,0,0,0,9
545,265,-5,-5,0,460,0,0,0,9
540,260,-5,-5,0,460,0,0,0,9
535,255,-5,-5,0,460,0,0,0,9
530,250,-5,-5,0,460,0,0,0,9
525,245,-5,-5,0,460,0,0,0,9
520,240,-5,-5,0,460,0,0,0,9
515,235,-5,-5,0,460,0,0,0,9
510,230,-5,-5,0,460,0,0,0,9
505,225,-5,-5,0,460,0,0,0,9
500,220,-5,-5,0,460,0,0,0,9
495,215,-5,-5,0,460,0,0,0,9
490,210,-5,-5,0,460,0,0,0,9
485,205,-5,-5,0,460,0,0,0,9
480,200,-5,-5,0,460,0,0,0,9
475,195,-5,-5,0,460,0,0,0,9
470,190,-5,-5,0,460,0,0,0,9
465,185,-5,-5,0,460,0,0,0,9
460,180,-5,-5,0,460,0,0,0,9
455,175,-5,-5,0,460,0,0,0,9
450,170,-5,-5,0,460,0,0,0,9
445,165,-5,-5,0,460,0,0,0,9
440,160,-5,-5,0,460,0,0,0,9
435,155,-5,-5,0,460,0,0,0,9
430,150,-5,-5,0,460,0,0,0,9
425,145,-5,-5,0,460,0,0,0,9
420,140,-5,-5,0,460,0,0,0,9
415,135,-5,-5,0,460,0,0,0,9
410,130,-5,-5,0,460,0,0,0,9
405,125,-5,-5,0,460,0,0,0,9
400,120,-5,-5,0,460,0,0,0,9
395,115,-5,-5,0,460,0,0,0,9
390,110,-5,-5,0,460,0,0,0,9
385,105,-5,-5,0,460,0,0,0,9
380,100,-5,-5,0,460,0,0,0,9
375,95,-5,-5,0,460,0,0,0,9
370,90,-5,-5,0,460,0,0,0,9
365,85,-5,-5,0,460,0,0,0,9
360,80,-5,-5,0,460,0,0,0,9
355,75,-5,-5,0,460,0,0,0,9
350,70,-5,-5,0,460,0,0,0,9
345,65,-5,-5,0,460,0,0,0,9
340,60,-5,-5,0,460,0,0,0,9
335,55,-5,-5,0,460,0,0,0,9
330,50,-5,-5,0,460,0,0,0,9
325,45,-5,-5,0,460,0,0,0,9
320,40,-5,-5,0,460,0,0,0,9
315,35,-5,-5,0,460,0,0,0,9
310,30,-5,-5,0,460,0,0,0,9
305,25,-5,-5,0,460,0,0,0,9
300,20,-5,-5,0,460,0,0,0,9
295,15,-5,-5,0,460,0,0,0,9
290,10,-5,5,0,460,0,0,0,9
285,15,-5,5,0,460,0,0,0,9
280,20,-5,5,0,460,0,0,0,9
275,25,-5,5,0,460,0,0,0,9
270,30,-5,5,0,460,0,0,0,9
265,35,-5,5,0,460,0,0,0,9
260,40,-5,5,0,460,0,0,0,9
255,45,-5,5,0,460,0,0,0,9
250,50,-5,5,0,460,0,0,0,9
245,55,-5,5,0,460,0,0,0,9
240,60,-5,5,0,460,0,0,0,9
235,65,-5,5,0,460,0,0,0,9
230,70,-5,5,0,460,0,0,0,9
225,75,-5,5,0,460,0,0,0,9
220,80,-5,5,0,460,0,0,0,9
215,85,-5,5,0,460,0,0,0,9
210,90,-5,5,0,460,0,0,0,9
205,95,-5,5,0,460,0,0,0,9
200,100,-5,5,0,460,0,0,0,9
195,105,-5,5,0,460,0,0,0,9
190,110,-5,5,0,460,0,0,0,9
185,115,-5,5,0,460,0,0,0,9
180,120,-5,5,0,460,0,0,0,9
175,125,-5,5,0,460,0,0,0,9
170,130,-5,5,0,460,0,0,0,9
165,135,-5,5,0,460,0,0,0,9
160,140,-5,5,0,460,0,0,0,9
155,145,-5,5,0,460,0,0,0,9
150,150,-5,5,0,460,0,0,0,9
145,155,-5,5,0,460,0,0,0,9
140,160,-5,5,0,460,0,0,0,9
135,165,-5,5,0,460,0,0,0,9
130,170,-5,5,0,460,0,0,0,9
125,175,-5,5,0,460,0,0,0,9
120,180,-5,5,0,460,0,0,0,9
115,185,-5,5,0,460,0,0,0,9
110,190,-5,5,0,460,0,0,0,9
105,195,-5,5,0,460,0,0,0,9
100,200,-5,5,0,460,0,0,0,9
95,205,-5,5,0,460,0,0,0,9
90,210,-5,5,0,460,0,0,0,9
85,215,-5,5,0,460,0,0,0,9
80,220,-5,5,0,460,0,0,0,9
75,225,-5,5,0,460,0,0,0,9
70,230,-5,5,0,460,0,0,0,9
65,235,-5,5,0,460,0,0,0,9
60,240,-5,5,0,460,0,0,0,9
55,245,-5,5,0,460,0,0,0,9
50,250,-5,5,0,460,0,0,0,9
45,255,-5,5,0,460,0,0,0,9
40,260,-5,5,0,460,0,0,0,9
35,265,-5,5,0,460,0,0,0,9
30,270,-5,5,0,460,0,0,0,9
25,275,-5,5,0,460,0,0,0,9
20,280,-5,5,0,460,0,0,0,9
15,285,-5,5,0,460,0,0,0,9
10,290,-5,5,0,460,0,0,0,9
5,295,-5,5,0,460,0,0,0,9
0,300,-5,5,0,460,0,0,0,9
400,300,5,5,0,460,0,0,0,10
405,305,5,5,0,453,0,-1,0,10
410,310,5,5,0,446,0,-1,0,10
415,315,5,5,0,446,0,0,0,10
420,320,5,5,0,439,0,-1,0,10
425,325,5,5,0,432,0,-1,0,10
430,330,5,5,0,425,0,-1,0,10
435,335,5,5,0,418,0,-1,0,10
440,340,5,5,0,411,0,-1,0,10
445,345,5,5,0,404,0,-1,0,10
450,350,5,5,0,397,0,-1,0,10
455,355,5,5,0,390,0,-1,0,10
460,360,5,5,0,383,0,-1,0,10
465,365,5,5,0,376,0,-1,0,10
470,370,5,5,0,369,0,-1,0,10
475,375,5,5,0,362,0,-1,0,10
480,380,5,5,0,355,0,-1,0,10
485,385,5,5,0,348,0,-1,0,10
490,390,5,5,0,341,0,-1,0,10
495,395,5,5,0,334,0,-1,0,10
500,400,5,5,0,341,0,1,0,10
505,405,5,5,0,348,0,1,0,10
510,410,5,5,0,355,0,1,0,10
515,415,5,5,0,362,0,1,0,10
520,420,5,5,0,369,0,1,0,10
525,425,5,5,0,376,0,1,0,10
530,430,5,5,0,369,0,-1,0,10
535,435,5,5,0,376,0,1,0,10
540,440,5,5,0,383,0,1,0,10
545,445,5,5,0,390,0,1,0,10
550,450,5,5,0,397,0,1,0,10
555,455,5,5,0,404,0,1,0,10
560,460,5,5,0,411,0,1,0,10
565,465,5,5,0,404,0,-1,0,10
570,470,5,5,0,411,0,1,0,10
575,475,5,5,0,418,0,1,0,10
580,480,5,5,0,425,0,1,0,10
585,485,5,5,0,432,0,1,0,10
590,490,5,5,0,439,0,1,0,10
595,495,5,5,0,446,0,1,0,10
600,500,5,5,0,439,0,-1,0,10
605,505,5,5,0,446,0,1,0,10
610,510,5,5,0,453,0,1,0,10
615,515,5,5,0,460,0,1,0,10
620,520,5,5,0,467,0,1,0,10
625,525,5,5,0,474,0,1,0,10
630,530,5,5,0,481,0,1,0,10
635,535,5,5,0,474,0,-1,0,10
640,540,5,5,0,481,0,1,0,10
645,545,5,5,0,488,0,1,0,10
650,550,5,5,0,495,0,1,0,10
655,555,5,5,0,502,0,1,0,10
660,560,5,5,0,509,0,1,0,10
665,565,5,5,0,516,0,1,0,10
670,570,5,5,0,516,0,0,0,10
675,575,5,5,0,523,0,1,0,10
680,580,5,5,0,530,0,1,0,10
685,585,5,5,0,530,0,0,0,10
690,590,5,-5,0,537,0,1,0,10
695,585,5,-5,0,544,0,1,0,10
700,580,5,-5,0,537,0,-1,0,10
705,575,5,-5,0,537,0,0,0,10
710,570,5,-5,0,530,0,-1,0,10
715,565,5,-5,0,530,0,0,0,10
720,560,5,-5,0,530,0,0,0,10
725,555,5,-5,0,523,0,-1,0,10
730,550,5,-5,0,516,0,-1,0,10
735,545,5,-5,0,509,0,-1,0,10
740,540,5,-5,0,502,0,-1,0,10
745,535,5,-5,0,495,0,-1,0,10
750,530,5,-5,0,488,0,-1,0,10
755,525,5,-5,0,481,0,-1,0,10
760,520,5,-5,0,474,0,-1,0,10
765,515,5,-5,0,467,0,-1,0,10
770,510,5,-5,0,460,0,-1,0,10
775,505,5,-5,0,460,0,0,0,10
780,500,-5,-5,0,460,0,0,0,10
775,495,-5,-5,0,460,0,0,0,10
770,490,-5,-5,0,460,0,0,0,10
765,485,-5,-5,0,460,0,0,0,10
760,480,-5,-5,0,460,0,0,0,10
755,475,-5,-5,0,460,0,0,0,10
750,470,-5,-5,0,460,0,0,0,10
745,465,-5,-5,0,460,0,0,0,10
740,460,-5,-5,0,460,0,0,0,10
735,455,-5,-5,0,460,0,0,0,10
730,450,-5,-5,0,460,0,0,0,10
725,445,-5,-5,0,460,0,0,0,10
720,440,-5,-5,0,460,0,0,0,10
715,435,-5,-5,0,460,0,0,0,10
710,430,-5,-5,0,460,0,0,0,10
705,425,-5,-5,0,460,0,0,0,10
700,420,-5,-5,0,460,0,0,0,10
695,415,-5,-5,0,460,0,0,0,10
690,410,-5,-5,0,460,0,0,0,10
685,405,-5,-5,0,460,0,0,0,10
680,400,-5,-5,0,460,0,0,0,10
675,395,-5,-5,0,460,0,0,0,10
670,390,-5,-5,0,460,0,0,0,10
665,385,-5,-5,0,460,0,0,0,10
660,380,-5,-5,0,460,0,0,0,10
655,375,-5,-5,0,460,0,0,0,10
650,370,-5,-5,0,460,0,0,0,10
645,365,-5,-5,0,460,0,0,0,10
640,360,-5,-5,0,460,0,0,0,10
635,355,-5,-5,0,460,0,0,0,10
630,350,-5,-5,0,460,0,0,0,10
625,345,-5,-5,0,460,0,0,0,10
620,340,-5,-5,0,460,0,0,0,10
615,335,-5,-5,0,460,0,0,0,10
610,330,-5,-5,0,460,0,0,0,10
605,325,-5,-5,0,460,0,0,0,10
600,320,-5,-5,0,460,0,0,0,10
595,315,-5,-5,0,460,0,0,0,10
590,310,-5,-5,0,460,0,0,0,10
585,305,-5,-5,0,460,0,0,0,10
580,300,-5,-5,0,460,0,0,0,10
575,295,-5,-5,0,460,0,0,0,10
570,290,-5,-5,0,460,0,0,0,10
565,285,-5,-5,0,460,0,0,0,10
560,280,-5,-5,0,460,0,0,0,10
555,275,-5,-5,0,460,0,0,0,10
550,270,-5,-5,0,460,0,0,0,10
545,265,-5,-5,0,460,0,0,0,10
540,260,-5,-5,0,460,0,0,0,10
535,255,-5,-5,0,460,0,0,0,10
530,250,-5,-5,0,460,0,0,0,10
525,245,-5,-5,0,460,0,0,0,10
520,240,-5,-5,0,460,0,0,0,10
515,235,-5,-5,0,460,0,0,0,10
510,230,-5,-5,0,460,0,0,0,10
505,225,-5,-5,0,460,0,0,0,10
500,220,-5,-5,0,460,0,0,0,10
495,215,-5,-5,0,460,0,0,0,10
490,210,-5,-5,0,460,0,0,0,10
485,205,-5,-5,0,460,0,0,0,10
480,200,-5,-5,0,460,0,0,0,10
475,195,-5,-5,0,460,0,0,0,10
470,190,-5,-5,0,460,0,0,0,10
465,185,-5,-5,0,460,0,0,0,10
460,180,-5,-5,0,460,0,0,0,10
455,175,-5,-5,0,460,0,0,0,10
450,170,-5,-5,0,460,0,0,0,10
445,165,-5,-5,0,460,0,0,0,10
440,160,-5,-5,0,460,0,0,0,10
435,155,-5,-5,0,460,0,0,0,10
430,150,-5,-5,0,460,0,0,0,10
425,145,-5,-5,0,460,0,0,0,10
420,140,-5,-5,0,460,0,0,0,10
415,135,-5,-5,0,460,0,0,0,10
410,130,-5,-5,0,460,0,0,0,10
405,125,-5,-5,0,460,0,0,0,10
400,120,-5,-5,0,460,0,0,0,10
395,115,-5,-5,0,460,0,0,0,10
390,110,-5,-5,0,460,0,0,0,10
385,105,-5,-5,0,460,0,0,0,10
380,100,-5,-5,0,460,0,0,0,10
375,95,-5,-5,0,460,0,0,0,10
370,90,-5,-5,0,460,0,0,0,10
365,85,-5,-5,0,460,0,0,0,10
360,80,-5,-5,0,460,0,0,0,10
355,75,-5,-5,0,460,0,0,0,10
350,70,-5,-5,0,460,0,0,0,10
345,65,-5,-5,0,460,0,0,0,10
340,60,-5,-5,0,460,0,0,0,10
335,55,-5,-5,0,460,0,0,0,10
330,50,-5,-5,0,460,0,0,0,10
325,45,-5,-5,0,460,0,0,0,10
320,40,-5,-5,0,460,0,0,0,10
315,35,-5,-5,0,460,0,0,0,10
310,30,-5,-5,0,460,0,0,0,10
305,25,-5,-5,0,460,0,0,0,10
300,20,-5,-5,0,460,0,0,0,10
295,15,-5,-5,0,460,0,0,0,10
290,10,-5,5,0,460,0,0,0,10
285,15,-5,5,0,460,0,0,0,10
280,20,-5,5,0,460,0,0,0,10
275,25,-5,5,0,460,0,0,0,10
270,30,-5,5,0,460,0,0,0,10
265,35,-5,5,0,460,0,0,0,10
260,40,-5,5,0,460,0,0,0,10
255,45,-5,5,0,460,0,0,0,10
250,50,-5,5,0,460,0,0,0,10
245,55,-5,5,0,460,0,0,0,10
240,60,-5,5,0,460,0,0,0,10
235,65,-5,5,0,460,0,0,0,10
230,70,-5,5,0,460,0,0,0,10
225,75,-5,5,0,460,0,0,0,10
220,80,-5,5,0,460,0,0,0,10
215,85,-5,5,0,460,0,0,0,10
210,90,-5,5,0,460,0,0,0,10
205,95,-5,5,0,460,0,0,0,10
200,100,-5,5,0,460,0,0,0,10
195,105,-5,5,0,460,0,0,0,10
190,110,-5,5,0,460,0,0,0,10
185,115,-5,5,0,460,0,0,0,10
180,120,-5,5,0,460,0,0,0,10
175,125,-5,5,0,460,0,0,0,10
170,130,-5,5,0,460,0,0,0,10
165,135,-5,5,0,460,0,0,0,10
160,140,-5,5,0,460,0,0,0,10
155,145,-5,5,0,460,0,0,0,10
150,150,-5,5,0,460,0,0,0,10
145,155,-5,5,0,460,0,0,0,10
140,160,-5,5,0,460,0,0,0,10
135,165,-5,5,0,460,0,0,0,10
130,170,-5,5,0,460,0,0,0,10
125,175,-5,5,0,460,0,0,0,10
120,180,-5,5,0,460,0,0,0,10
115,185,-5,5,0,460,0,0,0,10
110,190,-5,5,0,460,0,0,0,10
105,195,-5,5,0,460,0,0,0,10
100,200,-5,5,0,460,0,0,0,10
95,205,-5,5,0,460,0,0,0,10
90,210,-5,5,0,460,0,0,0,10
85,215,-5,5,0,460,0,0,0,10
80,220,-5,5,0,460,0,0,0,10
75,225,-5,5,0,460,0,0,0,10
70,230,-5,5,0,460,0,0,0,10
65,235,-5,5,0,460,0,0,0,10
60,240,-5,5,0,460,0,0,0,10
55,245,-5,5,0,460,0,0,0,10
50,250,-5,5,0,460,0,0,0,10
45,255,-5,5,0,460,0,0,0,10
40,260,-5,5,0,460,0,0,0,10
35,265,-5,5,0,460,0,0,0,10
30,270,-5,5,0,460,0,0,0,10
25,275,-5,5,0,460,0,0,0,10
20,280,-5,5,0,460,0,0,0,10
15,285,-5,5,0,460,0,0,0,10
10,290,-5,5,0,460,0,0,0,10
5,295,-5,5,0,460,0,0,0,10
0,300,-5,5,0,460,0,0,0,10
400,300,5,5,0,460,0,0,0,11
405,305,5,5,0,453,0,-1,0,11
410,310,5,5,0,446,0,-1,0,11
415,315,5,5,0,439,0,-1,0,11
420,320,5,5,0,432,0,-1,0,11
425,325,5,5,0,425,0,-1,0,11
430,330,5,5,0,418,0,-1,0,11
435,335,5,5,0,411,0,-1,0,11
440,340,5,5,0,404,0,-1,0,11
445,345,5,5,0,397,0,-1,0,11
450,350,5,5,0,390,0,-1,0,11
455,355,5,5,0,390,0,0,0,11
460,360,5,5,0,383,0,-1,0,11
465,365,5,5,0,376,0,-1,0,11
470,370,5,5,0,376,0,0,0,11
475,375,5,5,0,369,0,-1,0,11
480,380,5,5,0,362,0,-1,0,11
485,385,5,5,0,355,0,-1,0,11
490,390,5,5,0,348,0,-1,0,11
495,395,5,5,0,348,0,0,0,11
500,400,5,5,0,341,0,-1,0,11
505,405,5,5,0,348,0,1,0,11
510,410,5,5,0,355,0,1,0,11
515,415,5,5,0,355,0,0,0,11
520,420,5,5,0,362,0,1,0,11
525,425,5,5,0,369,0,1,0,11
530,430,5,5,0,376,0,1,0,11
535,435,5,5,0,383,0,1,0,11
540,440,5,5,0,390,0,1,0,11
545,445,5,5,0,390,0,0,0,11
550,450,5,5,0,390,0,0,0,11
555,455,5,5,0,397,0,1,0,11
560,460,5,5,0,404,0,1,0,11
565,465,5,5,0,411,0,1,0,11
570,470,5,5,0,418,0,1,0,11
575,475,5,5,0,425,0,1,0,11
580,480,5,5,0,425,0,0,0,11
585,485,5,5,0,432,0,1,0,11
590,490,5,5,0,439,0,1,0,11
595,495,5,5,0,446,0,1,0,11
600,500,5,5,0,439,0,-1,0,11
605,505,5,5,0,446,0,1,0,11
610,510,5,5,0,453,0,1,0,11
615,515,5,5,0,460,0,1,0,11
620,520,5,5,0,467,0,1,0,11
625,525,5,5,0,474,0,1,0,11
630,530,5,5,0,481,0,1,0,11
635,535,5,5,0,474,0,-1,0,11
640,540,5,5,0,481,0,1,0,11
645,545,5,5,0,488,0,1,0,11
650,550,5,5,0,495,0,1,0,11
655,555,5,5,0,502,0,1,0,11
660,560,5,5,0,502,0,0,0,11
665,565,5,5,0,509,0,1,0,11
670,570,5,5,0,516,0,1,0,11
675,575,5,5,0,523,0,1,0,11
680,580,5,5,0,530,0,1,0,11
685,585,5,5,0,530,0,0,0,11
690,590,5,-5,0,537,0,1,0,11
695,585,5,-5,0,544,0,1,0,11
700,580,5,-5,0,544,0,0,0,11
705,575,5,-5,0,544,0,0,0,11
710,570,5,-5,0,537,0,-1,0,11
715,565,5,-5,0,530,0,-1,0,11
720,560,5,-5,0,523,0,-1,0,11
725,555,5,-5,0,516,0,-1,0,11
730,550,5,-5,0,509,0,-1,0,11
735,545,5,-5,0,502,0,-1,0,11
740,540,5,-5,0,495,0,-1,0,11
745,535,5,-5,0,488,0,-1,0,11
750,530,5,-5,0,481,0,-1,0,11
755,525,5,-5,0,481,0,0,0,11
760,520,5,-5,0,474,0,-1,0,11
765,515,5,-5,0,467,0,-1,0,11
770,510,5,-5,0,460,0,-1,0,11
775,505,5,-5,0,460,0,0,0,11
780,500,-5,-5,0,453,0,-1,0,11
775,495,-5,-5,0,453,0,0,0,11
770,490,-5,-5,0,453,0,0,0,11
765,485,-5,-5,0,453,0,0,0,11
760,480,-5,-5,0,453,0,0,0,11
755,475,-5,-5,0,453,0,0,0,11
750,470,-5,-5,0,453,0,0,0,11
745,465,-5,-5,0,453,0,0,0,11
740,460,-5,-5,0,453,0,0,0,11
735,455,-5,-5,0,453,0,0,0,11
730,450,-5,-5,0,453,0,0,0,11
725,445,-5,-5,0,453,0,0,0,11
720,440,-5,-5,0,453,0,0,0,11
715,435,-5,-5,0,453,0,0,0,11
710,430,-5,-5,0,453,0,0,0,11
705,425,-5,-5,0,453,0,0,0,11
700,420,-5,-5,0,453,0,0,0,11
695,415,-5,-5,0,453,0,0,0,11
690,410,-5,-5,0,453,0,0,0,11
685,405,-5,-5,0,453,0,0,0,11
680,400,-5,-5,0,453,0,0,0,11
675,395,-5,-5,0,453,0,0,0,11
670,390,-5,-5,0,453,0,0,0,11
665,385,-5,-5,0,453,0,0,0,11
660,380,-5,-5,0,453,0,0,0,11
655,375,-5,-5,0,453,0,0,0,11
650,370,-5,-5,0,453,0,0,0,11
645,365,-5,-5,0,453,0,0,0,11
640,360,-5,-5,0,453,0,0,0,11
635,355,-5,-5,0,453,0,0,0,11
630,350,-5,-5,0,453,0,0,0,11
625,345,-5,-5,0,453,0,0,0,11
620,340,-5,-5,0,453,0,0,0,11
615,335,-5,-5,0,453,0,0,0,11
610,330,-5,-5,0,453,0,0,0,11
605,325,-5,-5,0,453,0,0,0,11
600,320,-5,-5,0,453,0,0,0,11
595,315,-5,-5,0,453,0,0,0,11
590,310,-5,-5,0,453,0,0,0,11
585,305,-5,-5,0,453,0,0,0,11
580,300,-5,-5,0,453,0,0,0,11
575,295,-5,-5,0,453,0,0,0,11
570,290,-5,-5,0,453,0,0,0,11
565,285,-5,-5,0,453,0,0,0,11
560,280,-5,-5,0,453,0,0,0,11
555,275,-5,-5,0,453,0,0,0,11
550,270,-5,-5,0,453,0,0,0,11
545,265,-5,-5,0,453,0,0,0,11
540,260,-5,-5,0,453,0,0,0,11
535,255,-5,-5,0,453,0,0,0,11
530,250,-5,-5,0,453,0,0,0,11
525,245,-5,-5,0,453,0,0,0,11
520,240,-5,-5,0,453,0,0,0,11
515,235,-5,-5,0,453,0,0,0,11
510,230,-5,-5,0,453,0,0,0,11
505,225,-5,-5,0,453,0,0,0,11
500,220,-5,-5,0,453,0,0,0,11
495,215,-5,-5,0,453,0,0,0,11
490,210,-5,-5,0,453,0,0,0,11
485,205,-5,-5,0,453,0,0,0,11
480,200,-5,-5,0,453,0,0,0,11
475,195,-5,-5,0,453,0,0,0,11
470,190,-5,-5,0,453,0,0,0,11
465,185,-5,-5,0,453,0,0,0,11
460,180,-5,-5,0,453,0,0,0,11
455,175,-5,-5,0,453,0,0,0,11
450,170,-5,-5,0,453,0,0,0,11
445,165,-5,-5,0,453,0,0,0,11
440,160,-5,-5,0,453,0,0,0,11
435,155,-5,-5,0,453,0,0,0,11
430,150,-5,-5,0,453,0,0,0,11
425,145,-5,-5,0,453,0,0,0,11
420,140,-5,-5,0,453,0,0,0,11
415,135,-5,-5,0,453,0,0,0,11
410,130,-5,-5,0,453,0,0,0,11
405,125,-5,-5,0,453,0,0,0,11
400,120,-5,-5,0,453,0,0,0,11
395,115,-5,-5,0,453,0,0,0,11
390,110,-5,-5,0,453,0,0,0,11
385,105,-5,-5,0,453,0,0,0,11
380,100,-5,-5,0,453,0,0,0,11
375,95,-5,-5,0,453,0,0,0,11
370,90,-5,-5,0,453,0,0,0,11
365,85,-5,-5,0,453,0,0,0,11
360,80,-5,-5,0,453,0,0,0,11
355,75,-5,-5,0,453,0,0,0,11
350,70,-5,-5,0,453,0,0,0,11
345,65,-5,-5,0,453,0,0,0,11
340,60,-5,-5,0,453,0,0,0,11
335,55,-5,-5,0,453,0,0,0,11
330,50,-5,-5,0,453,0,0,0,11
325,45,-5,-5,0,453,0,0,0,11
320,40,-5,-5,0,453,0,0,0,11
315,35,-5,-5,0,453,0,0,0,11
310,30,-5,-5,0,453,0,0,0,11
305,25,-5,-5,0,453,0,0,0,11
300,20,-5,-5,0,453,0,0,0,11
295,15,-5,-5,0,453,0,0,0,11
290,10,-5,5,0,453,0,0,0,11
285,15,-5,5,0,453,0,0,0,11
280,20,-5,5,0,453,0,0,0,11
275,25,-5,5,0,453,0,0,0,11
270,30,-5,5,0,453,0,0,0,11
265,35,-5,5,0,453,0,0,0,11
260,40,-5,5,0,453,0,0,0,11
255,45,-5,5,0,453,0,0,0,11
250,50,-5,5,0,453,0,0,0,11
245,55,-5,5,0,453,0,0,0,11
240,60,-5,5,0,453,0,0,0,11
235,65,-5,5,0,453,0,0,0,11
230,70,-5,5,0,453,0,0,0,11
225,75,-5,5,0,453,0,0,0,11
220,80,-5,5,0,453,0,0,0,11
215,85,-5,5,0,453,0,0,0,11
210,90,-5,5,0,453,0,0,0,11
205,95,-5,5,0,453,0,0,0,11
200,100,-5,5,0,453,0,0,0,11
195,105,-5,5,0,453,0,0,0,11
190,110,-5,5,0,453,0,0,0,11
185,115,-5,5,0,453,0,0,0,11
180,120,-5,5,0,453,0,0,0,11
175,125,-5,5,0,453,0,0,0,11
170,130,-5,5,0,453,0,0,0,11
165,135,-5,5,0,453,0,0,0,11
160,140,-5,5,0,453,0,0,0,11
155,145,-5,5,0,453,0,0,0,11
150,150,-5,5,0,453,0,0,0,11
145,155,-5,5,0,453,0,0,0,11
140,160,-5,5,0,453,0,0,0,11
135,165,-5,5,0,453,0,0,0,11
130,170,-5,5,0,453,0,0,0,11
125,175,-5,5,0,453,0,0,0,11
120,180,-5,5,0,453,0,0,0,11
115,185,-5,5,0,453,0,0,0,11
110,190,-5,5,0,453,0,0,0,11
105,195,-5,5,0,453,0,0,0,11
100,200,-5,5,0,453,0,0,0,11
95,205,-5,5,0,453,0,0,0,11
90,210,-5,5,0,453,0,0,0,11
85,215,-5,5,0,453,0,0,0,11
80,220,-5,5,0,453,0,0,0,11
75,225,-5,5,0,453,0,0,0,11
70,230,-5,5,0,453,0,0,0,11
65,235,-5,5,0,453,0,0,0,11
60,240,-5,5,0,453,0,0,0,11
55,245,-5,5,0,453,0,0,0,11
50,250,-5,5,0,453,0,0,0,11
45,255,-5,5,0,453,0,0,0,11
40,260,-5,5,0,453,0,0,0,11
35,265,-5,5,0,453,0,0,0,11
30,270,-5,5,0,453,0,0,0,11
25,275,-5,5,0,453,0,0,0,11
20,280,-5,5,0,453,0,0,0,11
15,285,-5,5,0,453,0,0,0,11
10,290,-5,5,0,453,0,0,0,11
5,295,-5,5,0,453,0,0,0,11
0,300,-5,5,0,453,0,0,0,11
400,300,5,5,0,453,0,0,0,12
405,305,5,5,0,446,0,-1,0,12
410,310,5,5,0,439,0,-1,0,12
415,315,5,5,0,432,0,-1,0,12
420,320,5,5,0,425,0,-1,0,12
425,325,5,5,0,418,0,-1,0,12
430,330,5,5,0,411,0,-1,0,12
435,335,5,5,0,404,0,-1,0,12
440,340,5,5,0,397,0,-1,0,12
445,345,5,5,0,390,0,-1,0,12
450,350,5,5,0,383,0,-1,0,12
455,355,5,5,0,376,0,-1,0,12
460,360,5,5,0,376,0,0,0,12
465,365,5,5,0,369,0,-1,0,12
470,370,5,5,0,362,0,-1,0,12
475,375,5,5,0,355,0,-1,0,12
480,380,5,5,0,355,0,0,0,12
485,385,5,5,0,348,0,-1,0,12
490,390,5,5,0,348,0,0,0,12
495,395,5,5,0,341,0,-1,0,12
500,400,5,5,0,348,0,1,0,12
505,405,5,5,0,348,0,0,0,12
510,410,5,5,0,355,0,1,0,12
515,415,5,5,0,362,0,1,0,12
520,420,5,5,0,369,0,1,0,12
525,425,5,5,0,376,0,1,0,12
530,430,5,5,0,369,0,-1,0,12
535,435,5,5,0,376,0,1,0,12
540,440,5,5,0,383,0,1,0,12
545,445,5,5,0,390,0,1,0,12
550,450,5,5,0,390,0,0,0,12
555,455,5,5,0,397,0,1,0,12
560,460,5,5,0,404,0,1,0,12
565,465,5,5,0,411,0,1,0,12
570,470,5,5,0,418,0,1,0,12
575,475,5,5,0,425,0,1,0,12
580,480,5,5,0,425,0,0,0,12
585,485,5,5,0,432,0,1,0,12
590,490,5,5,0,439,0,1,0,12
595,495,5,5,0,446,0,1,0,12
600,500,5,5,0,439,0,-1,0,12
605,505,5,5,0,446,0,1,0,12
610,510,5,5,0,453,0,1,0,12
615,515,5,5,0,460,0,1,0,12
620,520,5,5,0,467,0,1,0,12
625,525,5,5,0,474,0,1,0,12
630,530,5,5,0,481,0,1,0,12
635,535,5,5,0,474,0,-1,0,12
640,540,5,5,0,481,0,1,0,12
645,545,5,5,0,488,0,1,0,12
650,550,5,5,0,495,0,1,0,12
655,555,5,5,0,502,0,1,0,12
660,560,5,5,0,509,0,1,0,12
665,565,5,5,0,516,0,1,0,12
670,570,5,5,0,509,0,-1,0,12
675,575,5,5,0,516,0,1,0,12
680,580,5,5,0,523,0,1,0,12
685,585,5,5,0,530,0,1,0,12
690,590,5,-5,0,537,0,1,0,12
695,585,5,-5,0,544,0,1,0,12
700,580,5,-5,0,537,0,-1,0,12
705,575,5,-5,0,530,0,-1,0,12
710,570,5,-5,0,530,0,0,0,12
715,565,5,-5,0,530,0,0,0,12
720,560,5,-5,0,530,0,0,0,12
725,555,5,-5,0,523,0,-1,0,12
730,550,5,-5,0,516,0,-1,0,12
735,545,5,-5,0,509,0,-1,0,12
740,540,5,-5,0,502,0,-1,0,12
745,535,5,-5,0,495,0,-1,0,12
750,530,5,-5,0,488,0,-1,0,12
755,525,5,-5,0,488,0,0,0,12
760,520,5,-5,0,481,0,-1,0,12
765,515,5,-5,0,474,0,-1,0,12
770,510,5,-5,0,467,0,-1,0,12
775,505,5,-5,0,460,0,-1,0,12
780,500,-5,-5,0,460,0,0,0,12
775,495,-5,-5,0,460,0,0,0,12
770,490,-5,-5,0,460,0,0,0,12
765,485,-5,-5,0,460,0,0,0,12
760,480,-5,-5,0,460,0,0,0,12
755,475,-5,-5,0,460,0,0,0,12
750,470,-5,-5,0,460,0,0,0,12
745,465,-5,-5,0,460,0,0,0,12
740,460,-5,-5,0,460,0,0,0,12
735,455,-5,-5,0,460,0,0,0,12
730,450,-5,-5,0,460,0,0,0,12
725,445,-5,-5,0,460,0,0,0,12
720,440,-5,-5,0,460,0,0,0,12
715,435,-5,-5,0,460,0,0,0,12
710,430,-5,-5,0,460,0,0,0,12
705,425,-5,-5,0,460,0,0,0,12
700,420,-5,-5,0,460,0,0,0,12
695,415,-5,-5,0,460,0,0,0,12
690,410,-5,-5,0,460,0,0,0,12
685,405,-5,-5,0,460,0,0,0,12
680,400,-5,-5,0,460,0,0,0,12
675,395,-5,-5,0,460,0,0,0,12
670,390,-5,-5,0,460,0,0,0,12
665,385,-5,-5,0,460,0,0,0,12
660,380,-5,-5,0,460,0,0,0,12
655,375,-5,-5,0,460,0,0,0,12
650,370,-5,-5,0,460,0,0,0,12
645,365,-5,-5,0,460,0,0,0,12
640,360,-5,-5,0,460,0,0,0,12
635,355,-5,-5,0,460,0,0,0,12
630,350,-5,-5,0,460,0,0,0,12
625,345,-5,-5,0,460,0,0,0,12
620,340,-5,-5,0,460,0,0,0,12
615,335,-5,-5,0,460,0,0,0,12
610,330,-5,-5,0,460,0,0,0,12
605,325,-5,-5,0,460,0,0,0,12
600,320,-5,-5,0,460,0,0,0,12
595,315,-5,-5,0,460,0,0,0,12
590,310,-5,-5,0,460,0,0,0,12
585,305,-5,-5,0,460,0,0,0,12
580,300,-5,-5,0,460,0,0,0,12
575,295,-5,-5,0,460,0,0,0,12
570,290,-5,-5,0,460,0,0,0,12
565,285,-5,-5,0,460,0,0,0,12
560,280,-5,-5,0,460,0,0,0,12
555,275,-5,-5,0,460,0,0,0,12
550,270,-5,-5,0,460,0,0,0,12
545,265,-5,-5,0,460,0,0,0,12
540,260,-5,-5,0,460,0,0,0,12
535,255,-5,-5,0,460,0,0,0,12
530,250,-5,-5,0,460,0,0,0,12
525,245,-5,-5,0,460,0,0,0,12
520,240,-5,-5,0,460,0,0,0,12
515,235,-5,-5,0,460,0,0,0,12
510,230,-5,-5,0,460,0,0,0,12
505,225,-5,-5,0,460,0,0,0,12
500,220,-5,-5,0,460,0,0,0,12
495,215,-5,-5,0,460,0,0,0,12
490,210,-5,-5,0,460,0,0,0,12
485,205,-5,-5,0,460,0,0,0,12
480,200,-5,-5,0,460,0,0,0,12
475,195,-5,-5,0,460,0,0,0,12
470,190,-5,-5,0,460,0,0,0,12
465,185,-5,-5,0,460,0,0,0,12
460,180,-5,-5,0,460,0,0,0,12
455,175,-5,-5,0,460,0,0,0,12
450,170,-5,-5,0,460,0,0,0,12
445,165,-5,-5,0,460,0,0,0,12
440,160,-5,-5,0,460,0,0,0,12
435,155,-5,-5,0,460,0,0,0,12
430,150,-5,-5,0,460,0,0,0,12
425,145,-5,-5,0,460,0,0,0,12
420,140,-5,-5,0,460,0,0,0,12
415,135,-5,-5,0,460,0,0,0,12
410,130,-5,-5,0,460,0,0,0,12
405,125,-5,-5,0,460,0,0,0,12
400,120,-5,-5,0,460,0,0,0,12
395,115,-5,-5,0,460,0,0,0,12
390,110,-5,-5,0,460,0,0,0,12
385,105,-5,-5,0,460,0,0,0,12
380,100,-5,-5,0,460,0,0,0,12
375,95,-5,-5,0,460,0,0,0,12
370,90,-5,-5,0,460,0,0,0,12
365,85,-5,-5,0,460,0,0,0,12
360,80,-5,-5,0,460,0,0,0,12
355,75,-5,-5,0,460,0,0,0,12
350,70,-5,-5,0,460,0,0,0,12
345,65,-5,-5,0,460,0,0,0,12
340,60,-5,-5,0,460,0,0,0,12
335,55,-5,-5,0,460,0,0,0,12
330,50,-5,-5,0,460,0,0,0,12
325,45,-5,-5,0,460,0,0,0,12
320,40,-5,-5,0,460,0,0,0,12
315,35,-5,-5,0,460,0,0,0,12
310,30,-5,-5,0,460,0,0,0,12
305,25,-5,-5,0,460,0,0,0,12
300,20,-5,-5,0,460,0,0,0,12
295,15,-5,-5,0,460,0,0,0,12
290,10,-5,5,0,460,0,0,0,12
285,15,-5,5,0,460,0,0,0,12
280,20,-5,5,0,460,0,0,0,12
275,25,-5,5,0,460,0,0,0,12
270,30,-5,5,0,460,0,0,0,12
265,35,-5,5,0,460,0,0,0,12
260,40,-5,5,0,460,0,0,0,12
255,45,-5,5,0,460,0,0,0,12
250,50,-5,5,0,460,0,0,0,12
245,55,-5,5,0,460,0,0,0,12
240,60,-5,5,0,460,0,0,0,12
235,65,-5,5,0,460,0,0,0,12
230,70,-5,5,0,460,0,0,0,12
225,75,-5,5,0,460,0,0,0,12
220,80,-5,5,0,460,0,0,0,12
215,85,-5,5,0,460,0,0,0,12
210,90,-5,5,0,460,0,0,0,12
205,95,-5,5,0,460,0,0,0,12
200,100,-5,5,0,460,0,0,0,12
195,105,-5,5,0,460,0,0,0,12
190,110,-5,5,0,460,0,0,0,12
185,115,-5,5,0,460,0,0,0,12
180,120,-5,5,0,460,0,0,0,12
175,125,-5,5,0,460,0,0,0,12
170,130,-5,5,0,460,0,0,0,12
165,135,-5,5,0,460,0,0,0,12
160,140,-5,5,0,460,0,0,0,12
155,145,-5,5,0,460,0,0,0,12
150,150,-5,5,0,460,0,0,0,12
145,155,-5,5,0,460,0,0,0,12
140,160,-5,5,0,460,0,0,0,12
135,165,-5,5,0,460,0,0,0,12
130,170,-5,5,0,460,0,0,0,12
125,175,-5,5,0,460,0,0,0,12
120,180,-5,5,0,460,0,0,0,12
115,185,-5,5,0,460,0,0,0,12
110,190,-5,5,0,460,0,0,0,12
105,195,-5,5,0,460,0,0,0,12
100,200,-5,5,0,460,0,0,0,12
95,205,-5,5,0,460,0,0,0,12
90,210,-5,5,0,460,0,0,0,12
85,215,-5,5,0,460,0,0,0,12
80,220,-5,5,0,460,0,0,0,12
75,225,-5,5,0,460,0,0,0,12
70,230,-5,5,0,460,0,0,0,12
65,235,-5,5,0,460,0,0,0,12
60,240,-5,5,0,460,0,0,0,12
55,245,-5,5,0,460,0,0,0,12
50,250,-5,5,0,460,0,0,0,12
45,255,-5,5,0,460,0,0,0,12
40,260,-5,5,0,460,0,0,0,12
35,265,-5,5,0,460,0,0,0,12
30,270,-5,5,0,460,0,0,0,12
25,275,-5,5,0,460,0,0,0,12
20,280,-5,5,0,460,0,0,0,12
15,285,-5,5,0,460,0,0,0,12
10,290,-5,5,0,460,0,0,0,12
5,295,-5,5,0,460,0,0,0,12
0,300,-5,5,0,460,0,0,0,12
400,300,5,5,0,460,0,0,0,13
405,305,5,5,0,453,0,-1,0,13
410,310,5,5,0,453,0,0,0,13
415,315,5,5,0,446,0,-1,0,13
420,320,5,5,0,439,0,-1,0,13
425,325,5,5,0,439,0,0,0,13
430,330,5,5,0,432,0,-1,0,13
435,335,5,5,0,425,0,-1,0,13
440,340,5,5,0,418,0,-1,0,13
445,345,5,5,0,411,0,-1,0,13
450,350,5,5,0,404,0,-1,0,13
455,355,5,5,0,397,0,-1,0,13
460,360,5,5,0,390,0,-1,0,13
465,365,5,5,0,383,0,-1,0,13
470,370,5,5,0,383,0,0,0,13
475,375,5,5,0,376,0,-1,0,13
480,380,5,5,0,369,0,-1,0,13
485,385,5,5,0,362,0,-1,0,13
490,390,5,5,0,355,0,-1,0,13
495,395,5,5,0,348,0,-1,0,13
500,400,5,5,0,341,0,-1,0,13
505,405,5,5,0,348,0,1,0,13
510,410,5,5,0,355,0,1,0,13
515,415,5,5,0,362,0,1,0,13
520,420,5,5,0,369,0,1,0,13
525,425,5,5,0,376,0,1,0,13
530,430,5,5,0,369,0,-1,0,13
535,435,5,5,0,376,0,1,0,13
540,440,5,5,0,383,0,1,0,13
545,445,5,5,0,383,0,0,0,13
550,450,5,5,0,390,0,1,0,13
555,455,5,5,0,397,0,1,0,13
560,460,5,5,0,404,0,1,0,13
565,465,5,5,0,411,0,1,0,13
570,470,5,5,0,418,0,1,0,13
575,475,5,5,0,425,0,1,0,13
580,480,5,5,0,425,0,0,0,13
585,485,5,5,0,432,0,1,0,13
590,490,5,5,0,439,0,1,0,13
595,495,5,5,0,446,0,1,0,13
600,500,5,5,0,439,0,-1,0,13
605,505,5,5,0,439,0,0,0,13
610,510,5,5,0,446,0,1,0,13
615,515,5,5,0,453,0,1,0,13
620,520,5,5,0,460,0,1,0,13
625,525,5,5,0,467,0,1,0,13
630,530,5,5,0,474,0,1,0,13
635,535,5,5,0,481,0,1,0,13
640,540,5,5,0,488,0,1,0,13
645,545,5,5,0,495,0,1,0,13
650,550,5,5,0,495,0,0,0,13
655,555,5,5,0,502,0,1,0,13
660,560,5,5,0,509,0,1,0,13
665,565,5,5,0,516,0,1,0,13
670,570,5,5,0,509,0,-1,0,13
675,575,5,5,0,516,0,1,0,13
680,580,5,5,0,523,0,1,0,13
685,585,5,5,0,530,0,1,0,13
690,590,5,-5,0,537,0,1,0,13
695,585,5,-5,0,544,0,1,0,13
700,580,5,-5,0,544,0,0,0,13
705,575,5,-5,0,537,0,-1,0,13
710,570,5,-5,0,530,0,-1,0,13
715,565,5,-5,0,523,0,-1,0,13
720,560,5,-5,0,516,0,-1,0,13
725,555,5,-5,0,509,0,-1,0,13
730,550,5,-5,0,502,0,-1,0,13
735,545,5,-5,0,495,0,-1,0,13
740,540,5,-5,0,495,0,0,0,13
745,535,5,-5,0,488,0,-1,0,13
750,530,5,-5,0,481,0,-1,0,13
755,525,5,-5,0,474,0,-1,0,13
760,520,5,-5,0,481,0,1,0,13
765,515,5,-5,0,474,0,-1,0,13
770,510,5,-5,0,467,0,-1,0,13
775,505,5,-5,0,460,0,-1,0,13
780,500,-5,-5,0,453,0,-1,0,13
775,495,-5,-5,0,453,0,0,0,13
770,490,-5,-5,0,453,0,0,0,13
765,485,-5,-5,0,453,0,0,0,13
760,480,-5,-5,0,453,0,0,0,13
755,475,-5,-5,0,453,0,0,0,13
750,470,-5,-5,0,453,0,0,0,13
745,465,-5,-5,0,453,0,0,0,13
740,460,-5,-5,0,453,0,0,0,13
735,455,-5,-5,0,453,0,0,0,13
730,450,-5,-5,0,453,0,0,0,13
725,445,-5,-5,0,453,0,0,0,13
720,440,-5,-5,0,453,0,0,0,13
715,435,-5,-5,0,453,0,0,0,13
710,430,-5,-5,0,453,0,0,0,13
705,425,-5,-5,0,453,0,0,0,13
700,420,-5,-5,0,453,0,0,0,13
695,415,-5,-5,0,453,0,0,0,13
690,410,-5,-5,0,453,0,0,0,13
685,405,-5,-5,0,453,0,0,0,13
680,400,-5,-5,0,453,0,0,0,13
675,395,-5,-5,0,453,0,0,0,13
670,390,-5,-5,0,453,0,0,0,13
665,385,-5,-5,0,453,0,0,0,13
660,380,-5,-5,0,453,0,0,0,13
655,375,-5,-5,0,453,0,0,0,13
650,370,-5,-5,0,453,0,0,0,13
645,365,-5,-5,0,453,0,0,0,13
640,360,-5,-5,0,453,0,0,0,13
635,355,-5,-5,0,453,0,0,0,13
630,350,-5,-5,0,453,0,0,0,13
625,345,-5,-5,0,453,0,0,0,13
620,340,-5,-5,0,453,0,0,0,13
615,335,-5,-5,0,453,0,0,0,13
610,330,-5,-5,0,453,0,0,0,13
605,325,-5,-5,0,453,0,0,0,13
600,320,-5,-5,0,453,0,0,0,13
595,315,-5,-5,0,453,0,0,0,13
590,310,-5,-5,0,453,0,0,0,13
585,305,-5,-5,0,453,0,0,0,13
580,300,-5,-5,0,453,0,0,0,13
575,295,-5,-5,0,453,0,0,0,13
570,290,-5,-5,0,453,0,0,0,13
565,285,-5,-5,0,453,0,0,0,13
560,280,-5,-5,0,453,0,0,0,13
555,275,-5,-5,0,453,0,0,0,13
550,270,-5,-5,0,453,0,0,0,13
545,265,-5,-5,0,453,0,0,0,13
540,260,-5,-5,0,453,0,0,0,13
535,255,-5,-5,0,453,0,0,0,13
530,250,-5,-5,0,453,0,0,0,13
525,245,-5,-5,0,453,0,0,0,13
520,240,-5,-5,0,453,0,0,0,13
515,235,-5,-5,0,453,0,0,0,13
510,230,-5,-5,0,453,0,0,0,13
505,225,-5,-5,0,453,0,0,0,13
500,220,-5,-5,0,453,0,0,0,13
495,215,-5,-5,0,453,0,0,0,13
490,210,-5,-5,0,453,0,0,0,13
485,205,-5,-5,0,453,0,0,0,13
480,200,-5,-5,0,453,0,0,0,13
475,195,-5,-5,0,453,0,0,0,13
470,190,-5,-5,0,453,0,0,0,13
465,185,-5,-5,0,453,0,0,0,13
460,180,-5,-5,0,453,0,0,0,13
455,175,-5,-5,0,453,0,0,0,13
450,170,-5,-5,0,453,0,0,0,13
445,165,-5,-5,0,453,0,0,0,13
440,160,-5,-5,0,453,0,0,0,13
435,155,-5,-5,0,453,0,0,0,13
430,150,-5,-5,0,453,0,0,0,13
425,145,-5,-5,0,453,0,0,0,13
420,140,-5,-5,0,453,0,0,0,13
415,135,-5,-5,0,453,0,0,0,13
410,130,-5,-5,0,453,0,0,0,13
405,125,-5,-5,0,453,0,0,0,13
400,120,-5,-5,0,453,0,0,0,13
395,115,-5,-5,0,453,0,0,0,13
390,110,-5,-5,0,453,0,0,0,13
385,105,-5,-5,0,453,0,0,0,13
380,100,-5,-5,0,453,0,0,0,13
375,95,-5,-5,0,453,0,0,0,13
370,90,-5,-5,0,453,0,0,0,13
365,85,-5,-5,0,453,0,0,0,13
360,80,-5,-5,0,453,0,0,0,13
355,75,-5,-5,0,453,0,0,0,13
350,70,-5,-5,0,453,0,0,0,13
345,65,-5,-5,0,453,0,0,0,13
340,60,-5,-5,0,453,0,0,0,13
335,55,-5,-5,0,453,0,0,0,13
330,50,-5,-5,0,453,0,0,0,13
325,45,-5,-5,0,453,0,0,0,13
320,40,-5,-5,0,453,0,0,0,13
315,35,-5,-5,0,453,0,0,0,13
310,30,-5,-5,0,453,0,0,0,13
305,25,-5,-5,0,453,0,0,0,13
300,20,-5,-5,0,453,0,0,0,13
295,15,-5,-5,0,453,0,0,0,13
290,10,-5,5,0,453,0,0,0,13
285,15,-5,5,0,453,0,0,0,13
280,20,-5,5,0,453,0,0,0,13
275,25,-5,5,0,453,0,0,0,13
270,30,-5,5,0,453,0,0,0,13
265,35,-5,5,0,453,0,0,0,13
260,40,-5,5,0,453,0,0,0,13
255,45,-5,5,0,453,0,0,0,13
250,50,-5,5,0,453,0,0,0,13
245,55,-5,5,0,453,0,0,0,13
240,60,-5,5,0,453,0,0,0,13
235,65,-5,5,0,453,0,0,0,13
230,70,-5,5,0,453,0,0,0,13
225,75,-5,5,0,453,0,0,0,13
220,80,-5,5,0,453,0,0,0,13
215,85,-5,5,0,453,0,0,0,13
210,90,-5,5,0,453,0,0,0,13
205,95,-5,5,0,453,0,0,0,13
200,100,-5,5,0,453,0,0,0,13
195,105,-5,5,0,453,0,0,0,13
190,110,-5,5,0,453,0,0,0,13
185,115,-5,5,0,453,0,0,0,13
180,120,-5,5,0,453,0,0,0,13
175,125,-5,5,0,453,0,0,0,13
170,130,-5,5,0,453,0,0,0,13
165,135,-5,5,0,453,0,0,0,13
160,140,-5,5,0,453,0,0,0,13
155,145,-5,5,0,453,0,0,0,13
150,150,-5,5,0,453,0,0,0,13
145,155,-5,5,0,453,0,0,0,13
140,160,-5,5,0,453,0,0,0,13
135,165,-5,5,0,453,0,0,0,13
130,170,-5,5,0,453,0,0,0,13
125,175,-5,5,0,453,0,0,0,13
120,180,-5,5,0,453,0,0,0,13
115,185,-5,5,0,453,0,0,0,13
110,190,-5,5,0,453,0,0,0,13
105,195,-5,5,0,453,0,0,0,13
100,200,-5,5,0,453,0,0,0,13
95,205,-5,5,0,453,0,0,0,13
90,210,-5,5,0,453,0,0,0,13
85,215,-5,5,0,453,0,0,0,13
80,220,-5,5,0,453,0,0,0,13
75,225,-5,5,0,453,0,0,0,13
70,230,-5,5,0,453,0,0,0,13
65,235,-5,5,0,453,0,0,0,13
60,240,-5,5,0,453,0,0,0,13
55,245,-5,5,0,453,0,0,0,13
50,250,-5,5,0,453,0,0,0,13
45,255,-5,5,0,453,0,0,0,13
40,260,-5,5,0,453,0,0,0,13
35,265,-5,5,0,453,0,0,0,13
30,270,-5,5,0,453,0,0,0,13
25,275,-5,5,0,453,0,0,0,13
20,280,-5,5,0,453,0,0,0,13
15,285,-5,5,0,453,0,0,0,13
10,290,-5,5,0,453,0,0,0,13
5,295,-5,5,0,453,0,0,0,13
0,300,-5,5,0,453,0,0,0,13
400,300,5,5,0,453,0,0,0,14
405,305,5,5,0,453,0,0,0,14
410,310,5,5,0,446,0,-1,0,14
415,315,5,5,0,439,0,-1,0,14
420,320,5,5,0,432,0,-1,0,14
425,325,5,5,0,425,0,-1,0,14
430,330,5,5,0,418,0,-1,0,14
435,335,5,5,0,411,0,-1,0,14
440,340,5,5,0,404,0,-1,0,14
445,345,5,5,0,397,0,-1,0,14
450,350,5,5,0,390,0,-1,0,14
455,355,5,5,0,383,0,-1,0,14
460,360,5,5,0,376,0,-1,0,14
465,365,5,5,0,369,0,-1,0,14
470,370,5,5,0,362,0,-1,0,14
475,375,5,5,0,355,0,-1,0,14
480,380,5,5,0,348,0,-1,0,14
485,385,5,5,0,341,0,-1,0,14
490,390,5,5,0,334,0,-1,0,14
495,395,5,5,0,341,0,1,0,14
500,400,5,5,0,348,0,1,0,14
505,405,5,5,0,348,0,0,0,14
510,410,5,5,0,355,0,1,0,14
515,415,5,5,0,362,0,1,0,14
520,420,5,5,0,369,0,1,0,14
525,425,5,5,0,376,0,1,0,14
530,430,5,5,0,369,0,-1,0,14
535,435,5,5,0,376,0,1,0,14
540,440,5,5,0,383,0,1,0,14
545,445,5,5,0,390,0,1,0,14
550,450,5,5,0,397,0,1,0,14
555,455,5,5,0,404,0,1,0,14
560,460,5,5,0,404,0,0,0,14
565,465,5,5,0,404,0,0,0,14
570,470,5,5,0,411,0,1,0,14
575,475,5,5,0,418,0,1,0,14
580,480,5,5,0,425,0,1,0,14
585,485,5,5,0,432,0,1,0,14
590,490,5,5,0,439,0,1,0,14
595,495,5,5,0,446,0,1,0,14
600,500,5,5,0,439,0,-1,0,14
605,505,5,5,0,446,0,1,0,14
610,510,5,5,0,453,0,1,0,14
615,515,5,5,0,460,0,1,0,14
620,520,5,5,0,467,0,1,0,14
625,525,5,5,0,474,0,1,0,14
630,530,5,5,0,481,0,1,0,14
635,535,5,5,0,474,0,-1,0,14
640,540,5,5,0,481,0,1,0,14
645,545,5,5,0,488,0,1,0,14
650,550,5,5,0,495,0,1,0,14
655,555,5,5,0,502,0,1,0,14
660,560,5,5,0,509,0,1,0,14
665,565,5,5,0,509,0,0,0,14
670,570,5,5,0,509,0,0,0,14
675,575,5,5,0,509,0,0,0,14
680,580,5,5,0,516,0,1,0,14
685,585,5,5,0,523,0,1,0,14
690,590,5,-5,0,530,0,1,0,14
695,585,5,-5,0,537,0,1,0,14
700,580,5,-5,0,530,0,-1,0,14
705,575,5,-5,0,530,0,0,0,14
710,570,5,-5,0,523,0,-1,0,14
715,565,5,-5,0,516,0,-1,0,14
720,560,5,-5,0,509,0,-1,0,14
725,555,5,-5,0,516,0,1,0,14
730,550,5,-5,0,509,0,-1,0,14
735,545,5,-5,0,502,0,-1,0,14
740,540,5,-5,0,495,0,-1,0,14
745,535,5,-5,0,488,0,-1,0,14
750,530,5,-5,0,481,0,-1,0,14
755,525,5,-5,0,474,0,-1,0,14
760,520,5,-5,0,481,0,1,0,14
765,515,5,-5,0,474,0,-1,0,14
770,510,5,-5,0,467,0,-1,0,14
775,505,5,-5,0,467,0,0,0,14
780,500,-5,-5,0,460,0,-1,0,14
775,495,-5,-5,0,460,0,0,0,14
770,490,-5,-5,0,460,0,0,0,14
765,485,-5,-5,0,460,0,0,0,14
760,480,-5,-5,0,460,0,0,0,14
755,475,-5,-5,0,460,0,0,0,14
750,470,-5,-5,0,460,0,0,0,14
745,465,-5,-5,0,460,0,0,0,14
740,460,-5,-5,0,460,0,0,0,14
735,455,-5,-5,0,460,0,0,0,14
730,450,-5,-5,0,460,0,0,0,14
725,445,-5,-5,0,460,0,0,0,14
720,440,-5,-5,0,460,0,0,0,14
715,435,-5,-5,0,460,0,0,0,14
710,430,-5,-5,0,460,0,0,0,14
705,425,-5,-5,0,460,0,0,0,14
700,420,-5,-5,0,460,0,0,0,14
695,415,-5,-5,0,460,0,0,0,14
690,410,-5,-5,0,460,0,0,0,14
685,405,-5,-5,0,460,0,0,0,14
680,400,-5,-5,0,460,0,0,0,14
675,395,-5,-5,0,460,0,0,0,14
670,390,-5,-5,0,460,0,0,0,14
665,385,-5,-5,0,460,0,0,0,14
660,380,-5,-5,0,460,0,0,0,14
655,375,-5,-5,0,460,0,0,0,14
650,370,-5,-5,0,460,0,0,0,14
645,365,-5,-5,0,460,0,0,0,14
640,360,-5,-5,0,460,0,0,0,14
635,355,-5,-5,0,460,0,0,0,14
630,350,-5,-5,0,460,0,0,0,14
625,345,-5,-5,0,460,0,0,0,14
620,340,-5,-5,0,460,0,0,0,14
615,335,-5,-5,0,460,0,0,0,14
610,330,-5,-5,0,460,0,0,0,14
605,325,-5,-5,0,460,0,0,0,14
600,320,-5,-5,0,460,0,0,0,14
595,315,-5,-5,0,460,0,0,0,14
590,310,-5,-5,0,460,0,0,0,14
585,305,-5,-5,0,460,0,0,0,14
580,300,-5,-5,0,460,0,0,0,14
575,295,-5,-5,0,460,0,0,0,14
570,290,-5,-5,0,460,0,0,0,14
565,285,-5,-5,0,460,0,0,0,14
560,280,-5,-5,0,460,0,0,0,14
555,275,-5,-5,0,460,0,0,0,14
550,270,-5,-5,0,460,0,0,0,14
545,265,-5,-5,0,460,0,0,0,14
540,260,-5,-5,0,460,0,0,0,14
535,255,-5,-5,0,460,0,0,0,14
530,250,-5,-5,0,460,0,0,0,14
525,245,-5,-5,0,460,0,0,0,14
520,240,-5,-5,0,460,0,0,0,14
515,235,-5,-5,0,460,0,0,0,14
510,230,-5,-5,0,460,0,0,0,14
505,225,-5,-5,0,460,0,0,0,14
500,220,-5,-5,0,460,0,0,0,14
495,215,-5,-5,0,460,0,0,0,14
490,210,-5,-5,0,460,0,0,0,14
485,205,-5,-5,0,460,0,0,0,14
480,200,-5,-5,0,460,0,0,0,14
475,195,-5,-5,0,460,0,0,0,14
470,190,-5,-5,0,460,0,0,0,14
465,185,-5,-5,0,460,0,0,0,14
460,180,-5,-5,0,460,0,0,0,14
455,175,-5,-5,0,460,0,0,0,14
450,170,-5,-5,0,460,0,0,0,14
445,165,-5,-5,0,460,0,0,0,14
440,160,-5,-5,0,460,0,0,0,14
435,155,-5,-5,0,460,0,0,0,14
430,150,-5,-5,0,460,0,0,0,14
425,145,-5,-5,0,460,0,0,0,14
420,140,-5,-5,0,460,0,0,0,14
415,135,-5,-5,0,460,0,0,0,14
410,130,-5,-5,0,460,0,0,0,14
405,125,-5,-5,0,460,0,0,0,14
400,120,-5,-5,0,460,0,0,0,14
395,115,-5,-5,0,460,0,0,0,14
390,110,-5,-5,0,460,0,0,0,14
385,105,-5,-5,0,460,0,0,0,14
380,100,-5,-5,0,460,0,0,0,14
375,95,-5,-5,0,460,0,0,0,14
370,90,-5,-5,0,460,0,0,0,14
365,85,-5,-5,0,460,0,0,0,14
360,80,-5,-5,0,460,0,0,0,14
355,75,-5,-5,0,460,0,0,0,14
350,70,-5,-5,0,460,0,0,0,14
345,65,-5,-5,0,460,0,0,0,14
340,60,-5,-5,0,460,0,0,0,14
335,55,-5,-5,0,460,0,0,0,14
330,50,-5,-5,0,460,0,0,0,14
325,45,-5,-5,0,460,0,0,0,14
320,40,-5,-5,0,460,0,0,0,14
315,35,-5,-5,0,460,0,0,0,14
310,30,-5,-5,0,460,0,0,0,14
305,25,-5,-5,0,460,0,0,0,14
300,20,-5,-5,0,460,0,0,0,14
295,15,-5,-5,0,460,0,0,0,14
290,10,-5,5,0,460,0,0,0,14
285,15,-5,5,0,460,0,0,0,14
280,20,-5,5,0,460,0,0,0,14
275,25,-5,5,0,460,0,0,0,14
270,30,-5,5,0,460,0,0,0,14
265,35,-5,5,0,460,0,0,0,14
260,40,-5,5,0,460,0,0,0,14
255,45,-5,5,0,460,0,0,0,14
250,50,-5,5,0,460,0,0,0,14
245,55,-5,5,0,460,0,0,0,14
240,60,-5,5,0,460,0,0,0,14
235,65,-5,5,0,460,0,0,0,14
230,70,-5,5,0,460,0,0,0,14
225,75,-5,5,0,460,0,0,0,14
220,80,-5,5,0,460,0,0,0,14
215,85,-5,5,0,460,0,0,0,14
210,90,-5,5,0,460,0,0,0,14
205,95,-5,5,0,460,0,0,0,14
200,100,-5,5,0,460,0,0,0,14
195,105,-5,5,0,460,0,0,0,14
190,110,-5,5,0,460,0,0,0,14
185,115,-5,5,0,460,0,0,0,14
180,120,-5,5,0,460,0,0,0,14
175,125,-5,5,0,460,0,0,0,14
170,130,-5,5,0,460,0,0,0,14
165,135,-5,5,0,460,0,0,0,14
160,140,-5,5,0,460,0,0,0,14
155,145,-5,5,0,460,0,0,0,14
150,150,-5,5,0,460,0,0,0,14
145,155,-5,5,0,460,0,0,0,14
140,160,-5,5,0,460,0,0,0,14
135,165,-5,5,0,460,0,0,0,14
130,170,-5,5,0,460,0,0,0,14
125,175,-5,5,0,460,0,0,0,14
120,180,-5,5,0,460,0,0,0,14
115,185,-5,5,0,460,0,0,0,14
110,190,-5,5,0,460,0,0,0,14
105,195,-5,5,0,460,0,0,0,14
100,200,-5,5,0,460,0,0,0,14
95,205,-5,5,0,460,0,0,0,14
90,210,-5,5,0,460,0,0,0,14
85,215,-5,5,0,460,0,0,0,14
80,220,-5,5,0,460,0,0,0,14
75,225,-5,5,0,460,0,0,0,14
70,230,-5,5,0,460,0,0,0,14
65,235,-5,5,0,460,0,0,0,14
60,240,-5,5,0,460,0,0,0,14
55,245,-5,5,0,460,0,0,0,14
50,250,-5,5,0,460,0,0,0,14
45,255,-5,5,0,460,0,0,0,14
40,260,-5,5,0,460,0,0,0,14
35,265,-5,5,0,460,0,0,0,14
30,270,-5,5,0,460,0,0,0,14
25,275,-5,5,0,460,0,0,0,14
20,280,-5,5,0,460,0,0,0,14
15,285,-5,5,0,460,0,0,0,14
10,290,-5,5,0,460,0,0,0,14
5,295,-5,5,0,460,0,0,0,14
0,300,-5,5,0,460,0,0,0,14
400,300,5,5,0,460,0,0,0,15
405,305,5,5,0,460,0,0,0,15
410,310,5,5,0,453,0,-1,0,15
415,315,5,5,0,446,0,-1,0,15
420,320,5,5,0,439,0,-1,0,15
425,325,5,5,0,432,0,-1,0,15
430,330,5,5,0,425,0,-1,0,15
435,335,5,5,0,418,0,-1,0,15
440,340,5,5,0,411,0,-1,0,15
445,345,5,5,0,404,0,-1,0,15
450,350,5,5,0,397,0,-1,0,15
455,355,5,5,0,390,0,-1,0,15
460,360,5,5,0,390,0,0,0,15
465,365,5,5,0,383,0,-1,0,15
470,370,5,5,0,376,0,-1,0,15
475,375,5,5,0,369,0,-1,0,15
480,380,5,5,0,362,0,-1,0,15
485,385,5,5,0,355,0,-1,0,15
490,390,5,5,0,348,0,-1,0,15
495,395,5,5,0,341,0,-1,0,15
500,400,5,5,0,348,0,1,0,15
505,405,5,5,0,355,0,1,0,15
510,410,5,5,0,355,0,0,0,15
515,415,5,5,0,362,0,1,0,15
520,420,5,5,0,369,0,1,0,15
525,425,5,5,0,376,0,1,0,15
530,430,5,5,0,369,0,-1,0,15
535,435,5,5,0,376,0,1,0,15
540,440,5,5,0,383,0,1,0,15
545,445,5,5,0,390,0,1,0,15
550,450,5,5,0,397,0,1,0,15
555,455,5,5,0,404,0,1,0,15
560,460,5,5,0,411,0,1,0,15
565,465,5,5,0,411,0,0,0,15
570,470,5,5,0,418,0,1,0,15
575,475,5,5,0,425,0,1,0,15
580,480,5,5,0,425,0,0,0,15
585,485,5,5,0,432,0,1,0,15
590,490,5,5,0,432,0,0,0,15
595,495,5,5,0,439,0,1,0,15
600,500,5,5,0,446,0,1,0,15
605,505,5,5,0,453,0,1,0,15
610,510,5,5,0,460,0,1,0,15
615,515,5,5,0,460,0,0,0,15
620,520,5,5,0,467,0,1,0,15
625,525,5,5,0,474,0,1,0,15
630,530,5,5,0,481,0,1,0,15
635,535,5,5,0,474,0,-1,0,15
640,540,5,5,0,481,0,1,0,15
645,545,5,5,0,488,0,1,0,15
650,550,5,5,0,495,0,1,0,15
655,555,5,5,0,502,0,1,0,15
660,560,5,5,0,509,0,1,0,15
665,565,5,5,0,516,0,1,0,15
670,570,5,5,0,509,0,-1,0,15
675,575,5,5,0,516,0,1,0,15
680,580,5,5,0,523,0,1,0,15
685,585,5,5,0,530,0,1,0,15
690,590,5,-5,0,537,0,1,0,15
695,585,5,-5,0,544,0,1,0,15
700,580,5,-5,0,537,0,-1,0,15
705,575,5,-5,0,530,0,-1,0,15
710,570,5,-5,0,523,0,-1,0,15
715,565,5,-5,0,516,0,-1,0,15
720,560,5,-5,0,509,0,-1,0,15
725,555,5,-5,0,516,0,1,0,15
730,550,5,-5,0,509,0,-1,0,15
735,545,5,-5,0,502,0,-1,0,15
740,540,5,-5,0,495,0,-1,0,15
745,535,5,-5,0,488,0,-1,0,15
750,530,5,-5,0,481,0,-1,0,15
755,525,5,-5,0,474,0,-1,0,15
760,520,5,-5,0,481,0,1,0,15
765,515,5,-5,0,474,0,-1,0,15
770,510,5,-5,0,467,0,-1,0,15
775,505,5,-5,0,460,0,-1,0,15
780,500,-5,-5,0,453,0,-1,0,15
775,495,-5,-5,0,453,0,0,0,15
770,490,-5,-5,0,453,0,0,0,15
765,485,-5,-5,0,453,0,0,0,15
760,480,-5,-5,0,453,0,0,0,15
755,475,-5,-5,0,453,0,0,0,15
750,470,-5,-5,0,453,0,0,0,15
745,465,-5,-5,0,453,0,0,0,15
740,460,-5,-5,0,453,0,0,0,15
735,455,-5,-5,0,453,0,0,0,15
730,450,-5,-5,0,453,0,0,0,15
725,445,-5,-5,0,453,0,0,0,15
720,440,-5,-5,0,453,0,0,0,15
715,435,-5,-5,0,453,0,0,0,15
710,430,-5,-5,0,453,0,0,0,15
705,425,-5,-5,0,453,0,0,0,15
700,420,-5,-5,0,453,0,0,0,15
695,415,-5,-5,0,453,0,0,0,15
690,410,-5,-5,0,453,0,0,0,15
685,405,-5,-5,0,453,0,0,0,15
680,400,-5,-5,0,453,0,0,0,15
675,395,-5,-5,0,453,0,0,0,15
670,390,-5,-5,0,453,0,0,0,15
665,385,-5,-5,0,453,0,0,0,15
660,380,-5,-5,0,453,0,0,0,15
655,375,-5,-5,0,453,0,0,0,15
650,370,-5,-5,0,453,0,0,0,15
645,365,-5,-5,0,453,0,0,0,15
640,360,-5,-5,0,453,0,0,0,15
635,355,-5,-5,0,453,0,0,0,15
630,350,-5,-5,0,453,0,0,0,15
625,345,-5,-5,0,453,0,0,0,15
620,340,-5,-5,0,453,0,0,0,15
615,335,-5,-5,0,453,0,0,0,15
610,330,-5,-5,0,453,0,0,0,15
605,325,-5,-5,0,453,0,0,0,15
600,320,-5,-5,0,453,0,0,0,15
595,315,-5,-5,0,453,0,0,0,15
590,310,-5,-5,0,453,0,0,0,15
585,305,-5,-5,0,453,0,0,0,15
580,300,-5,-5,0,453,0,0,0,15
575,295,-5,-5,0,453,0,0,0,15
570,290,-5,-5,0,453,0,0,0,15
565,285,-5,-5,0,453,0,0,0,15
560,280,-5,-5,0,453,0,0,0,15
555,275,-5,-5,0,453,0,0,0,15
550,270,-5,-5,0,453,0,0,0,15
545,265,-5,-5,0,453,0,0,0,15
540,260,-5,-5,0,453,0,0,0,15
535,255,-5,-5,0,453,0,0,0,15
ball_x,ball_y,ball_dx,ball_dy,paddle1_y,paddle2_y,paddle1_action,paddle2_action,score1,score2
395,295,-5,-5,250,250,0,0,0,0
390,290,-5,-5,250,250,0,0,0,0
385,285,-5,-5,250,250,0,0,0,0
380,280,-5,-5,250,250,0,0,0,0
375,275,-5,-5,250,250,0,0,0,0
370,270,-5,-5,250,250,0,0,0,0
365,265,-5,-5,250,250,0,0,0,0
360,260,-5,-5,250,250,0,0,0,0
355,255,-5,-5,250,250,0,0,0,0
350,250,-5,-5,250,250,0,0,0,0
345,245,-5,-5,250,250,0,0,0,0
340,240,-5,-5,250,250,0,0,0,0
335,235,-5,-5,250,250,0,0,0,0
330,230,-5,-5,250,250,0,0,0,0
325,225,-5,-5,250,250,0,0,0,0
320,220,-5,-5,250,250,0,0,0,0
315,215,-5,-5,250,250,0,0,0,0
310,210,-5,-5,250,250,0,0,0,0
305,205,-5,-5,250,250,0,0,0,0
300,200,-5,-5,250,250,0,0,0,0
295,195,-5,-5,250,250,0,0,0,0
290,190,-5,-5,250,250,0,0,0,0
285,185,-5,-5,250,250,0,0,0,0
280,180,-5,-5,250,250,0,0,0,0
275,175,-5,-5,250,250,0,0,0,0
270,170,-5,-5,250,250,0,0,0,0
265,165,-5,-5,250,250,0,0,0,0
260,160,-5,-5,250,250,0,0,0,0
255,155,-5,-5,250,250,0,0,0,0
250,150,-5,-5,250,250,0,0,0,0
245,145,-5,-5,250,250,0,0,0,0
240,140,-5,-5,250,250,0,0,0,0
235,135,-5,-5,250,250,0,0,0,0
230,130,-5,-5,250,250,0,0,0,0
225,125,-5,-5,250,250,0,0,0,0
220,120,-5,-5,250,250,0,0,0,0
215,115,-5,-5,250,250,0,0,0,0
210,110,-5,-5,250,250,0,0,0,0
205,105,-5,-5,250,250,0,0,0,0
200,100,-5,-5,250,250,0,0,0,0
195,95,-5,-5,250,250,0,0,0,0
190,90,-5,-5,250,250,0,0,0,0
185,85,-5,-5,250,250,0,0,0,0
180,80,-5,-5,250,250,0,0,0,0
175,75,-5,-5,250,250,0,0,0,0
170,70,-5,-5,250,250,0,0,0,0
165,65,-5,-5,250,250,0,0,0,0
160,60,-5,-5,250,250,0,0,0,0
155,55,-5,-5,250,250,0,0,0,0
150,50,-5,-5,250,250,0,0,0,0
145,45,-5,-5,250,250,0,0,0,0
140,40,-5,-5,240,250,-1,0,0,0
135,35,-5,-5,230,250,-1,0,0,0
130,30,-5,-5,220,250,-1,0,0,0
125,25,-5,-5,210,250,-1,0,0,0
120,20,-5,-5,200,250,-1,0,0,0
115,15,-5,-5,190,250,-1,0,0,0
110,10,-5,5,180,250,-1,0,0,0
105,15,-5,5,170,250,-1,0,0,0
100,20,-5,5,160,250,-1,0,0,0
95,25,-5,5,150,250,-1,0,0,0
90,30,-5,5,140,250,-1,0,0,0
85,35,-5,5,130,250,-1,0,0,0
80,40,-5,5,120,250,-1,0,0,0
75,45,-5,5,110,250,-1,0,0,0
70,50,-5,5,100,250,-1,0,0,0
65,55,-5,5,90,250,-1,0,0,0
60,60,-5,5,80,250,-1,0,0,0
55,65,-5,5,70,250,-1,0,0,0
50,70,-5,5,60,250,-1,0,0,0
45,75,-5,5,50,250,-1,0,0,0
40,80,-5,5,40,250,-1,0,0,0
35,85,-5,5,30,250,-1,0,0,0
30,90,-5,5,20,250,-1,0,0,0
25,95,-5,5,10,250,-1,0,0,0
20,100,5,5,0,250,-1,0,0,0
25,105,5,5,0,243,0,-1,0,0
30,110,5,5,0,236,0,-1,0,0
35,115,5,5,0,229,0,-1,0,0
40,120,5,5,0,222,0,-1,0,0
45,125,5,5,0,215,0,-1,0,0
50,130,5,5,0,208,0,-1,0,0
55,135,5,5,0,201,0,-1,0,0
60,140,5,5,0,194,0,-1,0,0
65,145,5,5,0,187,0,-1,0,0
70,150,5,5,0,187,0,0,0,0
75,155,5,5,0,180,0,-1,0,0
80,160,5,5,0,173,0,-1,0,0
85,165,5,5,0,166,0,-1,0,0
90,170,5,5,0,159,0,-1,0,0
95,175,5,5,0,152,0,-1,0,0
100,180,5,5,0,145,0,-1,0,0
105,185,5,5,0,138,0,-1,0,0
110,190,5,5,0,131,0,-1,0,0
115,195,5,5,0,138,0,1,0,0
120,200,5,5,0,145,0,1,0,0
125,205,5,5,0,152,0,1,0,0
130,210,5,5,0,159,0,1,0,0
135,215,5,5,0,159,0,0,0,0
140,220,5,5,0,166,0,1,0,0
145,225,5,5,0,173,0,1,0,0
150,230,5,5,0,173,0,0,0,0
155,235,5,5,0,180,0,1,0,0
160,240,5,5,0,187,0,1,0,0
165,245,5,5,0,194,0,1,0,0
170,250,5,5,0,201,0,1,0,0
175,255,5,5,0,194,0,-1,0,0
180,260,5,5,0,201,0,1,0,0
185,265,5,5,0,208,0,1,0,0
190,270,5,5,0,215,0,1,0,0
195,275,5,5,0,215,0,0,0,0
200,280,5,5,0,222,0,1,0,0
205,285,5,5,0,229,0,1,0,0
210,290,5,5,0,236,0,1,0,0
215,295,5,5,0,243,0,1,0,0
220,300,5,5,0,250,0,1,0,0
225,305,5,5,0,250,0,0,0,0
230,310,5,5,0,257,0,1,0,0
235,315,5,5,0,264,0,1,0,0
240,320,5,5,0,271,0,1,0,0
245,325,5,5,0,264,0,-1,0,0
250,330,5,5,0,271,0,1,0,0
255,335,5,5,0,271,0,0,0,0
260,340,5,5,0,278,0,1,0,0
265,345,5,5,0,285,0,1,0,0
270,350,5,5,0,292,0,1,0,0
275,355,5,5,0,299,0,1,0,0
280,360,5,5,0,306,0,1,0,0
285,365,5,5,0,313,0,1,0,0
290,370,5,5,0,320,0,1,0,0
295,375,5,5,0,320,0,0,0,0
300,380,5,5,0,327,0,1,0,0
305,385,5,5,0,334,0,1,0,0
310,390,5,5,0,341,0,1,0,0
315,395,5,5,0,334,0,-1,0,0
320,400,5,5,0,341,0,1,0,0
325,405,5,5,0,341,0,0,0,0
330,410,5,5,0,348,0,1,0,0
335,415,5,5,0,355,0,1,0,0
340,420,5,5,0,362,0,1,0,0
345,425,5,5,0,369,0,1,0,0
350,430,5,5,0,376,0,1,0,0
355,435,5,5,0,383,0,1,0,0
360,440,5,5,0,390,0,1,0,0
365,445,5,5,0,390,0,0,0,0
370,450,5,5,0,397,0,1,0,0
375,455,5,5,0,404,0,1,0,0
380,460,5,5,0,411,0,1,0,0
385,465,5,5,0,404,0,-1,0,0
390,470,5,5,0,411,0,1,0,0
395,475,5,5,0,418,0,1,0,0
400,480,5,5,0,425,0,1,0,0
405,485,5,5,0,432,0,1,0,0
410,490,5,5,0,439,0,1,0,0
415,495,5,5,0,446,0,1,0,0
420,500,5,5,0,439,0,-1,0,0
425,505,5,5,0,446,0,1,0,0
430,510,5,5,0,453,0,1,0,0
435,515,5,5,0,460,0,1,0,0
440,520,5,5,0,460,0,0,0,0
445,525,5,5,0,460,0,0,0,0
450,530,5,5,0,467,0,1,0,0
455,535,5,5,0,474,0,1,0,0
460,540,5,5,0,481,0,1,0,0
465,545,5,5,0,488,0,1,0,0
470,550,5,5,0,495,0,1,0,0
475,555,5,5,0,502,0,1,0,0
480,560,5,5,0,509,0,1,0,0
485,565,5,5,0,516,0,1,0,0
490,570,5,5,0,509,0,-1,0,0
495,575,5,5,0,516,0,1,0,0
500,580,5,5,0,523,0,1,0,0
505,585,5,5,0,530,0,1,0,0
510,590,5,-5,0,537,0,1,0,0
515,585,5,-5,0,544,0,1,0,0
520,580,5,-5,0,537,0,-1,0,0
525,575,5,-5,0,530,0,-1,0,0
530,570,5,-5,0,523,0,-1,0,0
535,565,5,-5,0,516,0,-1,0,0
540,560,5,-5,0,509,0,-1,0,0
545,555,5,-5,0,516,0,1,0,0
550,550,5,-5,0,509,0,-1,0,0
555,545,5,-5,0,502,0,-1,0,0
560,540,5,-5,0,495,0,-1,0,0
565,535,5,-5,0,495,0,0,0,0
570,530,5,-5,0,488,0,-1,0,0
575,525,5,-5,0,481,0,-1,0,0
580,520,5,-5,0,474,0,-1,0,0
585,515,5,-5,0,467,0,-1,0,0
590,510,5,-5,0,460,0,-1,0,0
595,505,5,-5,0,460,0,0,0,0
600,500,5,-5,0,453,0,-1,0,0
605,495,5,-5,0,446,0,-1,0,0
610,490,5,-5,0,439,0,-1,0,0
615,485,5,-5,0,446,0,1,0,0
620,480,5,-5,0,446,0,0,0,0
625,475,5,-5,0,439,0,-1,0,0
630,470,5,-5,0,432,0,-1,0,0
635,465,5,-5,0,425,0,-1,0,0
640,460,5,-5,0,418,0,-1,0,0
645,455,5,-5,0,411,0,-1,0,0
650,450,5,-5,0,404,0,-1,0,0
655,445,5,-5,0,397,0,-1,0,0
660,440,5,-5,0,390,0,-1,0,0
665,435,5,-5,0,390,0,0,0,0
670,430,5,-5,0,390,0,0,0,0
675,425,5,-5,0,383,0,-1,0,0
680,420,5,-5,0,376,0,-1,0,0
685,415,5,-5,0,369,0,-1,0,0
690,410,5,-5,0,362,0,-1,0,0
695,405,5,-5,0,355,0,-1,0,0
700,400,5,-5,0,355,0,0,0,0
705,395,5,-5,0,348,0,-1,0,0
710,390,5,-5,0,341,0,-1,0,0
715,385,5,-5,0,334,0,-1,0,0
720,380,5,-5,0,341,0,1,0,0
725,375,5,-5,0,334,0,-1,0,0
730,370,5,-5,0,327,0,-1,0,0
735,365,5,-5,0,320,0,-1,0,0
740,360,5,-5,0,313,0,-1,0,0
745,355,5,-5,0,306,0,-1,0,0
750,350,5,-5,0,306,0,0,0,0
755,345,5,-5,0,299,0,-1,0,0
760,340,5,-5,0,292,0,-1,0,0
765,335,5,-5,0,285,0,-1,0,0
770,330,5,-5,0,285,0,0,0,0
775,325,5,-5,0,278,0,-1,0,0
780,320,-5,-5,0,271,0,-1,0,0
775,315,-5,-5,0,271,0,0,0,0
770,310,-5,-5,0,271,0,0,0,0
765,305,-5,-5,0,271,0,0,0,0
760,300,-5,-5,0,271,0,0,0,0
755,295,-5,-5,0,271,0,0,0,0
750,290,-5,-5,0,271,0,0,0,0
745,285,-5,-5,0,271,0,0,0,0
740,280,-5,-5,0,271,0,0,0,0
735,275,-5,-5,0,271,0,0,0,0
730,270,-5,-5,0,271,0,0,0,0
725,265,-5,-5,0,271,0,0,0,0
720,260,-5,-5,0,271,0,0,0,0
715,255,-5,-5,0,271,0,0,0,0
710,250,-5,-5,0,271,0,0,0,0
705,245,-5,-5,0,271,0,0,0,0
700,240,-5,-5,0,271,0,0,0,0
695,235,-5,-5,0,271,0,0,0,0
690,230,-5,-5,0,271,0,0,0,0
685,225,-5,-5,0,271,0,0,0,0
680,220,-5,-5,0,271,0,0,0,0
675,215,-5,-5,0,271,0,0,0,0
670,210,-5,-5,0,271,0,0,0,0
665,205,-5,-5,0,271,0,0,0,0
660,200,-5,-5,0,271,0,0,0,0
655,195,-5,-5,0,271,0,0,0,0
650,190,-5,-5,0,271,0,0,0,0
645,185,-5,-5,0,271,0,0,0,0
640,180,-5,-5,0,271,0,0,0,0
635,175,-5,-5,0,271,0,0,0,0
630,170,-5,-5,0,271,0,0,0,0
625,165,-5,-5,0,271,0,0,0,0
620,160,-5,-5,0,271,0,0,0,0
615,155,-5,-5,0,271,0,0,0,0
610,150,-5,-5,0,271,0,0,0,0
605,145,-5,-5,0,271,0,0,0,0
600,140,-5,-5,0,271,0,0,0,0
595,135,-5,-5,0,271,0,0,0,0
590,130,-5,-5,0,271,0,0,0,0
585,125,-5,-5,0,271,0,0,0,0
580,120,-5,-5,0,271,0,0,0,0
575,115,-5,-5,0,271,0,0,0,0
570,110,-5,-5,0,271,0,0,0,0
565,105,-5,-5,0,271,0,0,0,0
560,100,-5,-5,0,271,0,0,0,0
555,95,-5,-5,0,271,0,0,0,0
550,90,-5,-5,0,271,0,0,0,0
545,85,-5,-5,0,271,0,0,0,0
540,80,-5,-5,0,271,0,0,0,0
535,75,-5,-5,0,271,0,0,0,0
530,70,-5,-5,0,271,0,0,0,0
525,65,-5,-5,0,271,0,0,0,0
520,60,-5,-5,0,271,0,0,0,0
515,55,-5,-5,0,271,0,0,0,0
510,50,-5,-5,0,271,0,0,0,0
505,45,-5,-5,0,271,0,0,0,0
500,40,-5,-5,0,271,0,0,0,0
495,35,-5,-5,0,271,0,0,0,0
490,30,-5,-5,0,271,0,0,0,0
485,25,-5,-5,0,271,0,0,0,0
480,20,-5,-5,0,271,0,0,0,0
475,15,-5,-5,0,271,0,0,0,0
470,10,-5,5,0,271,0,0,0,0
465,15,-5,5,0,271,0,0,0,0
460,20,-5,5,0,271,0,0,0,0
455,25,-5,5,0,271,0,0,0,0
450,30,-5,5,0,271,0,0,0,0
445,35,-5,5,0,271,0,0,0,0
440,40,-5,5,0,271,0,0,0,0
435,45,-5,5,0,271,0,0,0,0
430,50,-5,5,0,271,0,0,0,0
425,55,-5,5,0,271,0,0,0,0
420,60,-5,5,0,271,0,0,0,0
415,65,-5,5,0,271,0,0,0,0
410,70,-5,5,0,271,0,0,0,0
405,75,-5,5,0,271,0,0,0,0
400,80,-5,5,0,271,0,0,0,0
395,85,-5,5,0,271,0,0,0,0
390,90,-5,5,0,271,0,0,0,0
385,95,-5,5,0,271,0,0,0,0
380,100,-5,5,0,271,0,0,0,0
375,105,-5,5,0,271,0,0,0,0
370,110,-5,5,0,271,0,0,0,0
365,115,-5,5,0,271,0,0,0,0
360,120,-5,5,0,271,0,0,0,0
355,125,-5,5,0,271,0,0,0,0
350,130,-5,5,0,271,0,0,0,0
345,135,-5,5,0,271,0,0,0,0
340,140,-5,5,0,271,0,0,0,0
335,145,-5,5,0,271,0,0,0,0
330,150,-5,5,0,271,0,0,0,0
325,155,-5,5,0,271,0,0,0,0
320,160,-5,5,0,271,0,0,0,0
315,165,-5,5,0,271,0,0,0,0
310,170,-5,5,0,271,0,0,0,0
305,175,-5,5,0,271,0,0,0,0
300,180,-5,5,0,271,0,0,0,0
295,185,-5,5,0,271,0,0,0,0
290,190,-5,5,0,271,0,0,0,0
285,195,-5,5,0,271,0,0,0,0
280,200,-5,5,0,271,0,0,0,0
275,205,-5,5,0,271,0,0,0,0
270,210,-5,5,0,271,0,0,0,0
265,215,-5,5,0,271,0,0,0,0
260,220,-5,5,0,271,0,0,0,0
255,225,-5,5,0,271,0,0,0,0
250,230,-5,5,0,271,0,0,0,0
245,235,-5,5,0,271,0,0,0,0
240,240,-5,5,0,271,0,0,0,0
235,245,-5,5,0,271,0,0,0,0
230,250,-5,5,0,271,0,0,0,0
225,255,-5,5,0,271,0,0,0,0
220,260,-5,5,0,271,0,0,0,0
215,265,-5,5,0,271,0,0,0,0
210,270,-5,5,0,271,0,0,0,0
205,275,-5,5,0,271,0,0,0,0
200,280,-5,5,0,271,0,0,0,0
195,285,-5,5,0,271,0,0,0,0
190,290,-5,5,0,271,0,0,0,0
185,295,-5,5,0,271,0,0,0,0
180,300,-5,5,0,271,0,0,0,0
175,305,-5,5,0,271,0,0,0,0
170,310,-5,5,0,271,0,0,0,0
165,315,-5,5,0,271,0,0,0,0
160,320,-5,5,0,271,0,0,0,0
155,325,-5,5,0,271,0,0,0,0
150,330,-5,5,0,271,0,0,0,0
145,335,-5,5,0,271,0,0,0,0
140,340,-5,5,0,271,0,0,0,0
135,345,-5,5,0,271,0,0,0,0
130,350,-5,5,0,271,0,0,0,0
125,355,-5,5,0,271,0,0,0,0
120,360,-5,5,0,271,0,0,0,0
115,365,-5,5,0,271,0,0,0,0
110,370,-5,5,0,271,0,0,0,0
105,375,-5,5,0,271,0,0,0,0
100,380,-5,5,0,271,0,0,0,0
95,385,-5,5,0,271,0,0,0,0
90,390,-5,5,0,271,0,0,0,0
85,395,-5,5,0,271,0,0,0,0
80,400,-5,5,0,271,0,0,0,0
75,405,-5,5,0,271,0,0,0,0
70,410,-5,5,0,271,0,0,0,0
65,415,-5,5,0,271,0,0,0,0
60,420,-5,5,0,271,0,0,0,0
55,425,-5,5,0,271,0,0,0,0
50,430,-5,5,0,271,0,0,0,0
45,435,-5,5,0,271,0,0,0,0
40,440,-5,5,0,271,0,0,0,0
35,445,-5,5,0,271,0,0,0,0
30,450,-5,5,0,271,0,0,0,0
25,455,-5,5,0,271,0,0,0,0
20,460,-5,5,0,271,0,0,0,0
15,465,-5,5,0,271,0,0,0,0
10,470,-5,5,0,271,0,0,0,0
5,475,-5,5,0,271,0,0,0,0
0,480,-5,5,0,271,0,0,0,0
400,300,5,5,0,271,0,0,0,1
405,305,5,5,0,264,0,-1,0,1
410,310,5,5,0,257,0,-1,0,1
415,315,5,5,0,264,0,1,0,1
420,320,5,5,0,271,0,1,0,1
425,325,5,5,0,271,0,0,0,1
430,330,5,5,0,278,0,1,0,1
435,335,5,5,0,285,0,1,0,1
440,340,5,5,0,285,0,0,0,1
445,345,5,5,0,285,0,0,0,1
450,350,5,5,0,292,0,1,0,1
455,355,5,5,0,299,0,1,0,1
460,360,5,5,0,306,0,1,0,1
465,365,5,5,0,313,0,1,0,1
470,370,5,5,0,320,0,1,0,1
475,375,5,5,0,320,0,0,0,1
480,380,5,5,0,327,0,1,0,1
485,385,5,5,0,334,0,1,0,1
490,390,5,5,0,341,0,1,0,1
495,395,5,5,0,334,0,-1,0,1
500,400,5,5,0,341,0,1,0,1
505,405,5,5,0,348,0,1,0,1
510,410,5,5,0,355,0,1,0,1
515,415,5,5,0,362,0,1,0,1
520,420,5,5,0,369,0,1,0,1
525,425,5,5,0,376,0,1,0,1
530,430,5,5,0,369,0,-1,0,1
535,435,5,5,0,369,0,0,0,1
540,440,5,5,0,376,0,1,0,1
545,445,5,5,0,383,0,1,0,1
550,450,5,5,0,390,0,1,0,1
555,455,5,5,0,397,0,1,0,1
560,460,5,5,0,404,0,1,0,1
565,465,5,5,0,411,0,1,0,1
570,470,5,5,0,418,0,1,0,1
575,475,5,5,0,425,0,1,0,1
580,480,5,5,0,425,0,0,0,1
585,485,5,5,0,432,0,1,0,1
590,490,5,5,0,439,0,1,0,1
595,495,5,5,0,446,0,1,0,1
600,500,5,5,0,439,0,-1,0,1
605,505,5,5,0,446,0,1,0,1
610,510,5,5,0,453,0,1,0,1
615,515,5,5,0,460,0,1,0,1
620,520,5,5,0,467,0,1,0,1
625,525,5,5,0,467,0,0,0,1
630,530,5,5,0,474,0,1,0,1
635,535,5,5,0,481,0,1,0,1
640,540,5,5,0,488,0,1,0,1
645,545,5,5,0,495,0,1,0,1
650,550,5,5,0,495,0,0,0,1
655,555,5,5,0,502,0,1,0,1
660,560,5,5,0,502,0,0,0,1
665,565,5,5,0,509,0,1,0,1
670,570,5,5,0,516,0,1,0,1
675,575,5,5,0,523,0,1,0,1
680,580,5,5,0,530,0,1,0,1
685,585,5,5,0,530,0,0,0,1
690,590,5,-5,0,537,0,1,0,1
695,585,5,-5,0,537,0,0,0,1
700,580,5,-5,0,530,0,-1,0,1
705,575,5,-5,0,530,0,0,0,1
710,570,5,-5,0,523,0,-1,0,1
715,565,5,-5,0,516,0,-1,0,1
720,560,5,-5,0,509,0,-1,0,1
725,555,5,-5,0,516,0,1,0,1
730,550,5,-5,0,516,0,0,0,1
735,545,5,-5,0,509,0,-1,0,1
740,540,5,-5,0,502,0,-1,0,1
745,535,5,-5,0,495,0,-1,0,1
750,530,5,-5,0,488,0,-1,0,1
755,525,5,-5,0,481,0,-1,0,1
760,520,5,-5,0,474,0,-1,0,1
765,515,5,-5,0,467,0,-1,0,1
770,510,5,-5,0,460,0,-1,0,1
775,505,5,-5,0,460,0,0,0,1
780,500,-5,-5,0,460,0,0,0,1
775,495,-5,-5,0,460,0,0,0,1
770,490,-5,-5,0,460,0,0,0,1
765,485,-5,-5,0,460,0,0,0,1
760,480,-5,-5,0,460,0,0,0,1
755,475,-5,-5,0,460,0,0,0,1
750,470,-5,-5,0,460,0,0,0,1
745,465,-5,-5,0,460,0,0,0,1
740,460,-5,-5,0,460,0,0,0,1
735,455,-5,-5,0,460,0,0,0,1
730,450,-5,-5,0,460,0,0,0,1
725,445,-5,-5,0,460,0,0,0,1
720,440,-5,-5,0,460,0,0,0,1
715,435,-5,-5,0,460,0,0,0,1
710,430,-5,-5,0,460,0,0,0,1
705,425,-5,-5,0,460,0,0,0,1
700,420,-5,-5,0,460,0,0,0,1
695,415,-5,-5,0,460,0,0,0,1
690,410,-5,-5,0,460,0,0,0,1
685,405,-5,-5,0,460,0,0,0,1
680,400,-5,-5,0,460,0,0,0,1
675,395,-5,-5,0,460,0,0,0,1
670,390,-5,-5,0,460,0,0,0,1
665,385,-5,-5,0,460,0,0,0,1
660,380,-5,-5,0,460,0,0,0,1
655,375,-5,-5,0,460,0,0,0,1
650,370,-5,-5,0,460,0,0,0,1
645,365,-5,-5,0,460,0,0,0,1
640,360,-5,-5,0,460,0,0,0,1
635,355,-5,-5,0,460,0,0,0,1
630,350,-5,-5,0,460,0,0,0,1
625,345,-5,-5,0,460,0,0,0,1
620,340,-5,-5,0,460,0,0,0,1
615,335,-5,-5,0,460,0,0,0,1
610,330,-5,-5,0,460,0,0,0,1
605,325,-5,-5,0,460,0,0,0,1
600,320,-5,-5,0,460,0,0,0,1
595,315,-5,-5,0,460,0,0,0,1
590,310,-5,-5,0,460,0,0,0,1
585,305,-5,-5,0,460,0,0,0,1
580,300,-5,-5,0,460,0,0,0,1
575,295,-5,-5,0,460,0,0,0,1
570,290,-5,-5,0,460,0,0,0,1
565,285,-5,-5,0,460,0,0,0,1
560,280,-5,-5,0,460,0,0,0,1
555,275,-5,-5,0,460,0,0,0,1
550,270,-5,-5,0,460,0,0,0,1
545,265,-5,-5,0,460,0,0,0,1
540,260,-5,-5,0,460,0,0,0,1
535,255,-5,-5,0,460,0,0,0,1
530,250,-5,-5,0,460,0,0,0,1
525,245,-5,-5,0,460,0,0,0,1
520,240,-5,-5,0,460,0,0,0,1
515,235,-5,-5,0,460,0,0,0,1
510,230,-5,-5,0,460,0,0,0,1
505,225,-5,-5,0,460,0,0,0,1
500,220,-5,-5,0,460,0,0,0,1
495,215,-5,-5,0,460,0,0,0,1
490,210,-5,-5,0,460,0,0,0,1
485,205,-5,-5,0,460,0,0,0,1
480,200,-5,-5,0,460,0,0,0,1
475,195,-5,-5,0,460,0,0,0,1
470,190,-5,-5,0,460,0,0,0,1
465,185,-5,-5,0,460,0,0,0,1
460,180,-5,-5,0,460,0,0,0,1
455,175,-5,-5,0,460,0,0,0,1
450,170,-5,-5,0,460,0,0,0,1
445,165,-5,-5,0,460,0,0,0,1
440,160,-5,-5,0,460,0,0,0,1
435,155,-5,-5,0,460,0,0,0,1
430,150,-5,-5,0,460,0,0,0,1
425,145,-5,-5,0,460,0,0,0,1
420,140,-5,-5,0,460,0,0,0,1
415,135,-5,-5,0,460,0,0,0,1
410,130,-5,-5,0,460,0,0,0,1
405,125,-5,-5,0,460,0,0,0,1
400,120,-5,-5,0,460,0,0,0,1
395,115,-5,-5,0,460,0,0,0,1
390,110,-5,-5,0,460,0,0,0,1
385,105,-5,-5,0,460,0,0,0,1
380,100,-5,-5,0,460,0,0,0,1
375,95,-5,-5,0,460,0,0,0,1
370,90,-5,-5,0,460,0,0,0,1
365,85,-5,-5,0,460,0,0,0,1
360,80,-5,-5,0,460,0,0,0,1
355,75,-5,-5,0,460,0,0,0,1
350,70,-5,-5,0,460,0,0,0,1
345,65,-5,-5,0,460,0,0,0,1
340,60,-5,-5,0,460,0,0,0,1
335,55,-5,-5,0,460,0,0,0,1
330,50,-5,-5,0,460,0,0,0,1
325,45,-5,-5,0,460,0,0,0,1
320,40,-5,-5,0,460,0,0,0,1
315,35,-5,-5,0,460,0,0,0,1
310,30,-5,-5,0,460,0,0,0,1
305,25,-5,-5,0,460,0,0,0,1
300,20,-5,-5,0,460,0,0,0,1
295,15,-5,-5,0,460,0,0,0,1
290,10,-5,5,0,460,0,0,0,1
285,15,-5,5,0,460,0,0,0,1
280,20,-5,5,0,460,0,0,0,1
275,25,-5,5,0,460,0,0,0,1
270,30,-5,5,0,460,0,0,0,1
265,35,-5,5,0,460,0,0,0,1
260,40,-5,5,0,460,0,0,0,1
255,45,-5,5,0,460,0,0,0,1
250,50,-5,5,0,460,0,0,0,1
245,55,-5,5,0,460,0,0,0,1
240,60,-5,5,0,460,0,0,0,1
235,65,-5,5,0,460,0,0,0,1
230,70,-5,5,0,460,0,0,0,1
225,75,-5,5,0,460,0,0,0,1
220,80,-5,5,0,460,0,0,0,1
215,85,-5,5,0,460,0,0,0,1
210,90,-5,5,0,460,0,0,0,1
205,95,-5,5,0,460,0,0,0,1
200,100,-5,5,0,460,0,0,0,1
195,105,-5,5,0,460,0,0,0,1
190,110,-5,5,0,460,0,0,0,1
185,115,-5,5,0,460,0,0,0,1
180,120,-5,5,0,460,0,0,0,1
175,125,-5,5,0,460,0,0,0,1
170,130,-5,5,0,460,0,0,0,1
165,135,-5,5,0,460,0,0,0,1
160,140,-5,5,0,460,0,0,0,1
155,145,-5,5,0,460,0,0,0,1
150,150,-5,5,0,460,0,0,0,1
145,155,-5,5,0,460,0,0,0,1
140,160,-5,5,0,460,0,0,0,1
135,165,-5,5,0,460,0,0,0,1
130,170,-5,5,0,460,0,0,0,1
125,175,-5,5,0,460,0,0,0,1
120,180,-5,5,0,460,0,0,0,1
115,185,-5,5,0,460,0,0,0,1
110,190,-5,5,0,460,0,0,0,1
105,195,-5,5,0,460,0,0,0,1
100,200,-5,5,0,460,0,0,0,1
95,205,-5,5,0,460,0,0,0,1
90,210,-5,5,0,460,0,0,0,1
85,215,-5,5,0,460,0,0,0,1
80,220,-5,5,0,460,0,0,0,1
75,225,-5,5,0,460,0,0,0,1
70,230,-5,5,0,460,0,0,0,1
65,235,-5,5,0,460,0,0,0,1
60,240,-5,5,0,460,0,0,0,1
55,245,-5,5,0,460,0,0,0,1
50,250,-5,5,0,460,0,0,0,1
45,255,-5,5,0,460,0,0,0,1
40,260,-5,5,0,460,0,0,0,1
35,265,-5,5,0,460,0,0,0,1
30,270,-5,5,0,460,0,0,0,1
25,275,-5,5,0,460,0,0,0,1
20,280,-5,5,0,460,0,0,0,1
15,285,-5,5,0,460,0,0,0,1
10,290,-5,5,0,460,0,0,0,1
5,295,-5,5,0,460,0,0,0,1
0,300,-5,5,0,460,0,0,0,1
400,300,5,5,0,460,0,0,0,2
405,305,5,5,0,453,0,-1,0,2
410,310,5,5,0,446,0,-1,0,2
415,315,5,5,0,439,0,-1,0,2
420,320,5,5,0,432,0,-1,0,2
425,325,5,5,0,425,0,-1,0,2
430,330,5,5,0,418,0,-1,0,2
435,335,5,5,0,411,0,-1,0,2
440,340,5,5,0,404,0,-1,0,2
445,345,5,5,0,397,0,-1,0,2
450,350,5,5,0,390,0,-1,0,2
455,355,5,5,0,383,0,-1,0,2
460,360,5,5,0,383,0,0,0,2
465,365,5,5,0,376,0,-1,0,2
470,370,5,5,0,369,0,-1,0,2
475,375,5,5,0,362,0,-1,0,2
480,380,5,5,0,355,0,-1,0,2
485,385,5,5,0,355,0,0,0,2
490,390,5,5,0,348,0,-1,0,2
495,395,5,5,0,341,0,-1,0,2
500,400,5,5,0,341,0,0,0,2
505,405,5,5,0,348,0,1,0,2
510,410,5,5,0,355,0,1,0,2
515,415,5,5,0,362,0,1,0,2
520,420,5,5,0,369,0,1,0,2
525,425,5,5,0,376,0,1,0,2
530,430,5,5,0,369,0,-1,0,2
535,435,5,5,0,376,0,1,0,2
540,440,5,5,0,383,0,1,0,2
545,445,5,5,0,390,0,1,0,2
550,450,5,5,0,397,0,1,0,2
555,455,5,5,0,404,0,1,0,2
560,460,5,5,0,411,0,1,0,2
565,465,5,5,0,404,0,-1,0,2
570,470,5,5,0,404,0,0,0,2
575,475,5,5,0,411,0,1,0,2
580,480,5,5,0,418,0,1,0,2
585,485,5,5,0,425,0,1,0,2
590,490,5,5,0,432,0,1,0,2
595,495,5,5,0,439,0,1,0,2
600,500,5,5,0,446,0,1,0,2
605,505,5,5,0,453,0,1,0,2
610,510,5,5,0,460,0,1,0,2
615,515,5,5,0,460,0,0,0,2
620,520,5,5,0,467,0,1,0,2
625,525,5,5,0,474,0,1,0,2
630,530,5,5,0,474,0,0,0,2
635,535,5,5,0,481,0,1,0,2
640,540,5,5,0,488,0,1,0,2
645,545,5,5,0,495,0,1,0,2
650,550,5,5,0,495,0,0,0,2
655,555,5,5,0,502,0,1,0,2
660,560,5,5,0,509,0,1,0,2
665,565,5,5,0,516,0,1,0,2
670,570,5,5,0,516,0,0,0,2
675,575,5,5,0,523,0,1,0,2
680,580,5,5,0,523,0,0,0,2
685,585,5,5,0,530,0,1,0,2
690,590,5,-5,0,530,0,0,0,2
695,585,5,-5,0,537,0,1,0,2
700,580,5,-5,0,530,0,-1,0,2
705,575,5,-5,0,530,0,0,0,2
710,570,5,-5,0,523,0,-1,0,2
715,565,5,-5,0,516,0,-1,0,2
720,560,5,-5,0,516,0,0,0,2
725,555,5,-5,0,509,0,-1,0,2
730,550,5,-5,0,502,0,-1,0,2
735,545,5,-5,0,495,0,-1,0,2
740,540,5,-5,0,495,0,0,0,2
745,535,5,-5,0,488,0,-1,0,2
750,530,5,-5,0,481,0,-1,0,2
755,525,5,-5,0,474,0,-1,0,2
760,520,5,-5,0,481,0,1,0,2
765,515,5,-5,0,474,0,-1,0,2
770,510,5,-5,0,467,0,-1,0,2
775,505,5,-5,0,460,0,-1,0,2
780,500,-5,-5,0,453,0,-1,0,2
775,495,-5,-5,0,453,0,0,0,2
770,490,-5,-5,0,453,0,0,0,2
765,485,-5,-5,0,453,0,0,0,2
760,480,-5,-5,0,453,0,0,0,2
755,475,-5,-5,0,453,0,0,0,2
750,470,-5,-5,0,453,0,0,0,2
745,465,-5,-5,0,453,0,0,0,2
740,460,-5,-5,0,453,0,0,0,2
735,455,-5,-5,0,453,0,0,0,2
730,450,-5,-5,0,453,0,0,0,2
725,445,-5,-5,0,453,0,0,0,2
720,440,-5,-5,0,453,0,0,0,2
715,435,-5,-5,0,453,0,0,0,2
710,430,-5,-5,0,453,0,0,0,2
705,425,-5,-5,0,453,0,0,0,2
700,420,-5,-5,0,453,0,0,0,2
695,415,-5,-5,0,453,0,0,0,2
690,410,-5,-5,0,453,0,0,0,2
685,405,-5,-5,0,453,0,0,0,2
680,400,-5,-5,0,453,0,0,0,2
675,395,-5,-5,0,453,0,0,0,2
670,390,-5,-5,0,453,0,0,0,2
665,385,-5,-5,0,453,0,0,0,2
660,380,-5,-5,0,453,0,0,0,2
655,375,-5,-5,0,453,0,0,0,2
650,370,-5,-5,0,453,0,0,0,2
645,365,-5,-5,0,453,0,0,0,2
640,360,-5,-5,0,453,0,0,0,2
635,355,-5,-5,0,453,0,0,0,2
630,350,-5,-5,0,453,0,0,0,2
625,345,-5,-5,0,453,0,0,0,2
620,340,-5,-5,0,453,0,0,0,2
615,335,-5,-5,0,453,0,0,0,2
610,330,-5,-5,0,453,0,0,0,2
605,325,-5,-5,0,453,0,0,0,2
600,320,-5,-5,0,453,0,0,0,2
595,315,-5,-5,0,453,0,0,0,2
590,310,-5,-5,0,453,0,0,0,2
585,305,-5,-5,0,453,0,0,0,2
580,300,-5,-5,0,453,0,0,0,2
575,295,-5,-5,0,453,0,0,0,2
570,290,-5,-5,0,453,0,0,0,2
565,285,-5,-5,0,453,0,0,0,2
560,280,-5,-5,0,453,0,0,0,2
555,275,-5,-5,0,453,0,0,0,2
550,270,-5,-5,0,453,0,0,0,2
545,265,-5,-5,0,453,0,0,0,2
540,260,-5,-5,0,453,0,0,0,2
535,255,-5,-5,0,453,0,0,0,2
530,250,-5,-5,0,453,0,0,0,2
525,245,-5,-5,0,453,0,0,0,2
520,240,-5,-5,0,453,0,0,0,2
515,235,-5,-5,0,453,0,0,0,2
510,230,-5,-5,0,453,0,0,0,2
505,225,-5,-5,0,453,0,0,0,2
500,220,-5,-5,0,453,0,0,0,2
495,215,-5,-5,0,453,0,0,0,2
490,210,-5,-5,0,453,0,0,0,2
485,205,-5,-5,0,453,0,0,0,2
480,200,-5,-5,0,453,0,0,0,2
475,195,-5,-5,0,453,0,0,0,2
470,190,-5,-5,0,453,0,0,0,2
465,185,-5,-5,0,453,0,0,0,2
460,180,-5,-5,0,453,0,0,0,2
455,175,-5,-5,0,453,0,0,0,2
450,170,-5,-5,0,453,0,0,0,2
445,165,-5,-5,0,453,0,0,0,2
440,160,-5,-5,0,453,0,0,0,2
435,155,-5,-5,0,453,0,0,0,2
430,150,-5,-5,0,453,0,0,0,2
425,145,-5,-5,0,453,0,0,0,2
420,140,-5,-5,0,453,0,0,0,2
415,135,-5,-5,0,453,0,0,0,2
410,130,-5,-5,0,453,0,0,0,2
405,125,-5,-5,0,453,0,0,0,2
400,120,-5,-5,0,453,0,0,0,2
395,115,-5,-5,0,453,0,0,0,2
390,110,-5,-5,0,453,0,0,0,2
385,105,-5,-5,0,453,0,0,0,2
380,100,-5,-5,0,453,0,0,0,2
375,95,-5,-5,0,453,0,0,0,2
370,90,-5,-5,0,453,0,0,0,2
365,85,-5,-5,0,453,0,0,0,2
360,80,-5,-5,0,453,0,0,0,2
355,75,-5,-5,0,453,0,0,0,2
350,70,-5,-5,0,453,0,0,0,2
345,65,-5,-5,0,453,0,0,0,2
340,60,-5,-5,0,453,0,0,0,2
335,55,-5,-5,0,453,0,0,0,2
330,50,-5,-5,0,453,0,0,0,2
325,45,-5,-5,0,453,0,0,0,2
320,40,-5,-5,0,453,0,0,0,2
315,35,-5,-5,0,453,0,0,0,2
310,30,-5,-5,0,453,0,0,0,2
305,25,-5,-5,0,453,0,0,0,2
300,20,-5,-5,0,453,0,0,0,2
295,15,-5,-5,0,453,0,0,0,2
290,10,-5,5,0,453,0,0,0,2
285,15,-5,5,0,453,0,0,0,2
280,20,-5,5,0,453,0,0,0,2
275,25,-5,5,0,453,0,0,0,2
270,30,-5,5,0,453,0,0,0,2
265,35,-5,5,0,453,0,0,0,2
260,40,-5,5,0,453,0,0,0,2
255,45,-5,5,0,453,0,0,0,2
250,50,-5,5,0,453,0,0,0,2
245,55,-5,5,0,453,0,0,0,2
240,60,-5,5,0,453,0,0,0,2
235,65,-5,5,0,453,0,0,0,2
230,70,-5,5,0,453,0,0,0,2
225,75,-5,5,0,453,0,0,0,2
220,80,-5,5,0,453,0,0,0,2
215,85,-5,5,0,453,0,0,0,2
210,90,-5,5,0,453,0,0,0,2
205,95,-5,5,0,453,0,0,0,2
200,100,-5,5,0,453,0,0,0,2
195,105,-5,5,0,453,0,0,0,2
190,110,-5,5,0,453,0,0,0,2
185,115,-5,5,0,453,0,0,0,2
180,120,-5,5,0,453,0,0,0,2
175,125,-5,5,0,453,0,0,0,2
170,130,-5,5,0,453,0,0,0,2
165,135,-5,5,0,453,0,0,0,2
160,140,-5,5,0,453,0,0,0,2
155,145,-5,5,0,453,0,0,0,2
150,150,-5,5,0,453,0,0,0,2
145,155,-5,5,0,453,0,0,0,2
140,160,-5,5,0,453,0,0,0,2
135,165,-5,5,0,453,0,0,0,2
130,170,-5,5,0,453,0,0,0,2
125,175,-5,5,0,453,0,0,0,2
120,180,-5,5,0,453,0,0,0,2
115,185,-5,5,0,453,0,0,0,2
110,190,-5,5,0,453,0,0,0,2
105,195,-5,5,0,453,0,0,0,2
100,200,-5,5,0,453,0,0,0,2
95,205,-5,5,0,453,0,0,0,2
90,210,-5,5,0,453,0,0,0,2
85,215,-5,5,0,453,0,0,0,2
80,220,-5,5,0,453,0,0,0,2
75,225,-5,5,0,453,0,0,0,2
70,230,-5,5,0,453,0,0,0,2
65,235,-5,5,0,453,0,0,0,2
60,240,-5,5,0,453,0,0,0,2
55,245,-5,5,0,453,0,0,0,2
50,250,-5,5,0,453,0,0,0,2
45,255,-5,5,0,453,0,0,0,2
40,260,-5,5,0,453,0,0,0,2
35,265,-5,5,0,453,0,0,0,2
30,270,-5,5,0,453,0,0,0,2
25,275,-5,5,0,453,0,0,0,2
20,280,-5,5,0,453,0,0,0,2
15,285,-5,5,0,453,0,0,0,2
10,290,-5,5,0,453,0,0,0,2
5,295,-5,5,0,453,0,0,0,2
0,300,-5,5,0,453,0,0,0,2
400,300,5,5,0,453,0,0,0,3
405,305,5,5,0,446,0,-1,0,3
410,310,5,5,0,439,0,-1,0,3
415,315,5,5,0,432,0,-1,0,3
420,320,5,5,0,432,0,0,0,3
425,325,5,5,0,425,0,-1,0,3
430,330,5,5,0,418,0,-1,0,3
435,335,5,5,0,411,0,-1,0,3
440,340,5,5,0,404,0,-1,0,3
445,345,5,5,0,397,0,-1,0,3
450,350,5,5,0,390,0,-1,0,3
455,355,5,5,0,383,0,-1,0,3
460,360,5,5,0,376,0,-1,0,3
465,365,5,5,0,376,0,0,0,3
470,370,5,5,0,376,0,0,0,3
475,375,5,5,0,369,0,-1,0,3
480,380,5,5,0,369,0,0,0,3
485,385,5,5,0,362,0,-1,0,3
490,390,5,5,0,355,0,-1,0,3
495,395,5,5,0,348,0,-1,0,3
500,400,5,5,0,348,0,0,0,3
505,405,5,5,0,355,0,1,0,3
510,410,5,5,0,355,0,0,0,3
515,415,5,5,0,362,0,1,0,3
520,420,5,5,0,369,0,1,0,3
525,425,5,5,0,376,0,1,0,3
530,430,5,5,0,369,0,-1,0,3
535,435,5,5,0,376,0,1,0,3
540,440,5,5,0,383,0,1,0,3
545,445,5,5,0,390,0,1,0,3
550,450,5,5,0,390,0,0,0,3
555,455,5,5,0,397,0,1,0,3
560,460,5,5,0,404,0,1,0,3
565,465,5,5,0,411,0,1,0,3
570,470,5,5,0,418,0,1,0,3
575,475,5,5,0,425,0,1,0,3
580,480,5,5,0,425,0,0,0,3
585,485,5,5,0,432,0,1,0,3
590,490,5,5,0,439,0,1,0,3
595,495,5,5,0,446,0,1,0,3
600,500,5,5,0,439,0,-1,0,3
605,505,5,5,0,446,0,1,0,3
610,510,5,5,0,453,0,1,0,3
615,515,5,5,0,460,0,1,0,3
620,520,5,5,0,467,0,1,0,3
625,525,5,5,0,474,0,1,0,3
630,530,5,5,0,481,0,1,0,3
635,535,5,5,0,474,0,-1,0,3
640,540,5,5,0,481,0,1,0,3
645,545,5,5,0,488,0,1,0,3
650,550,5,5,0,495,0,1,0,3
655,555,5,5,0,502,0,1,0,3
660,560,5,5,0,509,0,1,0,3
665,565,5,5,0,516,0,1,0,3
670,570,5,5,0,509,0,-1,0,3
675,575,5,5,0,516,0,1,0,3
680,580,5,5,0,523,0,1,0,3
685,585,5,5,0,523,0,0,0,3
690,590,5,-5,0,523,0,0,0,3
695,585,5,-5,0,530,0,1,0,3
700,580,5,-5,0,537,0,1,0,3
705,575,5,-5,0,530,0,-1,0,3
710,570,5,-5,0,523,0,-1,0,3
715,565,5,-5,0,516,0,-1,0,3
720,560,5,-5,0,509,0,-1,0,3
725,555,5,-5,0,509,0,0,0,3
730,550,5,-5,0,502,0,-1,0,3
735,545,5,-5,0,495,0,-1,0,3
740,540,5,-5,0,495,0,0,0,3
745,535,5,-5,0,488,0,-1,0,3
750,530,5,-5,0,488,0,0,0,3
755,525,5,-5,0,481,0,-1,0,3
760,520,5,-5,0,474,0,-1,0,3
765,515,5,-5,0,467,0,-1,0,3
770,510,5,-5,0,460,0,-1,0,3
775,505,5,-5,0,460,0,0,0,3
780,500,-5,-5,0,453,0,-1,0,3
775,495,-5,-5,0,453,0,0,0,3
770,490,-5,-5,0,453,0,0,0,3
765,485,-5,-5,0,453,0,0,0,3
760,480,-5,-5,0,453,0,0,0,3
755,475,-5,-5,0,453,0,0,0,3
750,470,-5,-5,0,453,0,0,0,3
745,465,-5,-5,0,453,0,0,0,3
740,460,-5,-5,0,453,0,0,0,3
735,455,-5,-5,0,453,0,0,0,3
730,450,-5,-5,0,453,0,0,0,3
725,445,-5,-5,0,453,0,0,0,3
720,440,-5,-5,0,453,0,0,0,3
715,435,-5,-5,0,453,0,0,0,3
710,430,-5,-5,0,453,0,0,0,3
705,425,-5,-5,0,453,0,0,0,3
700,420,-5,-5,0,453,0,0,0,3
695,415,-5,-5,0,453,0,0,0,3
690,410,-5,-5,0,453,0,0,0,3
685,405,-5,-5,0,453,0,0,0,3
680,400,-5,-5,0,453,0,0,0,3
675,395,-5,-5,0,453,0,0,0,3
670,390,-5,-5,0,453,0,0,0,3
665,385,-5,-5,0,453,0,0,0,3
660,380,-5,-5,0,453,0,0,0,3
655,375,-5,-5,0,453,0,0,0,3
650,370,-5,-5,0,453,0,0,0,3
645,365,-5,-5,0,453,0,0,0,3
640,360,-5,-5,0,453,0,0,0,3
635,355,-5,-5,0,453,0,0,0,3
630,350,-5,-5,0,453,0,0,0,3
625,345,-5,-5,0,453,0,0,0,3
620,340,-5,-5,0,453,0,0,0,3
615,335,-5,-5,0,453,0,0,0,3
610,330,-5,-5,0,453,0,0,0,3
605,325,-5,-5,0,453,0,0,0,3
600,320,-5,-5,0,453,0,0,0,3
595,315,-5,-5,0,453,0,0,0,3
590,310,-5,-5,0,453,0,0,0,3
585,305,-5,-5,0,453,0,0,0,3
580,300,-5,-5,0,453,0,0,0,3
575,295,-5,-5,0,453,0,0,0,3
570,290,-5,-5,0,453,0,0,0,3
565,285,-5,-5,0,453,0,0,0,3
560,280,-5,-5,0,453,0,0,0,3
555,275,-5,-5,0,453,0,0,0,3
550,270,-5,-5,0,453,0,0,0,3
545,265,-5,-5,0,453,0,0,0,3
540,260,-5,-5,0,453,0,0,0,3
535,255,-5,-5,0,453,0,0,0,3
530,250,-5,-5,0,453,0,0,0,3
525,245,-5,-5,0,453,0,0,0,3
520,240,-5,-5,0,453,0,0,0,3
515,235,-5,-5,0,453,0,0,0,3
510,230,-5,-5,0,453,0,0,0,3
505,225,-5,-5,0,453,0,0,0,3
500,220,-5,-5,0,453,0,0,0,3
495,215,-5,-5,0,453,0,0,0,3
490,210,-5,-5,0,453,0,0,0,3
485,205,-5,-5,0,453,0,0,0,3
480,200,-5,-5,0,453,0,0,0,3
475,195,-5,-5,0,453,0,0,0,3
470,190,-5,-5,0,453,0,0,0,3
465,185,-5,-5,0,453,0,0,0,3
460,180,-5,-5,0,453,0,0,0,3
455,175,-5,-5,0,453,0,0,0,3
450,170,-5,-5,0,453,0,0,0,3
445,165,-5,-5,0,453,0,0,0,3
440,160,-5,-5,0,453,0,0,0,3
435,155,-5,-5,0,453,0,0,0,3
430,150,-5,-5,0,453,0,0,0,3
425,145,-5,-5,0,453,0,0,0,3
420,140,-5,-5,0,453,0,0,0,3
415,135,-5,-5,0,453,0,0,0,3
410,130,-5,-5,0,453,0,0,0,3
405,125,-5,-5,0,453,0,0,0,3
400,120,-5,-5,0,453,0,0,0,3
395,115,-5,-5,0,453,0,0,0,3
390,110,-5,-5,0,453,0,0,0,3
385,105,-5,-5,0,453,0,0,0,3
380,100,-5,-5,0,453,0,0,0,3
375,95,-5,-5,0,453,0,0,0,3
370,90,-5,-5,0,453,0,0,0,3
365,85,-5,-5,0,453,0,0,0,3
360,80,-5,-5,0,453,0,0,0,3
355,75,-5,-5,0,453,0,0,0,3
350,70,-5,-5,0,453,0,0,0,3
345,65,-5,-5,0,453,0,0,0,3
340,60,-5,-5,0,453,0,0,0,3
335,55,-5,-5,0,453,0,0,0,3
330,50,-5,-5,0,453,0,0,0,3
325,45,-5,-5,0,453,0,0,0,3
320,40,-5,-5,0,453,0,0,0,3
315,35,-5,-5,0,453,0,0,0,3
310,30,-5,-5,0,453,0,0,0,3
305,25,-5,-5,0,453,0,0,0,3
300,20,-5,-5,0,453,0,0,0,3
295,15,-5,-5,0,453,0,0,0,3
290,10,-5,5,0,453,0,0,0,3
285,15,-5,5,0,453,0,0,0,3
280,20,-5,5,0,453,0,0,0,3
275,25,-5,5,0,453,0,0,0,3
270,30,-5,5,0,453,0,0,0,3
265,35,-5,5,0,453,0,0,0,3
260,40,-5,5,0,453,0,0,0,3
255,45,-5,5,0,453,0,0,0,3
250,50,-5,5,0,453,0,0,0,3
245,55,-5,5,0,453,0,0,0,3
240,60,-5,5,0,453,0,0,0,3
235,65,-5,5,0,453,0,0,0,3
230,70,-5,5,0,453,0,0,0,3
225,75,-5,5,0,453,0,0,0,3
220,80,-5,5,0,453,0,0,0,3
215,85,-5,5,0,453,0,0,0,3
210,90,-5,5,0,453,0,0,0,3
205,95,-5,5,0,453,0,0,0,3
200,100,-5,5,0,453,0,0,0,3
195,105,-5,5,0,453,0,0,0,3
190,110,-5,5,0,453,0,0,0,3
185,115,-5,5,0,453,0,0,0,3
180,120,-5,5,0,453,0,0,0,3
175,125,-5,5,0,453,0,0,0,3
170,130,-5,5,0,453,0,0,0,3
165,135,-5,5,0,453,0,0,0,3
160,140,-5,5,0,453,0,0,0,3
155,145,-5,5,0,453,0,0,0,3
150,150,-5,5,0,453,0,0,0,3
145,155,-5,5,0,453,0,0,0,3
140,160,-5,5,0,453,0,0,0,3
135,165,-5,5,0,453,0,0,0,3
130,170,-5,5,0,453,0,0,0,3
125,175,-5,5,0,453,0,0,0,3
120,180,-5,5,0,453,0,0,0,3
115,185,-5,5,0,453,0,0,0,3
110,190,-5,5,0,453,0,0,0,3
105,195,-5,5,0,453,0,0,0,3
100,200,-5,5,0,453,0,0,0,3
95,205,-5,5,0,453,0,0,0,3
90,210,-5,5,0,453,0,0,0,3
85,215,-5,5,0,453,0,0,0,3
80,220,-5,5,0,453,0,0,0,3
75,225,-5,5,0,453,0,0,0,3
70,230,-5,5,0,453,0,0,0,3
65,235,-5,5,0,453,0,0,0,3
60,240,-5,5,0,453,0,0,0,3
55,245,-5,5,0,453,0,0,0,3
50,250,-5,5,0,453,0,0,0,3
45,255,-5,5,0,453,0,0,0,3
40,260,-5,5,0,453,0,0,0,3
35,265,-5,5,0,453,0,0,0,3
30,270,-5,5,0,453,0,0,0,3
25,275,-5,5,0,453,0,0,0,3
20,280,-5,5,0,453,0,0,0,3
15,285,-5,5,0,453,0,0,0,3
10,290,-5,5,0,453,0,0,0,3
5,295,-5,5,0,453,0,0,0,3
0,300,-5,5,0,453,0,0,0,3
400,300,5,5,0,453,0,0,0,4
405,305,5,5,0,446,0,-1,0,4
410,310,5,5,0,439,0,-1,0,4
415,315,5,5,0,439,0,0,0,4
420,320,5,5,0,432,0,-1,0,4
425,325,5,5,0,425,0,-1,0,4
430,330,5,5,0,425,0,0,0,4
435,335,5,5,0,418,0,-1,0,4
440,340,5,5,0,411,0,-1,0,4
445,345,5,5,0,404,0,-1,0,4
450,350,5,5,0,397,0,-1,0,4
455,355,5,5,0,390,0,-1,0,4
460,360,5,5,0,383,0,-1,0,4
465,365,5,5,0,376,0,-1,0,4
470,370,5,5,0,369,0,-1,0,4
475,375,5,5,0,362,0,-1,0,4
480,380,5,5,0,362,0,0,0,4
485,385,5,5,0,362,0,0,0,4
490,390,5,5,0,362,0,0,0,4
495,395,5,5,0,355,0,-1,0,4
500,400,5,5,0,348,0,-1,0,4
505,405,5,5,0,355,0,1,0,4
510,410,5,5,0,355,0,0,0,4
515,415,5,5,0,362,0,1,0,4
520,420,5,5,0,369,0,1,0,4
525,425,5,5,0,376,0,1,0,4
530,430,5,5,0,369,0,-1,0,4
535,435,5,5,0,376,0,1,0,4
540,440,5,5,0,383,0,1,0,4
545,445,5,5,0,390,0,1,0,4
550,450,5,5,0,397,0,1,0,4
555,455,5,5,0,404,0,1,0,4
560,460,5,5,0,411,0,1,0,4
565,465,5,5,0,404,0,-1,0,4
570,470,5,5,0,411,0,1,0,4
575,475,5,5,0,418,0,1,0,4
580,480,5,5,0,418,0,0,0,4
585,485,5,5,0,425,0,1,0,4
590,490,5,5,0,432,0,1,0,4
595,495,5,5,0,432,0,0,0,4
600,500,5,5,0,439,0,1,0,4
605,505,5,5,0,446,0,1,0,4
610,510,5,5,0,453,0,1,0,4
615,515,5,5,0,460,0,1,0,4
620,520,5,5,0,467,0,1,0,4
625,525,5,5,0,467,0,0,0,4
630,530,5,5,0,474,0,1,0,4
635,535,5,5,0,481,0,1,0,4
640,540,5,5,0,488,0,1,0,4
645,545,5,5,0,495,0,1,0,4
650,550,5,5,0,495,0,0,0,4
655,555,5,5,0,502,0,1,0,4
660,560,5,5,0,502,0,0,0,4
665,565,5,5,0,509,0,1,0,4
670,570,5,5,0,516,0,1,0,4
675,575,5,5,0,523,0,1,0,4
680,580,5,5,0,530,0,1,0,4
685,585,5,5,0,530,0,0,0,4
690,590,5,-5,0,537,0,1,0,4
695,585,5,-5,0,544,0,1,0,4
700,580,5,-5,0,537,0,-1,0,4
705,575,5,-5,0,530,0,-1,0,4
710,570,5,-5,0,530,0,0,0,4
715,565,5,-5,0,523,0,-1,0,4
720,560,5,-5,0,516,0,-1,0,4
725,555,5,-5,0,509,0,-1,0,4
730,550,5,-5,0,502,0,-1,0,4
735,545,5,-5,0,495,0,-1,0,4
740,540,5,-5,0,495,0,0,0,4
745,535,5,-5,0,488,0,-1,0,4
750,530,5,-5,0,481,0,-1,0,4
755,525,5,-5,0,481,0,0,0,4
760,520,5,-5,0,474,0,-1,0,4
765,515,5,-5,0,467,0,-1,0,4
770,510,5,-5,0,460,0,-1,0,4
775,505,5,-5,0,460,0,0,0,4
780,500,-5,-5,0,453,0,-1,0,4
775,495,-5,-5,0,453,0,0,0,4
770,490,-5,-5,0,453,0,0,0,4
765,485,-5,-5,0,453,0,0,0,4
760,480,-5,-5,0,453,0,0,0,4
755,475,-5,-5,0,453,0,0,0,4
750,470,-5,-5,0,453,0,0,0,4
745,465,-5,-5,0,453,0,0,0,4
740,460,-5,-5,0,453,0,0,0,4
735,455,-5,-5,0,453,0,0,0,4
730,450,-5,-5,0,453,0,0,0,4
725,445,-5,-5,0,453,0,0,0,4
720,440,-5,-5,0,453,0,0,0,4
715,435,-5,-5,0,453,0,0,0,4
710,430,-5,-5,0,453,0,0,0,4
705,425,-5,-5,0,453,0,0,0,4
700,420,-5,-5,0,453,0,0,0,4
695,415,-5,-5,0,453,0,0,0,4
690,410,-5,-5,0,453,0,0,0,4
685,405,-5,-5,0,453,0,0,0,4
680,400,-5,-5,0,453,0,0,0,4
675,395,-5,-5,0,453,0,0,0,4
670,390,-5,-5,0,453,0,0,0,4
665,385,-5,-5,0,453,0,0,0,4
660,380,-5,-5,0,453,0,0,0,4
655,375,-5,-5,0,453,0,0,0,4
650,370,-5,-5,0,453,0,0,0,4
645,365,-5,-5,0,453,0,0,0,4
640,360,-5,-5,0,453,0,0,0,4
635,355,-5,-5,0,453,0,0,0,4
630,350,-5,-5,0,453,0,0,0,4
625,345,-5,-5,0,453,0,0,0,4
620,340,-5,-5,0,453,0,0,0,4
615,335,-5,-5,0,453,0,0,0,4
610,330,-5,-5,0,453,0,0,0,4
605,325,-5,-5,0,453,0,0,0,4
600,320,-5,-5,0,453,0,0,0,4
595,315,-5,-5,0,453,0,0,0,4
590,310,-5,-5,0,453,0,0,0,4
585,305,-5,-5,0,453,0,0,0,4
580,300,-5,-5,0,453,0,0,0,4
575,295,-5,-5,0,453,0,0,0,4
570,290,-5,-5,0,453,0,0,0,4
565,285,-5,-5,0,453,0,0,0,4
560,280,-5,-5,0,453,0,0,0,4
555,275,-5,-5,0,453,0,0,0,4
550,270,-5,-5,0,453,0,0,0,4
545,265,-5,-5,0,453,0,0,0,4
540,260,-5,-5,0,453,0,0,0,4
535,255,-5,-5,0,453,0,0,0,4
530,250,-5,-5,0,453,0,0,0,4
525,245,-5,-5,0,453,0,0,0,4
520,240,-5,-5,0,453,0,0,0,4
515,235,-5,-5,0,453,0,0,0,4
510,230,-5,-5,0,453,0,0,0,4
505,225,-5,-5,0,453,0,0,0,4
500,220,-5,-5,0,453,0,0,0,4
495,215,-5,-5,0,453,0,0,0,4
490,210,-5,-5,0,453,0,0,0,4
485,205,-5,-5,0,453,0,0,0,4
480,200,-5,-5,0,453,0,0,0,4
475,195,-5,-5,0,453,0,0,0,4
470,190,-5,-5,0,453,0,0,0,4
465,185,-5,-5,0,453,0,0,0,4
460,180,-5,-5,0,453,0,0,0,4
455,175,-5,-5,0,453,0,0,0,4
450,170,-5,-5,0,453,0,0,0,4
445,165,-5,-5,0,453,0,0,0,4
440,160,-5,-5,0,453,0,0,0,4
435,155,-5,-5,0,453,0,0,0,4
430,150,-5,-5,0,453,0,0,0,4
425,145,-5,-5,0,453,0,0,0,4
420,140,-5,-5,0,453,0,0,0,4
415,135,-5,-5,0,453,0,0,0,4
410,130,-5,-5,0,453,0,0,0,4
405,125,-5,-5,0,453,0,0,0,4
400,120,-5,-5,0,453,0,0,0,4
395,115,-5,-5,0,453,0,0,0,4
390,110,-5,-5,0,453,0,0,0,4
385,105,-5,-5,0,453,0,0,0,4
380,100,-5,-5,0,453,0,0,0,4
375,95,-5,-5,0,453,0,0,0,4
370,90,-5,-5,0,453,0,0,0,4
365,85,-5,-5,0,453,0,0,0,4
360,80,-5,-5,0,453,0,0,0,4
355,75,-5,-5,0,453,0,0,0,4
350,70,-5,-5,0,453,0,0,0,4
345,65,-5,-5,0,453,0,0,0,4
340,60,-5,-5,0,453,0,0,0,4
335,55,-5,-5,0,453,0,0,0,4
330,50,-5,-5,0,453,0,0,0,4
325,45,-5,-5,0,453,0,0,0,4
320,40,-5,-5,0,453,0,0,0,4
315,35,-5,-5,0,453,0,0,0,4
310,30,-5,-5,0,453,0,0,0,4
305,25,-5,-5,0,453,0,0,0,4
300,20,-5,-5,0,453,0,0,0,4
295,15,-5,-5,0,453,0,0,0,4
290,10,-5,5,0,453,0,0,0,4
285,15,-5,5,0,453,0,0,0,4
280,20,-5,5,0,453,0,0,0,4
275,25,-5,5,0,453,0,0,0,4
270,30,-5,5,0,453,0,0,0,4
265,35,-5,5,0,453,0,0,0,4
260,40,-5,5,0,453,0,0,0,4
255,45,-5,5,0,453,0,0,0,4
250,50,-5,5,0,453,0,0,0,4
245,55,-5,5,0,453,0,0,0,4
240,60,-5,5,0,453,0,0,0,4
235,65,-5,5,0,453,0,0,0,4
230,70,-5,5,0,453,0,0,0,4
225,75,-5,5,0,453,0,0,0,4
220,80,-5,5,0,453,0,0,0,4
215,85,-5,5,0,453,0,0,0,4
210,90,-5,5,0,453,0,0,0,4
205,95,-5,5,0,453,0,0,0,4
200,100,-5,5,0,453,0,0,0,4
195,105,-5,5,0,453,0,0,0,4
190,110,-5,5,0,453,0,0,0,4
185,115,-5,5,0,453,0,0,0,4
180,120,-5,5,0,453,0,0,0,4
175,125,-5,5,0,453,0,0,0,4
170,130,-5,5,0,453,0,0,0,4
165,135,-5,5,0,453,0,0,0,4
160,140,-5,5,0,453,0,0,0,4
155,145,-5,5,0,453,0,0,0,4
150,150,-5,5,0,453,0,0,0,4
145,155,-5,5,0,453,0,0,0,4
140,160,-5,5,0,453,0,0,0,4
135,165,-5,5,0,453,0,0,0,4
130,170,-5,5,0,453,0,0,0,4
125,175,-5,5,0,453,0,0,0,4
120,180,-5,5,0,453,0,0,0,4
115,185,-5,5,0,453,0,0,0,4
110,190,-5,5,0,453,0,0,0,4
105,195,-5,5,0,453,0,0,0,4
100,200,-5,5,0,453,0,0,0,4
95,205,-5,5,0,453,0,0,0,4
90,210,-5,5,0,453,0,0,0,4
85,215,-5,5,0,453,0,0,0,4
80,220,-5,5,0,453,0,0,0,4
75,225,-5,5,0,453,0,0,0,4
70,230,-5,5,0,453,0,0,0,4
65,235,-5,5,0,453,0,0,0,4
60,240,-5,5,0,453,0,0,0,4
55,245,-5,5,0,453,0,0,0,4
50,250,-5,5,0,453,0,0,0,4
45,255,-5,5,0,453,0,0,0,4
40,260,-5,5,0,453,0,0,0,4
35,265,-5,5,0,453,0,0,0,4
30,270,-5,5,0,453,0,0,0,4
25,275,-5,5,0,453,0,0,0,4
20,280,-5,5,0,453,0,0,0,4
15,285,-5,5,0,453,0,0,0,4
10,290,-5,5,0,453,0,0,0,4
5,295,-5,5,0,453,0,0,0,4
0,300,-5,5,0,453,0,0,0,4
400,300,5,5,0,453,0,0,0,5
405,305,5,5,0,446,0,-1,0,5
410,310,5,5,0,446,0,0,0,5
415,315,5,5,0,439,0,-1,0,5
420,320,5,5,0,432,0,-1,0,5
425,325,5,5,0,425,0,-1,0,5
430,330,5,5,0,418,0,-1,0,5
435,335,5,5,0,411,0,-1,0,5
440,340,5,5,0,404,0,-1,0,5
445,345,5,5,0,397,0,-1,0,5
450,350,5,5,0,390,0,-1,0,5
455,355,5,5,0,383,0,-1,0,5
460,360,5,5,0,376,0,-1,0,5
465,365,5,5,0,369,0,-1,0,5
470,370,5,5,0,362,0,-1,0,5
475,375,5,5,0,355,0,-1,0,5
480,380,5,5,0,348,0,-1,0,5
485,385,5,5,0,341,0,-1,0,5
490,390,5,5,0,334,0,-1,0,5
495,395,5,5,0,341,0,1,0,5
500,400,5,5,0,348,0,1,0,5
505,405,5,5,0,355,0,1,0,5
510,410,5,5,0,355,0,0,0,5
515,415,5,5,0,362,0,1,0,5
520,420,5,5,0,369,0,1,0,5
525,425,5,5,0,376,0,1,0,5
530,430,5,5,0,369,0,-1,0,5
535,435,5,5,0,376,0,1,0,5
540,440,5,5,0,383,0,1,0,5
545,445,5,5,0,390,0,1,0,5
550,450,5,5,0,397,0,1,0,5
555,455,5,5,0,404,0,1,0,5
560,460,5,5,0,411,0,1,0,5
565,465,5,5,0,404,0,-1,0,5
570,470,5,5,0,411,0,1,0,5
575,475,5,5,0,418,0,1,0,5
580,480,5,5,0,425,0,1,0,5
585,485,5,5,0,432,0,1,0,5
590,490,5,5,0,439,0,1,0,5
595,495,5,5,0,446,0,1,0,5
600,500,5,5,0,439,0,-1,0,5
605,505,5,5,0,446,0,1,0,5
610,510,5,5,0,453,0,1,0,5
615,515,5,5,0,460,0,1,0,5
620,520,5,5,0,467,0,1,0,5
625,525,5,5,0,467,0,0,0,5
630,530,5,5,0,474,0,1,0,5
635,535,5,5,0,481,0,1,0,5
640,540,5,5,0,488,0,1,0,5
645,545,5,5,0,495,0,1,0,5
650,550,5,5,0,495,0,0,0,5
655,555,5,5,0,502,0,1,0,5
660,560,5,5,0,509,0,1,0,5
665,565,5,5,0,509,0,0,0,5
670,570,5,5,0,516,0,1,0,5
675,575,5,5,0,523,0,1,0,5
680,580,5,5,0,530,0,1,0,5
685,585,5,5,0,530,0,0,0,5
690,590,5,-5,0,537,0,1,0,5
695,585,5,-5,0,544,0,1,0,5
700,580,5,-5,0,537,0,-1,0,5
705,575,5,-5,0,530,0,-1,0,5
710,570,5,-5,0,523,0,-1,0,5
715,565,5,-5,0,516,0,-1,0,5
720,560,5,-5,0,509,0,-1,0,5
725,555,5,-5,0,516,0,1,0,5
730,550,5,-5,0,509,0,-1,0,5
735,545,5,-5,0,502,0,-1,0,5
740,540,5,-5,0,495,0,-1,0,5
745,535,5,-5,0,488,0,-1,0,5
750,530,5,-5,0,481,0,-1,0,5
755,525,5,-5,0,474,0,-1,0,5
760,520,5,-5,0,481,0,1,0,5
765,515,5,-5,0,474,0,-1,0,5
770,510,5,-5,0,467,0,-1,0,5
775,505,5,-5,0,460,0,-1,0,5
780,500,-5,-5,0,453,0,-1,0,5
775,495,-5,-5,0,453,0,0,0,5
770,490,-5,-5,0,453,0,0,0,5
765,485,-5,-5,0,453,0,0,0,5
760,480,-5,-5,0,453,0,0,0,5
755,475,-5,-5,0,453,0,0,0,5
750,470,-5,-5,0,453,0,0,0,5
745,465,-5,-5,0,453,0,0,0,5
740,460,-5,-5,0,453,0,0,0,5
735,455,-5,-5,0,453,0,0,0,5
730,450,-5,-5,0,453,0,0,0,5
725,445,-5,-5,0,453,0,0,0,5
720,440,-5,-5,0,453,0,0,0,5
715,435,-5,-5,0,453,0,0,0,5
710,430,-5,-5,0,453,0,0,0,5
705,425,-5,-5,0,453,0,0,0,5
700,420,-5,-5,0,453,0,0,0,5
695,415,-5,-5,0,453,0,0,0,5
690,410,-5,-5,0,453,0,0,0,5
685,405,-5,-5,0,453,0,0,0,5
680,400,-5,-5,0,453,0,0,0,5
675,395,-5,-5,0,453,0,0,0,5
670,390,-5,-5,0,453,0,0,0,5
665,385,-5,-5,0,453,0,0,0,5
660,380,-5,-5,0,453,0,0,0,5
655,375,-5,-5,0,453,0,0,0,5
650,370,-5,-5,0,453,0,0,0,5
645,365,-5,-5,0,453,0,0,0,5
640,360,-5,-5,0,453,0,0,0,5
635,355,-5,-5,0,453,0,0,0,5
630,350,-5,-5,0,453,0,0,0,5
625,345,-5,-5,0,453,0,0,0,5
620,340,-5,-5,0,453,0,0,0,5
615,335,-5,-5,0,453,0,0,0,5
610,330,-5,-5,0,453,0,0,0,5
605,325,-5,-5,0,453,0,0,0,5
600,320,-5,-5,0,453,0,0,0,5
595,315,-5,-5,0,453,0,0,0,5
590,310,-5,-5,0,453,0,0,0,5
585,305,-5,-5,0,453,0,0,0,5
580,300,-5,-5,0,453,0,0,0,5
575,295,-5,-5,0,453,0,0,0,5
570,290,-5,-5,0,453,0,0,0,5
565,285,-5,-5,0,453,0,0,0,5
560,280,-5,-5,0,453,0,0,0,5
555,275,-5,-5,0,453,0,0,0,5
550,270,-5,-5,0,453,0,0,0,5
545,265,-5,-5,0,453,0,0,0,5
540,260,-5,-5,0,453,0,0,0,5
535,255,-5,-5,0,453,0,0,0,5
530,250,-5,-5,0,453,0,0,0,5
525,245,-5,-5,0,453,0,0,0,5
520,240,-5,-5,0,453,0,0,0,5
515,235,-5,-5,0,453,0,0,0,5
510,230,-5,-5,0,453,0,0,0,5
505,225,-5,-5,0,453,0,0,0,5
500,220,-5,-5,0,453,0,0,0,5
495,215,-5,-5,0,453,0,0,0,5
490,210,-5,-5,0,453,0,0,0,5
485,205,-5,-5,0,453,0,0,0,5
480,200,-5,-5,0,453,0,0,0,5
475,195,-5,-5,0,453,0,0,0,5
470,190,-5,-5,0,453,0,0,0,5
465,185,-5,-5,0,453,0,0,0,5
460,180,-5,-5,0,453,0,0,0,5
455,175,-5,-5,0,453,0,0,0,5
450,170,-5,-5,0,453,0,0,0,5
445,165,-5,-5,0,453,0,0,0,5
440,160,-5,-5,0,453,0,0,0,5
435,155,-5,-5,0,453,0,0,0,5
430,150,-5,-5,0,453,0,0,0,5
425,145,-5,-5,0,453,0,0,0,5
420,140,-5,-5,0,453,0,0,0,5
415,135,-5,-5,0,453,0,0,0,5
410,130,-5,-5,0,453,0,0,0,5
405,125,-5,-5,0,453,0,0,0,5
400,120,-5,-5,0,453,0,0,0,5
395,115,-5,-5,0,453,0,0,0,5
390,110,-5,-5,0,453,0,0,0,5
385,105,-5,-5,0,453,0,0,0,5
380,100,-5,-5,0,453,0,0,0,5
375,95,-5,-5,0,453,0,0,0,5
370,90,-5,-5,0,453,0,0,0,5
365,85,-5,-5,0,453,0,0,0,5
360,80,-5,-5,0,453,0,0,0,5
355,75,-5,-5,0,453,0,0,0,5
350,70,-5,-5,0,453,0,0,0,5
345,65,-5,-5,0,453,0,0,0,5
340,60,-5,-5,0,453,0,0,0,5
335,55,-5,-5,0,453,0,0,0,5
330,50,-5,-5,0,453,0,0,0,5
325,45,-5,-5,0,453,0,0,0,5
320,40,-5,-5,0,453,0,0,0,5
315,35,-5,-5,0,453,0,0,0,5
310,30,-5,-5,0,453,0,0,0,5
305,25,-5,-5,0,453,0,0,0,5
300,20,-5,-5,0,453,0,0,0,5
295,15,-5,-5,0,453,0,0,0,5
290,10,-5,5,0,453,0,0,0,5
285,15,-5,5,0,453,0,0,0,5
280,20,-5,5,0,453,0,0,0,5
275,25,-5,5,0,453,0,0,0,5
270,30,-5,5,0,453,0,0,0,5
265,35,-5,5,0,453,0,0,0,5
260,40,-5,5,0,453,0,0,0,5
255,45,-5,5,0,453,0,0,0,5
250,50,-5,5,0,453,0,0,0,5
245,55,-5,5,0,453,0,0,0,5
240,60,-5,5,0,453,0,0,0,5
235,65,-5,5,0,453,0,0,0,5
230,70,-5,5,0,453,0,0,0,5
225,75,-5,5,0,453,0,0,0,5
220,80,-5,5,0,453,0,0,0,5
215,85,-5,5,0,453,0,0,0,5
210,90,-5,5,0,453,0,0,0,5
205,95,-5,5,0,453,0,0,0,5
200,100,-5,5,0,453,0,0,0,5
195,105,-5,5,0,453,0,0,0,5
190,110,-5,5,0,453,0,0,0,5
185,115,-5,5,0,453,0,0,0,5
180,120,-5,5,0,453,0,0,0,5
175,125,-5,5,0,453,0,0,0,5
170,130,-5,5,0,453,0,0,0,5
165,135,-5,5,0,453,0,0,0,5
160,140,-5,5,0,453,0,0,0,5
155,145,-5,5,0,453,0,0,0,5
150,150,-5,5,0,453,0,0,0,5
145,155,-5,5,0,453,0,0,0,5
140,160,-5,5,0,453,0,0,0,5
135,165,-5,5,0,453,0,0,0,5
130,170,-5,5,0,453,0,0,0,5
125,175,-5,5,0,453,0,0,0,5
120,180,-5,5,0,453,0,0,0,5
115,185,-5,5,0,453,0,0,0,5
110,190,-5,5,0,453,0,0,0,5
105,195,-5,5,0,453,0,0,0,5
100,200,-5,5,0,453,0,0,0,5
95,205,-5,5,0,453,0,0,0,5
90,210,-5,5,0,453,0,0,0,5
85,215,-5,5,0,453,0,0,0,5
80,220,-5,5,0,453,0,0,0,5
75,225,-5,5,0,453,0,0,0,5
70,230,-5,5,0,453,0,0,0,5
65,235,-5,5,0,453,0,0,0,5
60,240,-5,5,0,453,0,0,0,5
55,245,-5,5,0,453,0,0,0,5
50,250,-5,5,0,453,0,0,0,5
45,255,-5,5,0,453,0,0,0,5
40,260,-5,5,0,453,0,0,0,5
35,265,-5,5,0,453,0,0,0,5
30,270,-5,5,0,453,0,0,0,5
25,275,-5,5,0,453,0,0,0,5
20,280,-5,5,0,453,0,0,0,5
15,285,-5,5,0,453,0,0,0,5
10,290,-5,5,0,453,0,0,0,5
5,295,-5,5,0,453,0,0,0,5
0,300,-5,5,0,453,0,0,0,5
400,300,5,5,0,453,0,0,0,6
405,305,5,5,0,446,0,-1,0,6
410,310,5,5,0,439,0,-1,0,6
415,315,5,5,0,439,0,0,0,6
420,320,5,5,0,432,0,-1,0,6
425,325,5,5,0,425,0,-1,0,6
430,330,5,5,0,418,0,-1,0,6
435,335,5,5,0,411,0,-1,0,6
440,340,5,5,0,404,0,-1,0,6
445,345,5,5,0,397,0,-1,0,6
450,350,5,5,0,390,0,-1,0,6
455,355,5,5,0,383,0,-1,0,6
460,360,5,5,0,376,0,-1,0,6
465,365,5,5,0,369,0,-1,0,6
470,370,5,5,0,369,0,0,0,6
475,375,5,5,0,362,0,-1,0,6
480,380,5,5,0,355,0,-1,0,6
485,385,5,5,0,348,0,-1,0,6
490,390,5,5,0,341,0,-1,0,6
495,395,5,5,0,334,0,-1,0,6
500,400,5,5,0,341,0,1,0,6
505,405,5,5,0,348,0,1,0,6
510,410,5,5,0,355,0,1,0,6
515,415,5,5,0,362,0,1,0,6
520,420,5,5,0,369,0,1,0,6
525,425,5,5,0,376,0,1,0,6
530,430,5,5,0,369,0,-1,0,6
535,435,5,5,0,376,0,1,0,6
540,440,5,5,0,376,0,0,0,6
545,445,5,5,0,383,0,1,0,6
550,450,5,5,0,390,0,1,0,6
555,455,5,5,0,397,0,1,0,6
560,460,5,5,0,404,0,1,0,6
565,465,5,5,0,411,0,1,0,6
570,470,5,5,0,418,0,1,0,6
575,475,5,5,0,425,0,1,0,6
580,480,5,5,0,425,0,0,0,6
585,485,5,5,0,432,0,1,0,6
590,490,5,5,0,439,0,1,0,6
595,495,5,5,0,446,0,1,0,6
600,500,5,5,0,439,0,-1,0,6
605,505,5,5,0,446,0,1,0,6
610,510,5,5,0,453,0,1,0,6
615,515,5,5,0,460,0,1,0,6
620,520,5,5,0,467,0,1,0,6
625,525,5,5,0,467,0,0,0,6
630,530,5,5,0,474,0,1,0,6
635,535,5,5,0,481,0,1,0,6
640,540,5,5,0,488,0,1,0,6
645,545,5,5,0,495,0,1,0,6
650,550,5,5,0,495,0,0,0,6
655,555,5,5,0,502,0,1,0,6
660,560,5,5,0,509,0,1,0,6
665,565,5,5,0,516,0,1,0,6
670,570,5,5,0,509,0,-1,0,6
675,575,5,5,0,516,0,1,0,6
680,580,5,5,0,523,0,1,0,6
685,585,5,5,0,530,0,1,0,6
690,590,5,-5,0,537,0,1,0,6
695,585,5,-5,0,544,0,1,0,6
700,580,5,-5,0,537,0,-1,0,6
705,575,5,-5,0,530,0,-1,0,6
710,570,5,-5,0,523,0,-1,0,6
715,565,5,-5,0,516,0,-1,0,6
720,560,5,-5,0,509,0,-1,0,6
725,555,5,-5,0,516,0,1,0,6
730,550,5,-5,0,509,0,-1,0,6
735,545,5,-5,0,502,0,-1,0,6
740,540,5,-5,0,495,0,-1,0,6
745,535,5,-5,0,488,0,-1,0,6
750,530,5,-5,0,481,0,-1,0,6
755,525,5,-5,0,474,0,-1,0,6
760,520,5,-5,0,481,0,1,0,6
765,515,5,-5,0,474,0,-1,0,6
770,510,5,-5,0,467,0,-1,0,6
775,505,5,-5,0,460,0,-1,0,6
780,500,-5,-5,0,453,0,-1,0,6
775,495,-5,-5,0,453,0,0,0,6
770,490,-5,-5,0,453,0,0,0,6
765,485,-5,-5,0,453,0,0,0,6
760,480,-5,-5,0,453,0,0,0,6
755,475,-5,-5,0,453,0,0,0,6
750,470,-5,-5,0,453,0,0,0,6
745,465,-5,-5,0,453,0,0,0,6
740,460,-5,-5,0,453,0,0,0,6
735,455,-5,-5,0,453,0,0,0,6
730,450,-5,-5,0,453,0,0,0,6
725,445,-5,-5,0,453,0,0,0,6
720,440,-5,-5,0,453,0,0,0,6
715,435,-5,-5,0,453,0,0,0,6
710,430,-5,-5,0,453,0,0,0,6
705,425,-5,-5,0,453,0,0,0,6
700,420,-5,-5,0,453,0,0,0,6
695,415,-5,-5,0,453,0,0,0,6
690,410,-5,-5,0,453,0,0,0,6
685,405,-5,-5,0,453,0,0,0,6
680,400,-5,-5,0,453,0,0,0,6
675,395,-5,-5,0,453,0,0,0,6
670,390,-5,-5,0,453,0,0,0,6
665,385,-5,-5,0,453,0,0,0,6
660,380,-5,-5,0,453,0,0,0,6
655,375,-5,-5,0,453,0,0,0,6
650,370,-5,-5,0,453,0,0,0,6
645,365,-5,-5,0,453,0,0,0,6
640,360,-5,-5,0,453,0,0,0,6
635,355,-5,-5,0,453,0,0,0,6
630,350,-5,-5,0,453,0,0,0,6
625,345,-5,-5,0,453,0,0,0,6
620,340,-5,-5,0,453,0,0,0,6
615,335,-5,-5,0,453,0,0,0,6
610,330,-5,-5,0,453,0,0,0,6
605,325,-5,-5,0,453,0,0,0,6
600,320,-5,-5,0,453,0,0,0,6
595,315,-5,-5,0,453,0,0,0,6
590,310,-5,-5,0,453,0,0,0,6
585,305,-5,-5,0,453,0,0,0,6
580,300,-5,-5,0,453,0,0,0,6
575,295,-5,-5,0,453,0,0,0,6
570,290,-5,-5,0,453,0,0,0,6
565,285,-5,-5,0,453,0,0,0,6
560,280,-5,-5,0,453,0,0,0,6
555,275,-5,-5,0,453,0,0,0,6
550,270,-5,-5,0,453,0,0,0,6
545,265,-5,-5,0,453,0,0,0,6
540,260,-5,-5,0,453,0,0,0,6
535,255,-5,-5,0,453,0,0,0,6
530,250,-5,-5,0,453,0,0,0,6
525,245,-5,-5,0,453,0,0,0,6
520,240,-5,-5,0,453,0,0,0,6
515,235,-5,-5,0,453,0,0,0,6
510,230,-5,-5,0,453,0,0,0,6
505,225,-5,-5,0,453,0,0,0,6
500,220,-5,-5,0,453,0,0,0,6
495,215,-5,-5,0,453,0,0,0,6
490,210,-5,-5,0,453,0,0,0,6
485,205,-5,-5,0,453,0,0,0,6
480,200,-5,-5,0,453,0,0,0,6
475,195,-5,-5,0,453,0,0,0,6
470,190,-5,-5,0,453,0,0,0,6
465,185,-5,-5,0,453,0,0,0,6
460,180,-5,-5,0,453,0,0,0,6
455,175,-5,-5,0,453,0,0,0,6
450,170,-5,-5,0,453,0,0,0,6
445,165,-5,-5,0,453,0,0,0,6
440,160,-5,-5,0,453,0,0,0,6
435,155,-5,-5,0,453,0,0,0,6
430,150,-5,-5,0,453,0,0,0,6
425,145,-5,-5,0,453,0,0,0,6
420,140,-5,-5,0,453,0,0,0,6
415,135,-5,-5,0,453,0,0,0,6
410,130,-5,-5,0,453,0,0,0,6
405,125,-5,-5,0,453,0,0,0,6
400,120,-5,-5,0,453,0,0,0,6
395,115,-5,-5,0,453,0,0,0,6
390,110,-5,-5,0,453,0,0,0,6
385,105,-5,-5,0,453,0,0,0,6
380,100,-5,-5,0,453,0,0,0,6
375,95,-5,-5,0,453,0,0,0,6
370,90,-5,-5,0,453,0,0,0,6
365,85,-5,-5,0,453,0,0,0,6
360,80,-5,-5,0,453,0,0,0,6
355,75,-5,-5,0,453,0,0,0,6
350,70,-5,-5,0,453,0,0,0,6
345,65,-5,-5,0,453,0,0,0,6
340,60,-5,-5,0,453,0,0,0,6
335,55,-5,-5,0,453,0,0,0,6
330,50,-5,-5,0,453,0,0,0,6
325,45,-5,-5,0,453,0,0,0,6
320,40,-5,-5,0,453,0,0,0,6
315,35,-5,-5,0,453,0,0,0,6
310,30,-5,-5,0,453,0,0,0,6
305,25,-5,-5,0,453,0,0,0,6
300,20,-5,-5,0,453,0,0,0,6
295,15,-5,-5,0,453,0,0,0,6
290,10,-5,5,0,453,0,0,0,6
285,15,-5,5,0,453,0,0,0,6
280,20,-5,5,0,453,0,0,0,6
275,25,-5,5,0,453,0,0,0,6
270,30,-5,5,0,453,0,0,0,6
265,35,-5,5,0,453,0,0,0,6
260,40,-5,5,0,453,0,0,0,6
255,45,-5,5,0,453,0,0,0,6
250,50,-5,5,0,453,0,0,0,6
245,55,-5,5,0,453,0,0,0,6
240,60,-5,5,0,453,0,0,0,6
235,65,-5,5,0,453,0,0,0,6
230,70,-5,5,0,453,0,0,0,6
225,75,-5,5,0,453,0,0,0,6
220,80,-5,5,0,453,0,0,0,6
215,85,-5,5,0,453,0,0,0,6
210,90,-5,5,0,453,0,0,0,6
205,95,-5,5,0,453,0,0,0,6
200,100,-5,5,0,453,0,0,0,6
195,105,-5,5,0,453,0,0,0,6
190,110,-5,5,0,453,0,0,0,6
185,115,-5,5,0,453,0,0,0,6
180,120,-5,5,0,453,0,0,0,6
175,125,-5,5,0,453,0,0,0,6
ball_x,ball_y,ball_dx,ball_dy,paddle1_y,paddle2_y,paddle1_action,paddle2_action,score1,score2
405,305,5,5,250,250,0,0,0,0
410,310,5,5,250,257,0,1,0,0
415,315,5,5,250,264,0,1,0,0
420,320,5,5,250,271,0,1,0,0
425,325,5,5,250,264,0,-1,0,0
430,330,5,5,250,264,0,0,0,0
435,335,5,5,250,271,0,1,0,0
440,340,5,5,250,278,0,1,0,0
445,345,5,5,250,285,0,1,0,0
450,350,5,5,250,292,0,1,0,0
455,355,5,5,250,299,0,1,0,0
460,360,5,5,250,306,0,1,0,0
465,365,5,5,250,313,0,1,0,0
470,370,5,5,250,320,0,1,0,0
475,375,5,5,250,320,0,0,0,0
480,380,5,5,250,327,0,1,0,0
485,385,5,5,250,334,0,1,0,0
490,390,5,5,250,341,0,1,0,0
495,395,5,5,250,334,0,-1,0,0
500,400,5,5,250,341,0,1,0,0
505,405,5,5,250,348,0,1,0,0
510,410,5,5,250,355,0,1,0,0
515,415,5,5,250,362,0,1,0,0
520,420,5,5,250,369,0,1,0,0
525,425,5,5,250,376,0,1,0,0
530,430,5,5,250,369,0,-1,0,0
535,435,5,5,250,376,0,1,0,0
540,440,5,5,250,383,0,1,0,0
545,445,5,5,250,390,0,1,0,0
550,450,5,5,250,397,0,1,0,0
555,455,5,5,250,404,0,1,0,0
560,460,5,5,250,411,0,1,0,0
565,465,5,5,250,404,0,-1,0,0
570,470,5,5,250,404,0,0,0,0
575,475,5,5,250,411,0,1,0,0
580,480,5,5,250,418,0,1,0,0
585,485,5,5,250,425,0,1,0,0
590,490,5,5,250,432,0,1,0,0
595,495,5,5,250,439,0,1,0,0
600,500,5,5,250,446,0,1,0,0
605,505,5,5,250,453,0,1,0,0
610,510,5,5,250,460,0,1,0,0
615,515,5,5,250,460,0,0,0,0
620,520,5,5,250,467,0,1,0,0
625,525,5,5,250,474,0,1,0,0
630,530,5,5,250,481,0,1,0,0
635,535,5,5,250,474,0,-1,0,0
640,540,5,5,250,481,0,1,0,0
645,545,5,5,250,488,0,1,0,0
650,550,5,5,250,495,0,1,0,0
655,555,5,5,250,502,0,1,0,0
660,560,5,5,250,509,0,1,0,0
665,565,5,5,250,516,0,1,0,0
670,570,5,5,250,516,0,0,0,0
675,575,5,5,250,523,0,1,0,0
680,580,5,5,250,530,0,1,0,0
685,585,5,5,250,530,0,0,0,0
690,590,5,-5,240,530,-1,0,0,0
695,585,5,-5,230,537,-1,1,0,0
700,580,5,-5,220,530,-1,-1,0,0
705,575,5,-5,210,530,-1,0,0,0
710,570,5,-5,200,530,-1,0,0,0
715,565,5,-5,190,523,-1,-1,0,0
720,560,5,-5,180,516,-1,-1,0,0
725,555,5,-5,170,516,-1,0,0,0
730,550,5,-5,160,509,-1,-1,0,0
735,545,5,-5,150,502,-1,-1,0,0
740,540,5,-5,140,495,-1,-1,0,0
745,535,5,-5,130,495,-1,0,0,0
750,530,5,-5,120,488,-1,-1,0,0
755,525,5,-5,110,481,-1,-1,0,0
760,520,5,-5,100,474,-1,-1,0,0
765,515,5,-5,90,474,-1,0,0,0
770,510,5,-5,80,467,-1,-1,0,0
775,505,5,-5,70,460,-1,-1,0,0
780,500,-5,-5,60,453,-1,-1,0,0
775,495,-5,-5,50,453,-1,0,0,0
770,490,-5,-5,40,453,-1,0,0,0
765,485,-5,-5,30,453,-1,0,0,0
760,480,-5,-5,20,453,-1,0,0,0
755,475,-5,-5,10,453,-1,0,0,0
750,470,-5,-5,0,453,-1,0,0,0
745,465,-5,-5,0,453,0,0,0,0
740,460,-5,-5,0,453,0,0,0,0
735,455,-5,-5,0,453,0,0,0,0
730,450,-5,-5,0,453,0,0,0,0
725,445,-5,-5,0,453,0,0,0,0
720,440,-5,-5,0,453,0,0,0,0
715,435,-5,-5,0,453,0,0,0,0
710,430,-5,-5,0,453,0,0,0,0
705,425,-5,-5,0,453,0,0,0,0
700,420,-5,-5,0,453,0,0,0,0
695,415,-5,-5,0,453,0,0,0,0
690,410,-5,-5,0,453,0,0,0,0
685,405,-5,-5,0,453,0,0,0,0
680,400,-5,-5,0,453,0,0,0,0
675,395,-5,-5,0,453,0,0,0,0
670,390,-5,-5,0,453,0,0,0,0
665,385,-5,-5,0,453,0,0,0,0
660,380,-5,-5,0,453,0,0,0,0
655,375,-5,-5,0,453,0,0,0,0
650,370,-5,-5,0,453,0,0,0,0
645,365,-5,-5,0,453,0,0,0,0
640,360,-5,-5,0,453,0,0,0,0
635,355,-5,-5,0,453,0,0,0,0
630,350,-5,-5,0,453,0,0,0,0
625,345,-5,-5,0,453,0,0,0,0
620,340,-5,-5,0,453,0,0,0,0
615,335,-5,-5,0,453,0,0,0,0
610,330,-5,-5,0,453,0,0,0,0
605,325,-5,-5,0,453,0,0,0,0
600,320,-5,-5,0,453,0,0,0,0
595,315,-5,-5,0,453,0,0,0,0
590,310,-5,-5,0,453,0,0,0,0
585,305,-5,-5,0,453,0,0,0,0
580,300,-5,-5,0,453,0,0,0,0
575,295,-5,-5,0,453,0,0,0,0
570,290,-5,-5,0,453,0,0,0,0
565,285,-5,-5,0,453,0,0,0,0
560,280,-5,-5,0,453,0,0,0,0
555,275,-5,-5,0,453,0,0,0,0
550,270,-5,-5,0,453,0,0,0,0
545,265,-5,-5,0,453,0,0,0,0
540,260,-5,-5,0,453,0,0,0,0
535,255,-5,-5,0,453,0,0,0,0
530,250,-5,-5,0,453,0,0,0,0
525,245,-5,-5,0,453,0,0,0,0
520,240,-5,-5,0,453,0,0,0,0
515,235,-5,-5,0,453,0,0,0,0
510,230,-5,-5,0,453,0,0,0,0
505,225,-5,-5,0,453,0,0,0,0
500,220,-5,-5,0,453,0,0,0,0
495,215,-5,-5,0,453,0,0,0,0
490,210,-5,-5,0,453,0,0,0,0
485,205,-5,-5,0,453,0,0,0,0
480,200,-5,-5,0,453,0,0,0,0
475,195,-5,-5,0,453,0,0,0,0
470,190,-5,-5,0,453,0,0,0,0
465,185,-5,-5,0,453,0,0,0,0
460,180,-5,-5,0,453,0,0,0,0
455,175,-5,-5,0,453,0,0,0,0
450,170,-5,-5,0,453,0,0,0,0
445,165,-5,-5,0,453,0,0,0,0
440,160,-5,-5,0,453,0,0,0,0
435,155,-5,-5,0,453,0,0,0,0
430,150,-5,-5,0,453,0,0,0,0
425,145,-5,-5,0,453,0,0,0,0
420,140,-5,-5,0,453,0,0,0,0
415,135,-5,-5,0,453,0,0,0,0
410,130,-5,-5,0,453,0,0,0,0
405,125,-5,-5,0,453,0,0,0,0
400,120,-5,-5,0,453,0,0,0,0
395,115,-5,-5,0,453,0,0,0,0
390,110,-5,-5,0,453,0,0,0,0
385,105,-5,-5,0,453,0,0,0,0
380,100,-5,-5,0,453,0,0,0,0
375,95,-5,-5,0,453,0,0,0,0
370,90,-5,-5,0,453,0,0,0,0
365,85,-5,-5,0,453,0,0,0,0
360,80,-5,-5,0,453,0,0,0,0
355,75,-5,-5,0,453,0,0,0,0
350,70,-5,-5,0,453,0,0,0,0
345,65,-5,-5,0,453,0,0,0,0
340,60,-5,-5,0,453,0,0,0,0
335,55,-5,-5,0,453,0,0,0,0
330,50,-5,-5,0,453,0,0,0,0
325,45,-5,-5,0,453,0,0,0,0
320,40,-5,-5,0,453,0,0,0,0
315,35,-5,-5,0,453,0,0,0,0
310,30,-5,-5,0,453,0,0,0,0
305,25,-5,-5,0,453,0,0,0,0
300,20,-5,-5,0,453,0,0,0,0
295,15,-5,-5,0,453,0,0,0,0
290,10,-5,5,0,453,0,0,0,0
285,15,-5,5,0,453,0,0,0,0
280,20,-5,5,0,453,0,0,0,0
275,25,-5,5,0,453,0,0,0,0
270,30,-5,5,0,453,0,0,0,0
265,35,-5,5,0,453,0,0,0,0
260,40,-5,5,0,453,0,0,0,0
255,45,-5,5,0,453,0,0,0,0
250,50,-5,5,0,453,0,0,0,0
245,55,-5,5,0,453,0,0,0,0
240,60,-5,5,0,453,0,0,0,0
235,65,-5,5,0,453,0,0,0,0
230,70,-5,5,0,453,0,0,0,0
225,75,-5,5,0,453,0,0,0,0
220,80,-5,5,0,453,0,0,0,0
215,85,-5,5,0,453,0,0,0,0
210,90,-5,5,0,453,0,0,0,0
205,95,-5,5,0,453,0,0,0,0
200,100,-5,5,0,453,0,0,0,0
195,105,-5,5,0,453,0,0,0,0
190,110,-5,5,0,453,0,0,0,0
185,115,-5,5,0,453,0,0,0,0
180,120,-5,5,0,453,0,0,0,0
175,125,-5,5,0,453,0,0,0,0
170,130,-5,5,0,453,0,0,0,0
165,135,-5,5,0,453,0,0,0,0
160,140,-5,5,0,453,0,0,0,0
155,145,-5,5,0,453,0,0,0,0
150,150,-5,5,0,453,0,0,0,0
145,155,-5,5,0,453,0,0,0,0
140,160,-5,5,0,453,0,0,0,0
135,165,-5,5,0,453,0,0,0,0
130,170,-5,5,0,453,0,0,0,0
125,175,-5,5,0,453,0,0,0,0
120,180,-5,5,0,453,0,0,0,0
115,185,-5,5,0,453,0,0,0,0
110,190,-5,5,0,453,0,0,0,0
105,195,-5,5,0,453,0,0,0,0
100,200,-5,5,0,453,0,0,0,0
95,205,-5,5,0,453,0,0,0,0
90,210,-5,5,0,453,0,0,0,0
85,215,-5,5,0,453,0,0,0,0
80,220,-5,5,0,453,0,0,0,0
75,225,-5,5,0,453,0,0,0,0
70,230,-5,5,0,453,0,0,0,0
65,235,-5,5,0,453,0,0,0,0
60,240,-5,5,0,453,0,0,0,0
55,245,-5,5,0,453,0,0,0,0
50,250,-5,5,0,453,0,0,0,0
45,255,-5,5,0,453,0,0,0,0
40,260,-5,5,0,453,0,0,0,0
35,265,-5,5,0,453,0,0,0,0
30,270,-5,5,0,453,0,0,0,0
25,275,-5,5,0,453,0,0,0,0
20,280,-5,5,0,453,0,0,0,0
15,285,-5,5,0,453,0,0,0,0
10,290,-5,5,0,453,0,0,0,0
5,295,-5,5,0,453,0,0,0,0
0,300,-5,5,0,453,0,0,0,0
400,300,5,5,0,453,0,0,0,1
405,305,5,5,0,446,0,-1,0,1
410,310,5,5,0,439,0,-1,0,1
415,315,5,5,0,432,0,-1,0,1
420,320,5,5,0,425,0,-1,0,1
425,325,5,5,0,418,0,-1,0,1
430,330,5,5,0,411,0,-1,0,1
435,335,5,5,0,404,0,-1,0,1
440,340,5,5,0,397,0,-1,0,1
445,345,5,5,0,390,0,-1,0,1
450,350,5,5,0,383,0,-1,0,1
455,355,5,5,0,376,0,-1,0,1
460,360,5,5,0,369,0,-1,0,1
465,365,5,5,0,369,0,0,0,1
470,370,5,5,0,362,0,-1,0,1
475,375,5,5,0,355,0,-1,0,1
480,380,5,5,0,348,0,-1,0,1
485,385,5,5,0,348,0,0,0,1
490,390,5,5,0,341,0,-1,0,1
495,395,5,5,0,334,0,-1,0,1
500,400,5,5,0,341,0,1,0,1
505,405,5,5,0,348,0,1,0,1
510,410,5,5,0,355,0,1,0,1
515,415,5,5,0,362,0,1,0,1
520,420,5,5,0,369,0,1,0,1
525,425,5,5,0,376,0,1,0,1
530,430,5,5,0,376,0,0,0,1
535,435,5,5,0,383,0,1,0,1
540,440,5,5,0,390,0,1,0,1
545,445,5,5,0,390,0,0,0,1
550,450,5,5,0,397,0,1,0,1
555,455,5,5,0,404,0,1,0,1
560,460,5,5,0,411,0,1,0,1
565,465,5,5,0,404,0,-1,0,1
570,470,5,5,0,411,0,1,0,1
575,475,5,5,0,418,0,1,0,1
580,480,5,5,0,425,0,1,0,1
585,485,5,5,0,432,0,1,0,1
590,490,5,5,0,439,0,1,0,1
595,495,5,5,0,446,0,1,0,1
600,500,5,5,0,439,0,-1,0,1
605,505,5,5,0,446,0,1,0,1
610,510,5,5,0,453,0,1,0,1
615,515,5,5,0,460,0,1,0,1
620,520,5,5,0,467,0,1,0,1
625,525,5,5,0,474,0,1,0,1
630,530,5,5,0,481,0,1,0,1
635,535,5,5,0,474,0,-1,0,1
640,540,5,5,0,481,0,1,0,1
645,545,5,5,0,488,0,1,0,1
650,550,5,5,0,495,0,1,0,1
655,555,5,5,0,502,0,1,0,1
660,560,5,5,0,509,0,1,0,1
665,565,5,5,0,509,0,0,0,1
670,570,5,5,0,516,0,1,0,1
675,575,5,5,0,523,0,1,0,1
680,580,5,5,0,530,0,1,0,1
685,585,5,5,0,530,0,0,0,1
690,590,5,-5,0,537,0,1,0,1
695,585,5,-5,0,544,0,1,0,1
700,580,5,-5,0,537,0,-1,0,1
705,575,5,-5,0,530,0,-1,0,1
710,570,5,-5,0,523,0,-1,0,1
715,565,5,-5,0,516,0,-1,0,1
720,560,5,-5,0,509,0,-1,0,1
725,555,5,-5,0,509,0,0,0,1
730,550,5,-5,0,502,0,-1,0,1
735,545,5,-5,0,495,0,-1,0,1
740,540,5,-5,0,495,0,0,0,1
745,535,5,-5,0,488,0,-1,0,1
750,530,5,-5,0,481,0,-1,0,1
755,525,5,-5,0,474,0,-1,0,1
760,520,5,-5,0,481,0,1,0,1
765,515,5,-5,0,474,0,-1,0,1
770,510,5,-5,0,467,0,-1,0,1
775,505,5,-5,0,460,0,-1,0,1
780,500,-5,-5,0,453,0,-1,0,1
775,495,-5,-5,0,453,0,0,0,1
770,490,-5,-5,0,453,0,0,0,1
765,485,-5,-5,0,453,0,0,0,1
760,480,-5,-5,0,453,0,0,0,1
755,475,-5,-5,0,453,0,0,0,1
750,470,-5,-5,0,453,0,0,0,1
745,465,-5,-5,0,453,0,0,0,1
740,460,-5,-5,0,453,0,0,0,1
735,455,-5,-5,0,453,0,0,0,1
730,450,-5,-5,0,453,0,0,0,1
725,445,-5,-5,0,453,0,0,0,1
720,440,-5,-5,0,453,0,0,0,1
715,435,-5,-5,0,453,0,0,0,1
710,430,-5,-5,0,453,0,0,0,1
705,425,-5,-5,0,453,0,0,0,1
700,420,-5,-5,0,453,0,0,0,1
695,415,-5,-5,0,453,0,0,0,1
690,410,-5,-5,0,453,0,0,0,1
685,405,-5,-5,0,453,0,0,0,1
680,400,-5,-5,0,453,0,0,0,1
675,395,-5,-5,0,453,0,0,0,1
670,390,-5,-5,0,453,0,0,0,1
665,385,-5,-5,0,453,0,0,0,1
660,380,-5,-5,0,453,0,0,0,1
655,375,-5,-5,0,453,0,0,0,1
650,370,-5,-5,0,453,0,0,0,1
645,365,-5,-5,0,453,0,0,0,1
640,360,-5,-5,0,453,0,0,0,1
635,355,-5,-5,0,453,0,0,0,1
630,350,-5,-5,0,453,0,0,0,1
625,345,-5,-5,0,453,0,0,0,1
620,340,-5,-5,0,453,0,0,0,1
615,335,-5,-5,0,453,0,0,0,1
610,330,-5,-5,0,453,0,0,0,1
605,325,-5,-5,0,453,0,0,0,1
600,320,-5,-5,0,453,0,0,0,1
595,315,-5,-5,0,453,0,0,0,1
590,310,-5,-5,0,453,0,0,0,1
585,305,-5,-5,0,453,0,0,0,1
580,300,-5,-5,0,453,0,0,0,1
575,295,-5,-5,0,453,0,0,0,1
570,290,-5,-5,0,453,0,0,0,1
565,285,-5,-5,0,453,0,0,0,1
560,280,-5,-5,0,453,0,0,0,1
555,275,-5,-5,0,453,0,0,0,1
550,270,-5,-5,0,453,0,0,0,1
545,265,-5,-5,0,453,0,0,0,1
540,260,-5,-5,0,453,0,0,0,1
535,255,-5,-5,0,453,0,0,0,1
530,250,-5,-5,0,453,0,0,0,1
525,245,-5,-5,0,453,0,0,0,1
520,240,-5,-5,0,453,0,0,0,1
515,235,-5,-5,0,453,0,0,0,1
510,230,-5,-5,0,453,0,0,0,1
505,225,-5,-5,0,453,0,0,0,1
500,220,-5,-5,0,453,0,0,0,1
495,215,-5,-5,0,453,0,0,0,1
490,210,-5,-5,0,453,0,0,0,1
485,205,-5,-5,0,453,0,0,0,1
480,200,-5,-5,0,453,0,0,0,1
475,195,-5,-5,0,453,0,0,0,1
470,190,-5,-5,0,453,0,0,0,1
465,185,-5,-5,0,453,0,0,0,1
460,180,-5,-5,0,453,0,0,0,1
455,175,-5,-5,0,453,0,0,0,1
450,170,-5,-5,0,453,0,0,0,1
445,165,-5,-5,0,453,0,0,0,1
440,160,-5,-5,0,453,0,0,0,1
435,155,-5,-5,0,453,0,0,0,1
430,150,-5,-5,0,453,0,0,0,1
425,145,-5,-5,0,453,0,0,0,1
420,140,-5,-5,0,453,0,0,0,1
415,135,-5,-5,0,453,0,0,0,1
410,130,-5,-5,0,453,0,0,0,1
405,125,-5,-5,0,453,0,0,0,1
400,120,-5,-5,0,453,0,0,0,1
395,115,-5,-5,0,453,0,0,0,1
390,110,-5,-5,0,453,0,0,0,1
385,105,-5,-5,0,453,0,0,0,1
380,100,-5,-5,0,453,0,0,0,1
375,95,-5,-5,0,453,0,0,0,1
370,90,-5,-5,0,453,0,0,0,1
365,85,-5,-5,0,453,0,0,0,1
360,80,-5,-5,0,453,0,0,0,1
355,75,-5,-5,0,453,0,0,0,1
350,70,-5,-5,0,453,0,0,0,1
345,65,-5,-5,0,453,0,0,0,1
340,60,-5,-5,0,453,0,0,0,1
335,55,-5,-5,0,453,0,0,0,1
330,50,-5,-5,0,453,0,0,0,1
325,45,-5,-5,0,453,0,0,0,1
320,40,-5,-5,0,453,0,0,0,1
315,35,-5,-5,0,453,0,0,0,1
310,30,-5,-5,0,453,0,0,0,1
305,25,-5,-5,0,453,0,0,0,1
300,20,-5,-5,0,453,0,0,0,1
295,15,-5,-5,0,453,0,0,0,1
290,10,-5,5,0,453,0,0,0,1
285,15,-5,5,0,453,0,0,0,1
280,20,-5,5,0,453,0,0,0,1
275,25,-5,5,0,453,0,0,0,1
270,30,-5,5,0,453,0,0,0,1
265,35,-5,5,0,453,0,0,0,1
260,40,-5,5,0,453,0,0,0,1
255,45,-5,5,0,453,0,0,0,1
250,50,-5,5,0,453,0,0,0,1
245,55,-5,5,0,453,0,0,0,1
240,60,-5,5,0,453,0,0,0,1
235,65,-5,5,0,453,0,0,0,1
230,70,-5,5,0,453,0,0,0,1
225,75,-5,5,0,453,0,0,0,1
220,80,-5,5,0,453,0,0,0,1
215,85,-5,5,0,453,0,0,0,1
210,90,-5,5,0,453,0,0,0,1
205,95,-5,5,0,453,0,0,0,1
200,100,-5,5,0,453,0,0,0,1
195,105,-5,5,0,453,0,0,0,1
190,110,-5,5,0,453,0,0,0,1
185,115,-5,5,0,453,0,0,0,1
180,120,-5,5,0,453,0,0,0,1
175,125,-5,5,0,453,0,0,0,1
170,130,-5,5,0,453,0,0,0,1
165,135,-5,5,0,453,0,0,0,1
160,140,-5,5,0,453,0,0,0,1
155,145,-5,5,0,453,0,0,0,1
150,150,-5,5,0,453,0,0,0,1
145,155,-5,5,0,453,0,0,0,1
140,160,-5,5,0,453,0,0,0,1
135,165,-5,5,0,453,0,0,0,1
130,170,-5,5,0,453,0,0,0,1
125,175,-5,5,0,453,0,0,0,1
120,180,-5,5,0,453,0,0,0,1
115,185,-5,5,0,453,0,0,0,1
110,190,-5,5,0,453,0,0,0,1
105,195,-5,5,0,453,0,0,0,1
100,200,-5,5,0,453,0,0,0,1
95,205,-5,5,0,453,0,0,0,1
90,210,-5,5,0,453,0,0,0,1
85,215,-5,5,0,453,0,0,0,1
80,220,-5,5,0,453,0,0,0,1
75,225,-5,5,0,453,0,0,0,1
70,230,-5,5,0,453,0,0,0,1
65,235,-5,5,0,453,0,0,0,1
60,240,-5,5,0,453,0,0,0,1
55,245,-5,5,0,453,0,0,0,1
50,250,-5,5,0,453,0,0,0,1
45,255,-5,5,0,453,0,0,0,1
40,260,-5,5,0,453,0,0,0,1
35,265,-5,5,0,453,0,0,0,1
30,270,-5,5,0,453,0,0,0,1
25,275,-5,5,0,453,0,0,0,1
20,280,-5,5,0,453,0,0,0,1
15,285,-5,5,0,453,0,0,0,1
10,290,-5,5,0,453,0,0,0,1
5,295,-5,5,0,453,0,0,0,1
0,300,-5,5,0,453,0,0,0,1
400,300,5,5,0,453,0,0,0,2
405,305,5,5,0,446,0,-1,0,2
410,310,5,5,0,439,0,-1,0,2
415,315,5,5,0,432,0,-1,0,2
420,320,5,5,0,425,0,-1,0,2
425,325,5,5,0,418,0,-1,0,2
430,330,5,5,0,411,0,-1,0,2
435,335,5,5,0,404,0,-1,0,2
440,340,5,5,0,397,0,-1,0,2
445,345,5,5,0,390,0,-1,0,2
450,350,5,5,0,383,0,-1,0,2
455,355,5,5,0,376,0,-1,0,2
460,360,5,5,0,369,0,-1,0,2
465,365,5,5,0,362,0,-1,0,2
470,370,5,5,0,355,0,-1,0,2
475,375,5,5,0,348,0,-1,0,2
480,380,5,5,0,341,0,-1,0,2
485,385,5,5,0,334,0,-1,0,2
490,390,5,5,0,341,0,1,0,2
495,395,5,5,0,334,0,-1,0,2
500,400,5,5,0,334,0,0,0,2
505,405,5,5,0,341,0,1,0,2
510,410,5,5,0,348,0,1,0,2
515,415,5,5,0,355,0,1,0,2
520,420,5,5,0,362,0,1,0,2
525,425,5,5,0,369,0,1,0,2
530,430,5,5,0,376,0,1,0,2
535,435,5,5,0,383,0,1,0,2
540,440,5,5,0,390,0,1,0,2
545,445,5,5,0,390,0,0,0,2
550,450,5,5,0,397,0,1,0,2
555,455,5,5,0,404,0,1,0,2
560,460,5,5,0,411,0,1,0,2
565,465,5,5,0,404,0,-1,0,2
570,470,5,5,0,411,0,1,0,2
575,475,5,5,0,418,0,1,0,2
580,480,5,5,0,425,0,1,0,2
585,485,5,5,0,432,0,1,0,2
590,490,5,5,0,432,0,0,0,2
595,495,5,5,0,439,0,1,0,2
600,500,5,5,0,446,0,1,0,2
605,505,5,5,0,453,0,1,0,2
610,510,5,5,0,460,0,1,0,2
615,515,5,5,0,460,0,0,0,2
620,520,5,5,0,467,0,1,0,2
625,525,5,5,0,474,0,1,0,2
630,530,5,5,0,481,0,1,0,2
635,535,5,5,0,474,0,-1,0,2
640,540,5,5,0,481,0,1,0,2
645,545,5,5,0,488,0,1,0,2
650,550,5,5,0,495,0,1,0,2
655,555,5,5,0,502,0,1,0,2
660,560,5,5,0,502,0,0,0,2
665,565,5,5,0,509,0,1,0,2
670,570,5,5,0,509,0,0,0,2
675,575,5,5,0,516,0,1,0,2
680,580,5,5,0,523,0,1,0,2
685,585,5,5,0,530,0,1,0,2
690,590,5,-5,0,537,0,1,0,2
695,585,5,-5,0,544,0,1,0,2
700,580,5,-5,0,537,0,-1,0,2
705,575,5,-5,0,530,0,-1,0,2
710,570,5,-5,0,523,0,-1,0,2
715,565,5,-5,0,516,0,-1,0,2
720,560,5,-5,0,509,0,-1,0,2
725,555,5,-5,0,509,0,0,0,2
730,550,5,-5,0,502,0,-1,0,2
735,545,5,-5,0,495,0,-1,0,2
740,540,5,-5,0,495,0,0,0,2
745,535,5,-5,0,488,0,-1,0,2
750,530,5,-5,0,481,0,-1,0,2
755,525,5,-5,0,474,0,-1,0,2
760,520,5,-5,0,481,0,1,0,2
765,515,5,-5,0,474,0,-1,0,2
770,510,5,-5,0,467,0,-1,0,2
775,505,5,-5,0,460,0,-1,0,2
780,500,-5,-5,0,453,0,-1,0,2
775,495,-5,-5,0,453,0,0,0,2
770,490,-5,-5,0,453,0,0,0,2
765,485,-5,-5,0,453,0,0,0,2
760,480,-5,-5,0,453,0,0,0,2
755,475,-5,-5,0,453,0,0,0,2
750,470,-5,-5,0,453,0,0,0,2
745,465,-5,-5,0,453,0,0,0,2
740,460,-5,-5,0,453,0,0,0,2
735,455,-5,-5,0,453,0,0,0,2
730,450,-5,-5,0,453,0,0,0,2
725,445,-5,-5,0,453,0,0,0,2
720,440,-5,-5,0,453,0,0,0,2
715,435,-5,-5,0,453,0,0,0,2
710,430,-5,-5,0,453,0,0,0,2
705,425,-5,-5,0,453,0,0,0,2
700,420,-5,-5,0,453,0,0,0,2
695,415,-5,-5,0,453,0,0,0,2
690,410,-5,-5,0,453,0,0,0,2
685,405,-5,-5,0,453,0,0,0,2
680,400,-5,-5,0,453,0,0,0,2
675,395,-5,-5,0,453,0,0,0,2
670,390,-5,-5,0,453,0,0,0,2
665,385,-5,-5,0,453,0,0,0,2
660,380,-5,-5,0,453,0,0,0,2
655,375,-5,-5,0,453,0,0,0,2
650,370,-5,-5,0,453,0,0,0,2
645,365,-5,-5,0,453,0,0,0,2
640,360,-5,-5,0,453,0,0,0,2
635,355,-5,-5,0,453,0,0,0,2
630,350,-5,-5,0,453,0,0,0,2
625,345,-5,-5,0,453,0,0,0,2
620,340,-5,-5,0,453,0,0,0,2
615,335,-5,-5,0,453,0,0,0,2
610,330,-5,-5,0,453,0,0,0,2
605,325,-5,-5,0,453,0,0,0,2
600,320,-5,-5,0,453,0,0,0,2
595,315,-5,-5,0,453,0,0,0,2
590,310,-5,-5,0,453,0,0,0,2
585,305,-5,-5,0,453,0,0,0,2
580,300,-5,-5,0,453,0,0,0,2
575,295,-5,-5,0,453,0,0,0,2
570,290,-5,-5,0,453,0,0,0,2
565,285,-5,-5,0,453,0,0,0,2
560,280,-5,-5,0,453,0,0,0,2
555,275,-5,-5,0,453,0,0,0,2
550,270,-5,-5,0,453,0,0,0,2
545,265,-5,-5,0,453,0,0,0,2
540,260,-5,-5,0,453,0,0,0,2
535,255,-5,-5,0,453,0,0,0,2
530,250,-5,-5,0,453,0,0,0,2
525,245,-5,-5,0,453,0,0,0,2
520,240,-5,-5,0,453,0,0,0,2
515,235,-5,-5,0,453,0,0,0,2
510,230,-5,-5,0,453,0,0,0,2
505,225,-5,-5,0,453,0,0,0,2
500,220,-5,-5,0,453,0,0,0,2
495,215,-5,-5,0,453,0,0,0,2
490,210,-5,-5,0,453,0,0,0,2
485,205,-5,-5,0,453,0,0,0,2
480,200,-5,-5,0,453,0,0,0,2
475,195,-5,-5,0,453,0,0,0,2
470,190,-5,-5,0,453,0,0,0,2
465,185,-5,-5,0,453,0,0,0,2
460,180,-5,-5,0,453,0,0,0,2
455,175,-5,-5,0,453,0,0,0,2
450,170,-5,-5,0,453,0,0,0,2
445,165,-5,-5,0,453,0,0,0,2
440,160,-5,-5,0,453,0,0,0,2
435,155,-5,-5,0,453,0,0,0,2
430,150,-5,-5,0,453,0,0,0,2
425,145,-5,-5,0,453,0,0,0,2
420,140,-5,-5,0,453,0,0,0,2
415,135,-5,-5,0,453,0,0,0,2
410,130,-5,-5,0,453,0,0,0,2
405,125,-5,-5,0,453,0,0,0,2
400,120,-5,-5,0,453,0,0,0,2
395,115,-5,-5,0,453,0,0,0,2
390,110,-5,-5,0,453,0,0,0,2
385,105,-5,-5,0,453,0,0,0,2
380,100,-5,-5,0,453,0,0,0,2
375,95,-5,-5,0,453,0,0,0,2
370,90,-5,-5,0,453,0,0,0,2
365,85,-5,-5,0,453,0,0,0,2
360,80,-5,-5,0,453,0,0,0,2
355,75,-5,-5,0,453,0,0,0,2
350,70,-5,-5,0,453,0,0,0,2
345,65,-5,-5,0,453,0,0,0,2
340,60,-5,-5,0,453,0,0,0,2
335,55,-5,-5,0,453,0,0,0,2
330,50,-5,-5,0,453,0,0,0,2
325,45,-5,-5,0,453,0,0,0,2
320,40,-5,-5,0,453,0,0,0,2
315,35,-5,-5,0,453,0,0,0,2
310,30,-5,-5,0,453,0,0,0,2
305,25,-5,-5,0,453,0,0,0,2
300,20,-5,-5,0,453,0,0,0,2
295,15,-5,-5,0,453,0,0,0,2
290,10,-5,5,0,453,0,0,0,2
285,15,-5,5,0,453,0,0,0,2
280,20,-5,5,0,453,0,0,0,2
275,25,-5,5,0,453,0,0,0,2
270,30,-5,5,0,453,0,0,0,2
265,35,-5,5,0,453,0,0,0,2
260,40,-5,5,0,453,0,0,0,2
255,45,-5,5,0,453,0,0,0,2
250,50,-5,5,0,453,0,0,0,2
245,55,-5,5,0,453,0,0,0,2
240,60,-5,5,0,453,0,0,0,2
235,65,-5,5,0,453,0,0,0,2
230,70,-5,5,0,453,0,0,0,2
225,75,-5,5,0,453,0,0,0,2
220,80,-5,5,0,453,0,0,0,2
215,85,-5,5,0,453,0,0,0,2
210,90,-5,5,0,453,0,0,0,2
205,95,-5,5,0,453,0,0,0,2
200,100,-5,5,0,453,0,0,0,2
195,105,-5,5,0,453,0,0,0,2
190,110,-5,5,0,453,0,0,0,2
185,115,-5,5,0,453,0,0,0,2
180,120,-5,5,0,453,0,0,0,2
175,125,-5,5,0,453,0,0,0,2
170,130,-5,5,0,453,0,0,0,2
165,135,-5,5,0,453,0,0,0,2
160,140,-5,5,0,453,0,0,0,2
155,145,-5,5,0,453,0,0,0,2
150,150,-5,5,0,453,0,0,0,2
145,155,-5,5,0,453,0,0,0,2
140,160,-5,5,0,453,0,0,0,2
135,165,-5,5,0,453,0,0,0,2
130,170,-5,5,0,453,0,0,0,2
125,175,-5,5,0,453,0,0,0,2
120,180,-5,5,0,453,0,0,0,2
115,185,-5,5,0,453,0,0,0,2
110,190,-5,5,0,453,0,0,0,2
105,195,-5,5,0,453,0,0,0,2
100,200,-5,5,0,453,0,0,0,2
95,205,-5,5,0,453,0,0,0,2
90,210,-5,5,0,453,0,0,0,2
85,215,-5,5,0,453,0,0,0,2
80,220,-5,5,0,453,0,0,0,2
75,225,-5,5,0,453,0,0,0,2
70,230,-5,5,0,453,0,0,0,2
65,235,-5,5,0,453,0,0,0,2
60,240,-5,5,0,453,0,0,0,2
55,245,-5,5,0,453,0,0,0,2
50,250,-5,5,0,453,0,0,0,2
45,255,-5,5,0,453,0,0,0,2
40,260,-5,5,0,453,0,0,0,2
35,265,-5,5,0,453,0,0,0,2
30,270,-5,5,0,453,0,0,0,2
25,275,-5,5,0,453,0,0,0,2
20,280,-5,5,0,453,0,0,0,2
15,285,-5,5,0,453,0,0,0,2
10,290,-5,5,0,453,0,0,0,2
5,295,-5,5,0,453,0,0,0,2
0,300,-5,5,0,453,0,0,0,2
400,300,5,5,0,453,0,0,0,3
ball_x,ball_y,ball_dx,ball_dy,paddle1_y,paddle2_y,paddle1_action,paddle2_action,score1,score2
405,305,5,5,250,250,0,0,0,0
410,310,5,5,250,257,0,1,0,0
415,315,5,5,250,257,0,0,0,0
420,320,5,5,250,264,0,1,0,0
425,325,5,5,250,271,0,1,0,0
430,330,5,5,250,278,0,1,0,0
435,335,5,5,250,285,0,1,0,0
440,340,5,5,250,285,0,0,0,0
445,345,5,5,250,292,0,1,0,0
450,350,5,5,250,299,0,1,0,0
455,355,5,5,250,306,0,1,0,0
460,360,5,5,250,306,0,0,0,0
465,365,5,5,250,306,0,0,0,0
470,370,5,5,250,313,0,1,0,0
475,375,5,5,250,320,0,1,0,0
480,380,5,5,250,320,0,0,0,0
485,385,5,5,250,320,0,0,0,0
490,390,5,5,250,327,0,1,0,0
495,395,5,5,250,334,0,1,0,0
500,400,5,5,250,341,0,1,0,0
505,405,5,5,250,348,0,1,0,0
510,410,5,5,250,355,0,1,0,0
515,415,5,5,250,355,0,0,0,0
520,420,5,5,250,362,0,1,0,0
525,425,5,5,250,369,0,1,0,0
530,430,5,5,250,369,0,0,0,0
535,435,5,5,250,376,0,1,0,0
540,440,5,5,250,383,0,1,0,0
545,445,5,5,250,390,0,1,0,0
550,450,5,5,250,397,0,1,0,0
555,455,5,5,250,404,0,1,0,0
560,460,5,5,250,411,0,1,0,0
565,465,5,5,250,404,0,-1,0,0
570,470,5,5,250,411,0,1,0,0
575,475,5,5,250,418,0,1,0,0
580,480,5,5,250,425,0,1,0,0
585,485,5,5,250,425,0,0,0,0
590,490,5,5,250,432,0,1,0,0
595,495,5,5,250,439,0,1,0,0
600,500,5,5,250,439,0,0,0,0
605,505,5,5,250,446,0,1,0,0
610,510,5,5,250,453,0,1,0,0
615,515,5,5,250,453,0,0,0,0
620,520,5,5,250,460,0,1,0,0
625,525,5,5,250,467,0,1,0,0
630,530,5,5,250,474,0,1,0,0
635,535,5,5,250,481,0,1,0,0
640,540,5,5,250,488,0,1,0,0
645,545,5,5,250,495,0,1,0,0
650,550,5,5,250,495,0,0,0,0
655,555,5,5,250,502,0,1,0,0
660,560,5,5,250,509,0,1,0,0
665,565,5,5,250,516,0,1,0,0
670,570,5,5,250,509,0,-1,0,0
675,575,5,5,250,516,0,1,0,0
680,580,5,5,250,523,0,1,0,0
685,585,5,5,250,530,0,1,0,0
690,590,5,-5,250,537,0,1,0,0
695,585,5,-5,250,544,0,1,0,0
700,580,5,-5,250,537,0,-1,0,0
705,575,5,-5,240,530,-1,-1,0,0
710,570,5,-5,230,523,-1,-1,0,0
715,565,5,-5,220,516,-1,-1,0,0
720,560,5,-5,210,509,-1,-1,0,0
725,555,5,-5,200,516,-1,1,0,0
730,550,5,-5,190,516,-1,0,0,0
735,545,5,-5,180,509,-1,-1,0,0
740,540,5,-5,170,502,-1,-1,0,0
745,535,5,-5,160,495,-1,-1,0,0
750,530,5,-5,150,488,-1,-1,0,0
755,525,5,-5,140,481,-1,-1,0,0
760,520,5,-5,130,474,-1,-1,0,0
765,515,5,-5,120,467,-1,-1,0,0
770,510,5,-5,110,460,-1,-1,0,0
775,505,5,-5,100,460,-1,0,0,0
780,500,-5,-5,90,453,-1,-1,0,0
775,495,-5,-5,80,453,-1,0,0,0
770,490,-5,-5,70,453,-1,0,0,0
765,485,-5,-5,60,453,-1,0,0,0
760,480,-5,-5,50,453,-1,0,0,0
755,475,-5,-5,40,453,-1,0,0,0
750,470,-5,-5,30,453,-1,0,0,0
745,465,-5,-5,20,453,-1,0,0,0
740,460,-5,-5,10,453,-1,0,0,0
735,455,-5,-5,0,453,-1,0,0,0
730,450,-5,-5,0,453,0,0,0,0
725,445,-5,-5,0,453,0,0,0,0
720,440,-5,-5,0,453,0,0,0,0
715,435,-5,-5,0,453,0,0,0,0
710,430,-5,-5,0,453,0,0,0,0
705,425,-5,-5,0,453,0,0,0,0
700,420,-5,-5,0,453,0,0,0,0
695,415,-5,-5,0,453,0,0,0,0
690,410,-5,-5,0,453,0,0,0,0
685,405,-5,-5,0,453,0,0,0,0
680,400,-5,-5,0,453,0,0,0,0
675,395,-5,-5,0,453,0,0,0,0
670,390,-5,-5,0,453,0,0,0,0
665,385,-5,-5,0,453,0,0,0,0
660,380,-5,-5,0,453,0,0,0,0
655,375,-5,-5,0,453,0,0,0,0
650,370,-5,-5,0,453,0,0,0,0
645,365,-5,-5,0,453,0,0,0,0
640,360,-5,-5,0,453,0,0,0,0
635,355,-5,-5,0,453,0,0,0,0
630,350,-5,-5,0,453,0,0,0,0
625,345,-5,-5,0,453,0,0,0,0
620,340,-5,-5,0,453,0,0,0,0
615,335,-5,-5,0,453,0,0,0,0
610,330,-5,-5,0,453,0,0,0,0
605,325,-5,-5,0,453,0,0,0,0
600,320,-5,-5,0,453,0,0,0,0
595,315,-5,-5,0,453,0,0,0,0
590,310,-5,-5,0,453,0,0,0,0
585,305,-5,-5,0,453,0,0,0,0
580,300,-5,-5,0,453,0,0,0,0
575,295,-5,-5,0,453,0,0,0,0
570,290,-5,-5,0,453,0,0,0,0
565,285,-5,-5,10,453,1,0,0,0
560,280,-5,-5,20,453,1,0,0,0
555,275,-5,-5,30,453,1,0,0,0
550,270,-5,-5,40,453,1,0,0,0
545,265,-5,-5,50,453,1,0,0,0
540,260,-5,-5,60,453,1,0,0,0
535,255,-5,-5,70,453,1,0,0,0
530,250,-5,-5,80,453,1,0,0,0
525,245,-5,-5,90,453,1,0,0,0
520,240,-5,-5,100,453,1,0,0,0
515,235,-5,-5,110,453,1,0,0,0
510,230,-5,-5,120,453,1,0,0,0
505,225,-5,-5,130,453,1,0,0,0
500,220,-5,-5,140,453,1,0,0,0
495,215,-5,-5,150,453,1,0,0,0
490,210,-5,-5,160,453,1,0,0,0
485,205,-5,-5,170,453,1,0,0,0
480,200,-5,-5,180,453,1,0,0,0
475,195,-5,-5,190,453,1,0,0,0
470,190,-5,-5,200,453,1,0,0,0
465,185,-5,-5,210,453,1,0,0,0
460,180,-5,-5,220,453,1,0,0,0
455,175,-5,-5,230,453,1,0,0,0
450,170,-5,-5,240,453,1,0,0,0
445,165,-5,-5,250,453,1,0,0,0
440,160,-5,-5,260,453,1,0,0,0
435,155,-5,-5,270,453,1,0,0,0
430,150,-5,-5,280,453,1,0,0,0
425,145,-5,-5,290,453,1,0,0,0
420,140,-5,-5,300,453,1,0,0,0
415,135,-5,-5,310,453,1,0,0,0
410,130,-5,-5,320,453,1,0,0,0
405,125,-5,-5,330,453,1,0,0,0
400,120,-5,-5,340,453,1,0,0,0
395,115,-5,-5,350,453,1,0,0,0
390,110,-5,-5,360,453,1,0,0,0
385,105,-5,-5,370,453,1,0,0,0
380,100,-5,-5,380,453,1,0,0,0
375,95,-5,-5,390,453,1,0,0,0
370,90,-5,-5,400,453,1,0,0,0
365,85,-5,-5,410,453,1,0,0,0
360,80,-5,-5,420,453,1,0,0,0
355,75,-5,-5,430,453,1,0,0,0
350,70,-5,-5,440,453,1,0,0,0
345,65,-5,-5,450,453,1,0,0,0
340,60,-5,-5,460,453,1,0,0,0
335,55,-5,-5,470,453,1,0,0,0
330,50,-5,-5,480,453,1,0,0,0
325,45,-5,-5,490,453,1,0,0,0
320,40,-5,-5,500,453,1,0,0,0
315,35,-5,-5,500,453,0,0,0,0
310,30,-5,-5,500,453,0,0,0,0
305,25,-5,-5,500,453,0,0,0,0
300,20,-5,-5,500,453,0,0,0,0
295,15,-5,-5,500,453,0,0,0,0
290,10,-5,5,500,453,0,0,0,0
285,15,-5,5,500,453,0,0,0,0
280,20,-5,5,500,453,0,0,0,0
275,25,-5,5,500,453,0,0,0,0
270,30,-5,5,500,453,0,0,0,0
265,35,-5,5,500,453,0,0,0,0
260,40,-5,5,500,453,0,0,0,0
255,45,-5,5,500,453,0,0,0,0
250,50,-5,5,500,453,0,0,0,0
245,55,-5,5,500,453,0,0,0,0
240,60,-5,5,500,453,0,0,0,0
235,65,-5,5,500,453,0,0,0,0
230,70,-5,5,500,453,0,0,0,0
225,75,-5,5,500,453,0,0,0,0
220,80,-5,5,500,453,0,0,0,0
215,85,-5,5,500,453,0,0,0,0
210,90,-5,5,500,453,0,0,0,0
205,95,-5,5,500,453,0,0,0,0
200,100,-5,5,500,453,0,0,0,0
195,105,-5,5,500,453,0,0,0,0
190,110,-5,5,500,453,0,0,0,0
185,115,-5,5,500,453,0,0,0,0
180,120,-5,5,500,453,0,0,0,0
175,125,-5,5,500,453,0,0,0,0
170,130,-5,5,500,453,0,0,0,0
165,135,-5,5,500,453,0,0,0,0
160,140,-5,5,500,453,0,0,0,0
155,145,-5,5,500,453,0,0,0,0
150,150,-5,5,500,453,0,0,0,0
145,155,-5,5,500,453,0,0,0,0
140,160,-5,5,500,453,0,0,0,0
135,165,-5,5,500,453,0,0,0,0
130,170,-5,5,500,453,0,0,0,0
125,175,-5,5,500,453,0,0,0,0
120,180,-5,5,500,453,0,0,0,0
115,185,-5,5,500,453,0,0,0,0
110,190,-5,5,500,453,0,0,0,0
105,195,-5,5,500,453,0,0,0,0
100,200,-5,5,500,453,0,0,0,0
95,205,-5,5,500,453,0,0,0,0
90,210,-5,5,500,453,0,0,0,0
85,215,-5,5,500,453,0,0,0,0
80,220,-5,5,500,453,0,0,0,0
75,225,-5,5,500,453,0,0,0,0
70,230,-5,5,500,453,0,0,0,0
65,235,-5,5,500,453,0,0,0,0
60,240,-5,5,500,453,0,0,0,0
55,245,-5,5,500,453,0,0,0,0
50,250,-5,5,500,453,0,0,0,0
45,255,-5,5,500,453,0,0,0,0
40,260,-5,5,500,453,0,0,0,0
35,265,-5,5,500,453,0,0,0,0
30,270,-5,5,500,453,0,0,0,0
25,275,-5,5,500,453,0,0,0,0
20,280,-5,5,500,453,0,0,0,0
15,285,-5,5,500,453,0,0,0,0
10,290,-5,5,500,453,0,0,0,0
5,295,-5,5,500,453,0,0,0,0
0,300,-5,5,500,453,0,0,0,0
400,300,5,5,500,453,0,0,0,1
405,305,5,5,500,446,0,-1,0,1
410,310,5,5,500,439,0,-1,0,1
415,315,5,5,500,439,0,0,0,1
420,320,5,5,500,432,0,-1,0,1
425,325,5,5,500,432,0,0,0,1
430,330,5,5,500,425,0,-1,0,1
435,335,5,5,500,418,0,-1,0,1
440,340,5,5,500,411,0,-1,0,1
445,345,5,5,500,411,0,0,0,1
450,350,5,5,500,404,0,-1,0,1
455,355,5,5,500,404,0,0,0,1
460,360,5,5,500,397,0,-1,0,1
465,365,5,5,500,390,0,-1,0,1
470,370,5,5,500,383,0,-1,0,1
475,375,5,5,500,376,0,-1,0,1
480,380,5,5,500,369,0,-1,0,1
485,385,5,5,500,362,0,-1,0,1
490,390,5,5,500,355,0,-1,0,1
495,395,5,5,500,348,0,-1,0,1
500,400,5,5,500,348,0,0,0,1
505,405,5,5,500,355,0,1,0,1
510,410,5,5,500,355,0,0,0,1
515,415,5,5,500,362,0,1,0,1
520,420,5,5,500,362,0,0,0,1
525,425,5,5,500,369,0,1,0,1
530,430,5,5,500,376,0,1,0,1
535,435,5,5,500,383,0,1,0,1
540,440,5,5,500,390,0,1,0,1
545,445,5,5,500,390,0,0,0,1
550,450,5,5,500,397,0,1,0,1
555,455,5,5,500,404,0,1,0,1
560,460,5,5,500,411,0,1,0,1
565,465,5,5,500,404,0,-1,0,1
570,470,5,5,500,411,0,1,0,1
575,475,5,5,500,418,0,1,0,1
580,480,5,5,500,425,0,1,0,1
585,485,5,5,500,432,0,1,0,1
590,490,5,5,500,432,0,0,0,1
595,495,5,5,500,439,0,1,0,1
600,500,5,5,500,446,0,1,0,1
605,505,5,5,500,446,0,0,0,1
610,510,5,5,500,453,0,1,0,1
615,515,5,5,500,460,0,1,0,1
620,520,5,5,500,467,0,1,0,1
625,525,5,5,500,474,0,1,0,1
630,530,5,5,500,474,0,0,0,1
635,535,5,5,500,481,0,1,0,1
640,540,5,5,500,488,0,1,0,1
645,545,5,5,500,495,0,1,0,1
650,550,5,5,500,495,0,0,0,1
655,555,5,5,500,502,0,1,0,1
660,560,5,5,500,509,0,1,0,1
665,565,5,5,500,516,0,1,0,1
670,570,5,5,500,509,0,-1,0,1
675,575,5,5,500,516,0,1,0,1
680,580,5,5,500,523,0,1,0,1
685,585,5,5,500,530,0,1,0,1
690,590,5,-5,500,537,0,1,0,1
695,585,5,-5,500,544,0,1,0,1
700,580,5,-5,500,537,0,-1,0,1
705,575,5,-5,500,530,0,-1,0,1
710,570,5,-5,500,523,0,-1,0,1
715,565,5,-5,500,516,0,-1,0,1
720,560,5,-5,500,509,0,-1,0,1
725,555,5,-5,500,516,0,1,0,1
730,550,5,-5,500,516,0,0,0,1
735,545,5,-5,500,509,0,-1,0,1
740,540,5,-5,500,502,0,-1,0,1
745,535,5,-5,500,495,0,-1,0,1
750,530,5,-5,500,488,0,-1,0,1
755,525,5,-5,500,488,0,0,0,1
760,520,5,-5,500,481,0,-1,0,1
765,515,5,-5,500,474,0,-1,0,1
770,510,5,-5,500,467,0,-1,0,1
775,505,5,-5,500,460,0,-1,0,1
780,500,-5,-5,500,453,0,-1,0,1
775,495,-5,-5,500,453,0,0,0,1
770,490,-5,-5,500,453,0,0,0,1
765,485,-5,-5,500,453,0,0,0,1
760,480,-5,-5,500,453,0,0,0,1
755,475,-5,-5,500,453,0,0,0,1
750,470,-5,-5,500,453,0,0,0,1
745,465,-5,-5,500,453,0,0,0,1
740,460,-5,-5,500,453,0,0,0,1
735,455,-5,-5,500,453,0,0,0,1
730,450,-5,-5,500,453,0,0,0,1
725,445,-5,-5,500,453,0,0,0,1
720,440,-5,-5,500,453,0,0,0,1
715,435,-5,-5,500,453,0,0,0,1
710,430,-5,-5,500,453,0,0,0,1
705,425,-5,-5,500,453,0,0,0,1
700,420,-5,-5,500,453,0,0,0,1
695,415,-5,-5,500,453,0,0,0,1
690,410,-5,-5,500,453,0,0,0,1
685,405,-5,-5,500,453,0,0,0,1
680,400,-5,-5,500,453,0,0,0,1
675,395,-5,-5,500,453,0,0,0,1
670,390,-5,-5,500,453,0,0,0,1
665,385,-5,-5,500,453,0,0,0,1
660,380,-5,-5,500,453,0,0,0,1
655,375,-5,-5,500,453,0,0,0,1
650,370,-5,-5,500,453,0,0,0,1
645,365,-5,-5,500,453,0,0,0,1
640,360,-5,-5,500,453,0,0,0,1
635,355,-5,-5,500,453,0,0,0,1
630,350,-5,-5,500,453,0,0,0,1
625,345,-5,-5,500,453,0,0,0,1
620,340,-5,-5,500,453,0,0,0,1
615,335,-5,-5,500,453,0,0,0,1
610,330,-5,-5,500,453,0,0,0,1
605,325,-5,-5,500,453,0,0,0,1
600,320,-5,-5,500,453,0,0,0,1
595,315,-5,-5,500,453,0,0,0,1
590,310,-5,-5,500,453,0,0,0,1
585,305,-5,-5,500,453,0,0,0,1
580,300,-5,-5,500,453,0,0,0,1
575,295,-5,-5,500,453,0,0,0,1
570,290,-5,-5,500,453,0,0,0,1
565,285,-5,-5,500,453,0,0,0,1
560,280,-5,-5,500,453,0,0,0,1
555,275,-5,-5,500,453,0,0,0,1
550,270,-5,-5,500,453,0,0,0,1
545,265,-5,-5,500,453,0,0,0,1
540,260,-5,-5,500,453,0,0,0,1
535,255,-5,-5,500,453,0,0,0,1
530,250,-5,-5,500,453,0,0,0,1
525,245,-5,-5,500,453,0,0,0,1
520,240,-5,-5,500,453,0,0,0,1
515,235,-5,-5,500,453,0,0,0,1
510,230,-5,-5,500,453,0,0,0,1
505,225,-5,-5,500,453,0,0,0,1
500,220,-5,-5,500,453,0,0,0,1
495,215,-5,-5,500,453,0,0,0,1
490,210,-5,-5,500,453,0,0,0,1
485,205,-5,-5,500,453,0,0,0,1
480,200,-5,-5,500,453,0,0,0,1
475,195,-5,-5,500,453,0,0,0,1
470,190,-5,-5,500,453,0,0,0,1
465,185,-5,-5,500,453,0,0,0,1
460,180,-5,-5,500,453,0,0,0,1
455,175,-5,-5,500,453,0,0,0,1
450,170,-5,-5,500,453,0,0,0,1
445,165,-5,-5,500,453,0,0,0,1
440,160,-5,-5,500,453,0,0,0,1
435,155,-5,-5,500,453,0,0,0,1
430,150,-5,-5,500,453,0,0,0,1
425,145,-5,-5,500,453,0,0,0,1
420,140,-5,-5,500,453,0,0,0,1
415,135,-5,-5,500,453,0,0,0,1
410,130,-5,-5,500,453,0,0,0,1
405,125,-5,-5,500,453,0,0,0,1
400,120,-5,-5,500,453,0,0,0,1
395,115,-5,-5,500,453,0,0,0,1
390,110,-5,-5,500,453,0,0,0,1
385,105,-5,-5,500,453,0,0,0,1
380,100,-5,-5,500,453,0,0,0,1
375,95,-5,-5,500,453,0,0,0,1
370,90,-5,-5,500,453,0,0,0,1
365,85,-5,-5,500,453,0,0,0,1
360,80,-5,-5,500,453,0,0,0,1
355,75,-5,-5,500,453,0,0,0,1
350,70,-5,-5,500,453,0,0,0,1
345,65,-5,-5,500,453,0,0,0,1
340,60,-5,-5,500,453,0,0,0,1
335,55,-5,-5,500,453,0,0,0,1
330,50,-5,-5,500,453,0,0,0,1
325,45,-5,-5,500,453,0,0,0,1
320,40,-5,-5,500,453,0,0,0,1
315,35,-5,-5,500,453,0,0,0,1
310,30,-5,-5,500,453,0,0,0,1
305,25,-5,-5,500,453,0,0,0,1
300,20,-5,-5,500,453,0,0,0,1
295,15,-5,-5,500,453,0,0,0,1
290,10,-5,5,500,453,0,0,0,1
285,15,-5,5,500,453,0,0,0,1
280,20,-5,5,500,453,0,0,0,1
275,25,-5,5,500,453,0,0,0,1
270,30,-5,5,500,453,0,0,0,1
265,35,-5,5,500,453,0,0,0,1
260,40,-5,5,500,453,0,0,0,1
255,45,-5,5,500,453,0,0,0,1
250,50,-5,5,500,453,0,0,0,1
245,55,-5,5,500,453,0,0,0,1
240,60,-5,5,500,453,0,0,0,1
235,65,-5,5,500,453,0,0,0,1
230,70,-5,5,500,453,0,0,0,1
225,75,-5,5,500,453,0,0,0,1
220,80,-5,5,500,453,0,0,0,1
215,85,-5,5,500,453,0,0,0,1
210,90,-5,5,500,453,0,0,0,1
205,95,-5,5,500,453,0,0,0,1
200,100,-5,5,500,453,0,0,0,1
195,105,-5,5,500,453,0,0,0,1
190,110,-5,5,500,453,0,0,0,1
185,115,-5,5,500,453,0,0,0,1
180,120,-5,5,500,453,0,0,0,1
175,125,-5,5,500,453,0,0,0,1
170,130,-5,5,500,453,0,0,0,1
165,135,-5,5,500,453,0,0,0,1
160,140,-5,5,500,453,0,0,0,1
155,145,-5,5,500,453,0,0,0,1
150,150,-5,5,500,453,0,0,0,1
145,155,-5,5,500,453,0,0,0,1
140,160,-5,5,500,453,0,0,0,1
135,165,-5,5,500,453,0,0,0,1
130,170,-5,5,500,453,0,0,0,1
125,175,-5,5,500,453,0,0,0,1
120,180,-5,5,500,453,0,0,0,1
115,185,-5,5,500,453,0,0,0,1
110,190,-5,5,500,453,0,0,0,1
105,195,-5,5,500,453,0,0,0,1
100,200,-5,5,500,453,0,0,0,1
95,205,-5,5,500,453,0,0,0,1
90,210,-5,5,500,453,0,0,0,1
85,215,-5,5,500,453,0,0,0,1
80,220,-5,5,500,453,0,0,0,1
75,225,-5,5,500,453,0,0,0,1
70,230,-5,5,500,453,0,0,0,1
65,235,-5,5,500,453,0,0,0,1
60,240,-5,5,500,453,0,0,0,1
55,245,-5,5,500,453,0,0,0,1
50,250,-5,5,500,453,0,0,0,1
45,255,-5,5,500,453,0,0,0,1
40,260,-5,5,500,453,0,0,0,1
35,265,-5,5,500,453,0,0,0,1
30,270,-5,5,500,453,0,0,0,1
25,275,-5,5,500,453,0,0,0,1
20,280,-5,5,500,453,0,0,0,1
15,285,-5,5,500,453,0,0,0,1
10,290,-5,5,500,453,0,0,0,1
5,295,-5,5,500,453,0,0,0,1
0,300,-5,5,500,453,0,0,0,1
400,300,5,5,500,453,0,0,0,2
405,305,5,5,500,446,0,-1,0,2
410,310,5,5,500,439,0,-1,0,2
415,315,5,5,500,432,0,-1,0,2
420,320,5,5,500,425,0,-1,0,2
425,325,5,5,500,418,0,-1,0,2
430,330,5,5,500,411,0,-1,0,2
435,335,5,5,500,404,0,-1,0,2
440,340,5,5,500,397,0,-1,0,2
445,345,5,5,500,390,0,-1,0,2
450,350,5,5,500,383,0,-1,0,2
455,355,5,5,500,376,0,-1,0,2
460,360,5,5,500,369,0,-1,0,2
465,365,5,5,500,362,0,-1,0,2
470,370,5,5,500,355,0,-1,0,2
475,375,5,5,500,355,0,0,0,2
480,380,5,5,500,348,0,-1,0,2
485,385,5,5,500,341,0,-1,0,2
490,390,5,5,500,334,0,-1,0,2
495,395,5,5,500,334,0,0,0,2
500,400,5,5,500,341,0,1,0,2
505,405,5,5,500,348,0,1,0,2
510,410,5,5,500,348,0,0,0,2
515,415,5,5,500,355,0,1,0,2
520,420,5,5,500,362,0,1,0,2
525,425,5,5,500,369,0,1,0,2
530,430,5,5,500,369,0,0,0,2
535,435,5,5,500,376,0,1,0,2
540,440,5,5,500,383,0,1,0,2
545,445,5,5,500,390,0,1,0,2
550,450,5,5,500,397,0,1,0,2
555,455,5,5,500,404,0,1,0,2
560,460,5,5,500,411,0,1,0,2
565,465,5,5,500,404,0,-1,0,2
570,470,5,5,500,411,0,1,0,2
575,475,5,5,500,411,0,0,0,2
580,480,5,5,500,418,0,1,0,2
585,485,5,5,500,425,0,1,0,2
590,490,5,5,500,432,0,1,0,2
595,495,5,5,500,432,0,0,0,2
600,500,5,5,500,439,0,1,0,2
605,505,5,5,500,439,0,0,0,2
610,510,5,5,500,446,0,1,0,2
615,515,5,5,500,453,0,1,0,2
620,520,5,5,500,460,0,1,0,2
625,525,5,5,500,467,0,1,0,2
630,530,5,5,500,474,0,1,0,2
635,535,5,5,500,481,0,1,0,2
640,540,5,5,500,488,0,1,0,2
645,545,5,5,500,495,0,1,0,2
650,550,5,5,500,495,0,0,0,2
655,555,5,5,500,502,0,1,0,2
660,560,5,5,500,502,0,0,0,2
665,565,5,5,500,509,0,1,0,2
670,570,5,5,500,516,0,1,0,2
675,575,5,5,500,516,0,0,0,2
680,580,5,5,500,516,0,0,0,2
685,585,5,5,500,523,0,1,0,2
690,590,5,-5,500,530,0,1,0,2
695,585,5,-5,500,537,0,1,0,2
700,580,5,-5,500,530,0,-1,0,2
705,575,5,-5,500,530,0,0,0,2
710,570,5,-5,500,523,0,-1,0,2
715,565,5,-5,500,516,0,-1,0,2
720,560,5,-5,500,509,0,-1,0,2
725,555,5,-5,500,516,0,1,0,2
730,550,5,-5,500,516,0,0,0,2
735,545,5,-5,500,516,0,0,0,2
740,540,5,-5,500,509,0,-1,0,2
745,535,5,-5,500,502,0,-1,0,2
750,530,5,-5,500,495,0,-1,0,2
755,525,5,-5,500,488,0,-1,0,2
760,520,5,-5,500,481,0,-1,0,2
765,515,5,-5,500,474,0,-1,0,2
770,510,5,-5,500,467,0,-1,0,2
775,505,5,-5,500,460,0,-1,0,2
780,500,-5,-5,500,453,0,-1,0,2
775,495,-5,-5,500,453,0,0,0,2
770,490,-5,-5,500,453,0,0,0,2
765,485,-5,-5,500,453,0,0,0,2
760,480,-5,-5,500,453,0,0,0,2
755,475,-5,-5,500,453,0,0,0,2
750,470,-5,-5,500,453,0,0,0,2
745,465,-5,-5,500,453,0,0,0,2
740,460,-5,-5,500,453,0,0,0,2
735,455,-5,-5,500,453,0,0,0,2
730,450,-5,-5,500,453,0,0,0,2
725,445,-5,-5,500,453,0,0,0,2
720,440,-5,-5,500,453,0,0,0,2
715,435,-5,-5,500,453,0,0,0,2
710,430,-5,-5,500,453,0,0,0,2
705,425,-5,-5,500,453,0,0,0,2
700,420,-5,-5,500,453,0,0,0,2
695,415,-5,-5,500,453,0,0,0,2
690,410,-5,-5,500,453,0,0,0,2
685,405,-5,-5,500,453,0,0,0,2
680,400,-5,-5,500,453,0,0,0,2
675,395,-5,-5,500,453,0,0,0,2
670,390,-5,-5,500,453,0,0,0,2
665,385,-5,-5,500,453,0,0,0,2
660,380,-5,-5,500,453,0,0,0,2
655,375,-5,-5,500,453,0,0,0,2
650,370,-5,-5,500,453,0,0,0,2
645,365,-5,-5,500,453,0,0,0,2
640,360,-5,-5,500,453,0,0,0,2
635,355,-5,-5,500,453,0,0,0,2
630,350,-5,-5,500,453,0,0,0,2
625,345,-5,-5,500,453,0,0,0,2
620,340,-5,-5,500,453,0,0,0,2
615,335,-5,-5,500,453,0,0,0,2
610,330,-5,-5,500,453,0,0,0,2
605,325,-5,-5,500,453,0,0,0,2
600,320,-5,-5,500,453,0,0,0,2
595,315,-5,-5,500,453,0,0,0,2
590,310,-5,-5,500,453,0,0,0,2
585,305,-5,-5,500,453,0,0,0,2
580,300,-5,-5,500,453,0,0,0,2
575,295,-5,-5,500,453,0,0,0,2
570,290,-5,-5,500,453,0,0,0,2
565,285,-5,-5,500,453,0,0,0,2
560,280,-5,-5,500,453,0,0,0,2
555,275,-5,-5,500,453,0,0,0,2
550,270,-5,-5,500,453,0,0,0,2
545,265,-5,-5,500,453,0,0,0,2
540,260,-5,-5,500,453,0,0,0,2
535,255,-5,-5,500,453,0,0,0,2
530,250,-5,-5,500,453,0,0,0,2
525,245,-5,-5,500,453,0,0,0,2
520,240,-5,-5,500,453,0,0,0,2
515,235,-5,-5,500,453,0,0,0,2
510,230,-5,-5,500,453,0,0,0,2
505,225,-5,-5,500,453,0,0,0,2
500,220,-5,-5,500,453,0,0,0,2
495,215,-5,-5,500,453,0,0,0,2
490,210,-5,-5,500,453,0,0,0,2
485,205,-5,-5,500,453,0,0,0,2
480,200,-5,-5,500,453,0,0,0,2
475,195,-5,-5,500,453,0,0,0,2
470,190,-5,-5,500,453,0,0,0,2
465,185,-5,-5,500,453,0,0,0,2
460,180,-5,-5,500,453,0,0,0,2
455,175,-5,-5,500,453,0,0,0,2
450,170,-5,-5,500,453,0,0,0,2
445,165,-5,-5,500,453,0,0,0,2
440,160,-5,-5,500,453,0,0,0,2
435,155,-5,-5,500,453,0,0,0,2
430,150,-5,-5,500,453,0,0,0,2
425,145,-5,-5,500,453,0,0,0,2
420,140,-5,-5,500,453,0,0,0,2
415,135,-5,-5,500,453,0,0,0,2
410,130,-5,-5,500,453,0,0,0,2
405,125,-5,-5,500,453,0,0,0,2
400,120,-5,-5,500,453,0,0,0,2
395,115,-5,-5,500,453,0,0,0,2
390,110,-5,-5,500,453,0,0,0,2
385,105,-5,-5,500,453,0,0,0,2
380,100,-5,-5,500,453,0,0,0,2
375,95,-5,-5,500,453,0,0,0,2
370,90,-5,-5,500,453,0,0,0,2
365,85,-5,-5,500,453,0,0,0,2
360,80,-5,-5,500,453,0,0,0,2
355,75,-5,-5,500,453,0,0,0,2
350,70,-5,-5,500,453,0,0,0,2
345,65,-5,-5,500,453,0,0,0,2
340,60,-5,-5,500,453,0,0,0,2
335,55,-5,-5,500,453,0,0,0,2
330,50,-5,-5,500,453,0,0,0,2
325,45,-5,-5,500,453,0,0,0,2
320,40,-5,-5,500,453,0,0,0,2
315,35,-5,-5,500,453,0,0,0,2
310,30,-5,-5,500,453,0,0,0,2
305,25,-5,-5,500,453,0,0,0,2
300,20,-5,-5,500,453,0,0,0,2
295,15,-5,-5,500,453,0,0,0,2
290,10,-5,5,500,453,0,0,0,2
285,15,-5,5,500,453,0,0,0,2
280,20,-5,5,500,453,0,0,0,2
275,25,-5,5,500,453,0,0,0,2
270,30,-5,5,500,453,0,0,0,2
265,35,-5,5,500,453,0,0,0,2
260,40,-5,5,500,453,0,0,0,2
255,45,-5,5,500,453,0,0,0,2
250,50,-5,5,500,453,0,0,0,2
245,55,-5,5,500,453,0,0,0,2
240,60,-5,5,500,453,0,0,0,2
235,65,-5,5,500,453,0,0,0,2
230,70,-5,5,500,453,0,0,0,2
225,75,-5,5,500,453,0,0,0,2
220,80,-5,5,500,453,0,0,0,2
215,85,-5,5,500,453,0,0,0,2
210,90,-5,5,500,453,0,0,0,2
205,95,-5,5,500,453,0,0,0,2
200,100,-5,5,500,453,0,0,0,2
195,105,-5,5,500,453,0,0,0,2
190,110,-5,5,500,453,0,0,0,2
185,115,-5,5,500,453,0,0,0,2
180,120,-5,5,500,453,0,0,0,2
175,125,-5,5,500,453,0,0,0,2
170,130,-5,5,500,453,0,0,0,2
165,135,-5,5,500,453,0,0,0,2
160,140,-5,5,500,453,0,0,0,2
155,145,-5,5,500,453,0,0,0,2
150,150,-5,5,500,453,0,0,0,2
145,155,-5,5,500,453,0,0,0,2
140,160,-5,5,500,453,0,0,0,2
135,165,-5,5,500,453,0,0,0,2
130,170,-5,5,500,453,0,0,0,2
125,175,-5,5,500,453,0,0,0,2
120,180,-5,5,500,453,0,0,0,2
115,185,-5,5,500,453,0,0,0,2
110,190,-5,5,500,453,0,0,0,2
105,195,-5,5,500,453,0,0,0,2
100,200,-5,5,500,453,0,0,0,2
95,205,-5,5,500,453,0,0,0,2
90,210,-5,5,500,453,0,0,0,2
85,215,-5,5,500,453,0,0,0,2
80,220,-5,5,500,453,0,0,0,2
75,225,-5,5,500,453,0,0,0,2
70,230,-5,5,500,453,0,0,0,2
65,235,-5,5,500,453,0,0,0,2
60,240,-5,5,500,453,0,0,0,2
55,245,-5,5,500,453,0,0,0,2
50,250,-5,5,500,453,0,0,0,2
45,255,-5,5,500,453,0,0,0,2
40,260,-5,5,500,453,0,0,0,2
35,265,-5,5,500,453,0,0,0,2
30,270,-5,5,500,453,0,0,0,2
25,275,-5,5,500,453,0,0,0,2
20,280,-5,5,500,453,0,0,0,2
15,285,-5,5,500,453,0,0,0,2
10,290,-5,5,500,453,0,0,0,2
5,295,-5,5,500,453,0,0,0,2
0,300,-5,5,500,453,0,0,0,2
400,300,5,5,500,453,0,0,0,3
ball_x,ball_y,ball_dx,ball_dy,paddle1_y,paddle2_y,paddle1_action,paddle2_action,score1,score2
405,305,5,5,250,250,0,0,0,0
410,310,5,5,250,257,0,1,0,0
415,315,5,5,250,264,0,1,0,0
420,320,5,5,250,271,0,1,0,0
425,325,5,5,250,264,0,-1,0,0
430,330,5,5,250,271,0,1,0,0
435,335,5,5,250,278,0,1,0,0
440,340,5,5,250,285,0,1,0,0
445,345,5,5,250,292,0,1,0,0
450,350,5,5,250,292,0,0,0,0
455,355,5,5,250,299,0,1,0,0
460,360,5,5,250,306,0,1,0,0
465,365,5,5,250,313,0,1,0,0
470,370,5,5,250,320,0,1,0,0
475,375,5,5,250,320,0,0,0,0
480,380,5,5,250,327,0,1,0,0
485,385,5,5,250,334,0,1,0,0
490,390,5,5,250,341,0,1,0,0
495,395,5,5,250,334,0,-1,0,0
500,400,5,5,250,341,0,1,0,0
505,405,5,5,250,348,0,1,0,0
510,410,5,5,250,355,0,1,0,0
515,415,5,5,250,362,0,1,0,0
520,420,5,5,250,362,0,0,0,0
525,425,5,5,250,369,0,1,0,0
530,430,5,5,250,376,0,1,0,0
535,435,5,5,240,383,-1,1,0,0
540,440,5,5,230,383,-1,0,0,0
545,445,5,5,220,390,-1,1,0,0
550,450,5,5,210,390,-1,0,0,0
555,455,5,5,200,397,-1,1,0,0
560,460,5,5,190,404,-1,1,0,0
565,465,5,5,180,411,-1,1,0,0
570,470,5,5,170,418,-1,1,0,0
575,475,5,5,160,425,-1,1,0,0
580,480,5,5,150,425,-1,0,0,0
585,485,5,5,140,432,-1,1,0,0
590,490,5,5,130,439,-1,1,0,0
595,495,5,5,120,446,-1,1,0,0
600,500,5,5,110,439,-1,-1,0,0
605,505,5,5,100,439,-1,0,0,0
610,510,5,5,90,446,-1,1,0,0
615,515,5,5,80,453,-1,1,0,0
620,520,5,5,70,460,-1,1,0,0
625,525,5,5,60,467,-1,1,0,0
630,530,5,5,50,474,-1,1,0,0
635,535,5,5,40,481,-1,1,0,0
640,540,5,5,30,488,-1,1,0,0
645,545,5,5,20,495,-1,1,0,0
650,550,5,5,10,495,-1,0,0,0
655,555,5,5,0,502,-1,1,0,0
660,560,5,5,0,509,0,1,0,0
665,565,5,5,0,516,0,1,0,0
670,570,5,5,0,516,0,0,0,0
675,575,5,5,0,523,0,1,0,0
680,580,5,5,0,530,0,1,0,0
685,585,5,5,0,530,0,0,0,0
690,590,5,-5,0,537,0,1,0,0
695,585,5,-5,0,544,0,1,0,0
700,580,5,-5,0,537,0,-1,0,0
705,575,5,-5,0,537,0,0,0,0
710,570,5,-5,0,530,0,-1,0,0
715,565,5,-5,0,523,0,-1,0,0
720,560,5,-5,0,516,0,-1,0,0
725,555,5,-5,0,509,0,-1,0,0
730,550,5,-5,0,509,0,0,0,0
735,545,5,-5,0,502,0,-1,0,0
740,540,5,-5,0,502,0,0,0,0
745,535,5,-5,0,495,0,-1,0,0
750,530,5,-5,0,488,0,-1,0,0
755,525,5,-5,0,481,0,-1,0,0
760,520,5,-5,0,474,0,-1,0,0
765,515,5,-5,0,467,0,-1,0,0
770,510,5,-5,0,460,0,-1,0,0
775,505,5,-5,0,460,0,0,0,0
780,500,-5,-5,0,453,0,-1,0,0
775,495,-5,-5,0,453,0,0,0,0
770,490,-5,-5,0,453,0,0,0,0
765,485,-5,-5,0,453,0,0,0,0
760,480,-5,-5,0,453,0,0,0,0
755,475,-5,-5,0,453,0,0,0,0
750,470,-5,-5,0,453,0,0,0,0
745,465,-5,-5,0,453,0,0,0,0
740,460,-5,-5,0,453,0,0,0,0
735,455,-5,-5,0,453,0,0,0,0
730,450,-5,-5,0,453,0,0,0,0
725,445,-5,-5,0,453,0,0,0,0
720,440,-5,-5,0,453,0,0,0,0
715,435,-5,-5,0,453,0,0,0,0
710,430,-5,-5,0,453,0,0,0,0
705,425,-5,-5,0,453,0,0,0,0
700,420,-5,-5,0,453,0,0,0,0
695,415,-5,-5,0,453,0,0,0,0
690,410,-5,-5,0,453,0,0,0,0
685,405,-5,-5,0,453,0,0,0,0
680,400,-5,-5,0,453,0,0,0,0
675,395,-5,-5,0,453,0,0,0,0
670,390,-5,-5,0,453,0,0,0,0
665,385,-5,-5,0,453,0,0,0,0
660,380,-5,-5,0,453,0,0,0,0
655,375,-5,-5,0,453,0,0,0,0
650,370,-5,-5,0,453,0,0,0,0
645,365,-5,-5,0,453,0,0,0,0
640,360,-5,-5,0,453,0,0,0,0
635,355,-5,-5,0,453,0,0,0,0
630,350,-5,-5,0,453,0,0,0,0
625,345,-5,-5,0,453,0,0,0,0
620,340,-5,-5,0,453,0,0,0,0
615,335,-5,-5,0,453,0,0,0,0
610,330,-5,-5,0,453,0,0,0,0
605,325,-5,-5,0,453,0,0,0,0
600,320,-5,-5,0,453,0,0,0,0
595,315,-5,-5,0,453,0,0,0,0
590,310,-5,-5,0,453,0,0,0,0
585,305,-5,-5,0,453,0,0,0,0
580,300,-5,-5,0,453,0,0,0,0
575,295,-5,-5,0,453,0,0,0,0
570,290,-5,-5,0,453,0,0,0,0
565,285,-5,-5,0,453,0,0,0,0
560,280,-5,-5,0,453,0,0,0,0
555,275,-5,-5,0,453,0,0,0,0
550,270,-5,-5,0,453,0,0,0,0
545,265,-5,-5,0,453,0,0,0,0
540,260,-5,-5,0,453,0,0,0,0
535,255,-5,-5,0,453,0,0,0,0
530,250,-5,-5,0,453,0,0,0,0
525,245,-5,-5,0,453,0,0,0,0
520,240,-5,-5,0,453,0,0,0,0
515,235,-5,-5,0,453,0,0,0,0
510,230,-5,-5,0,453,0,0,0,0
505,225,-5,-5,0,453,0,0,0,0
500,220,-5,-5,0,453,0,0,0,0
495,215,-5,-5,0,453,0,0,0,0
490,210,-5,-5,0,453,0,0,0,0
485,205,-5,-5,0,453,0,0,0,0
480,200,-5,-5,0,453,0,0,0,0
475,195,-5,-5,0,453,0,0,0,0
470,190,-5,-5,0,453,0,0,0,0
465,185,-5,-5,0,453,0,0,0,0
460,180,-5,-5,0,453,0,0,0,0
455,175,-5,-5,0,453,0,0,0,0
450,170,-5,-5,0,453,0,0,0,0
445,165,-5,-5,0,453,0,0,0,0
440,160,-5,-5,0,453,0,0,0,0
435,155,-5,-5,0,453,0,0,0,0
430,150,-5,-5,0,453,0,0,0,0
425,145,-5,-5,0,453,0,0,0,0
420,140,-5,-5,0,453,0,0,0,0
415,135,-5,-5,0,453,0,0,0,0
410,130,-5,-5,0,453,0,0,0,0
405,125,-5,-5,0,453,0,0,0,0
400,120,-5,-5,0,453,0,0,0,0
395,115,-5,-5,0,453,0,0,0,0
390,110,-5,-5,0,453,0,0,0,0
385,105,-5,-5,0,453,0,0,0,0
380,100,-5,-5,0,453,0,0,0,0
375,95,-5,-5,0,453,0,0,0,0
370,90,-5,-5,0,453,0,0,0,0
365,85,-5,-5,0,453,0,0,0,0
360,80,-5,-5,0,453,0,0,0,0
355,75,-5,-5,0,453,0,0,0,0
350,70,-5,-5,0,453,0,0,0,0
345,65,-5,-5,0,453,0,0,0,0
340,60,-5,-5,0,453,0,0,0,0
335,55,-5,-5,0,453,0,0,0,0
330,50,-5,-5,0,453,0,0,0,0
325,45,-5,-5,0,453,0,0,0,0
320,40,-5,-5,0,453,0,0,0,0
315,35,-5,-5,0,453,0,0,0,0
310,30,-5,-5,0,453,0,0,0,0
305,25,-5,-5,0,453,0,0,0,0
300,20,-5,-5,0,453,0,0,0,0
295,15,-5,-5,0,453,0,0,0,0
290,10,-5,5,0,453,0,0,0,0
285,15,-5,5,0,453,0,0,0,0
280,20,-5,5,0,453,0,0,0,0
275,25,-5,5,0,453,0,0,0,0
270,30,-5,5,0,453,0,0,0,0
265,35,-5,5,0,453,0,0,0,0
260,40,-5,5,0,453,0,0,0,0
255,45,-5,5,0,453,0,0,0,0
250,50,-5,5,0,453,0,0,0,0
245,55,-5,5,0,453,0,0,0,0
240,60,-5,5,0,453,0,0,0,0
235,65,-5,5,0,453,0,0,0,0
230,70,-5,5,0,453,0,0,0,0
225,75,-5,5,0,453,0,0,0,0
220,80,-5,5,0,453,0,0,0,0
215,85,-5,5,0,453,0,0,0,0
210,90,-5,5,0,453,0,0,0,0
205,95,-5,5,0,453,0,0,0,0
200,100,-5,5,0,453,0,0,0,0
195,105,-5,5,0,453,0,0,0,0
190,110,-5,5,0,453,0,0,0,0
185,115,-5,5,0,453,0,0,0,0
180,120,-5,5,0,453,0,0,0,0
175,125,-5,5,0,453,0,0,0,0
170,130,-5,5,0,453,0,0,0,0
165,135,-5,5,0,453,0,0,0,0
160,140,-5,5,0,453,0,0,0,0
155,145,-5,5,0,453,0,0,0,0
150,150,-5,5,0,453,0,0,0,0
145,155,-5,5,0,453,0,0,0,0
140,160,-5,5,0,453,0,0,0,0
135,165,-5,5,0,453,0,0,0,0
130,170,-5,5,0,453,0,0,0,0
125,175,-5,5,0,453,0,0,0,0
120,180,-5,5,0,453,0,0,0,0
115,185,-5,5,0,453,0,0,0,0
110,190,-5,5,0,453,0,0,0,0
105,195,-5,5,0,453,0,0,0,0
100,200,-5,5,0,453,0,0,0,0
95,205,-5,5,0,453,0,0,0,0
90,210,-5,5,0,453,0,0,0,0
85,215,-5,5,0,453,0,0,0,0
80,220,-5,5,0,453,0,0,0,0
75,225,-5,5,0,453,0,0,0,0
70,230,-5,5,0,453,0,0,0,0
65,235,-5,5,0,453,0,0,0,0
60,240,-5,5,0,453,0,0,0,0
55,245,-5,5,0,453,0,0,0,0
50,250,-5,5,0,453,0,0,0,0
45,255,-5,5,0,453,0,0,0,0
40,260,-5,5,0,453,0,0,0,0
35,265,-5,5,0,453,0,0,0,0
30,270,-5,5,0,453,0,0,0,0
25,275,-5,5,0,453,0,0,0,0
20,280,-5,5,0,453,0,0,0,0
15,285,-5,5,0,453,0,0,0,0
10,290,-5,5,0,453,0,0,0,0
5,295,-5,5,0,453,0,0,0,0
0,300,-5,5,0,453,0,0,0,0
400,300,5,5,0,453,0,0,0,1
405,305,5,5,0,446,0,-1,0,1
410,310,5,5,0,439,0,-1,0,1
415,315,5,5,0,432,0,-1,0,1
420,320,5,5,0,425,0,-1,0,1
425,325,5,5,0,418,0,-1,0,1
430,330,5,5,0,411,0,-1,0,1
435,335,5,5,0,404,0,-1,0,1
440,340,5,5,0,404,0,0,0,1
445,345,5,5,0,397,0,-1,0,1
450,350,5,5,0,390,0,-1,0,1
455,355,5,5,0,390,0,0,0,1
460,360,5,5,0,383,0,-1,0,1
465,365,5,5,0,376,0,-1,0,1
470,370,5,5,0,369,0,-1,0,1
475,375,5,5,0,362,0,-1,0,1
480,380,5,5,0,355,0,-1,0,1
485,385,5,5,0,348,0,-1,0,1
490,390,5,5,0,341,0,-1,0,1
495,395,5,5,0,334,0,-1,0,1
500,400,5,5,0,341,0,1,0,1
505,405,5,5,0,348,0,1,0,1
510,410,5,5,0,355,0,1,0,1
515,415,5,5,0,362,0,1,0,1
520,420,5,5,0,369,0,1,0,1
525,425,5,5,0,376,0,1,0,1
530,430,5,5,0,369,0,-1,0,1
535,435,5,5,0,376,0,1,0,1
540,440,5,5,0,383,0,1,0,1
545,445,5,5,0,390,0,1,0,1
550,450,5,5,0,390,0,0,0,1
555,455,5,5,0,397,0,1,0,1
560,460,5,5,0,404,0,1,0,1
565,465,5,5,0,411,0,1,0,1
570,470,5,5,0,418,0,1,0,1
575,475,5,5,0,418,0,0,0,1
580,480,5,5,0,425,0,1,0,1
585,485,5,5,0,432,0,1,0,1
590,490,5,5,0,439,0,1,0,1
595,495,5,5,0,446,0,1,0,1
600,500,5,5,0,446,0,0,0,1
605,505,5,5,0,453,0,1,0,1
610,510,5,5,0,460,0,1,0,1
615,515,5,5,0,460,0,0,0,1
620,520,5,5,0,467,0,1,0,1
625,525,5,5,0,474,0,1,0,1
630,530,5,5,0,481,0,1,0,1
635,535,5,5,0,474,0,-1,0,1
640,540,5,5,0,481,0,1,0,1
645,545,5,5,0,488,0,1,0,1
650,550,5,5,0,495,0,1,0,1
655,555,5,5,0,502,0,1,0,1
660,560,5,5,0,509,0,1,0,1
665,565,5,5,0,516,0,1,0,1
670,570,5,5,0,509,0,-1,0,1
675,575,5,5,0,516,0,1,0,1
680,580,5,5,0,523,0,1,0,1
685,585,5,5,0,530,0,1,0,1
690,590,5,-5,0,537,0,1,0,1
695,585,5,-5,0,537,0,0,0,1
700,580,5,-5,0,537,0,0,0,1
705,575,5,-5,0,530,0,-1,0,1
710,570,5,-5,0,523,0,-1,0,1
715,565,5,-5,0,516,0,-1,0,1
720,560,5,-5,0,509,0,-1,0,1
725,555,5,-5,0,516,0,1,0,1
730,550,5,-5,0,509,0,-1,0,1
735,545,5,-5,0,502,0,-1,0,1
740,540,5,-5,0,495,0,-1,0,1
745,535,5,-5,0,488,0,-1,0,1
750,530,5,-5,0,481,0,-1,0,1
755,525,5,-5,0,474,0,-1,0,1
760,520,5,-5,0,481,0,1,0,1
765,515,5,-5,0,474,0,-1,0,1
770,510,5,-5,0,467,0,-1,0,1
775,505,5,-5,0,460,0,-1,0,1
780,500,-5,-5,0,453,0,-1,0,1
775,495,-5,-5,0,453,0,0,0,1
770,490,-5,-5,0,453,0,0,0,1
765,485,-5,-5,0,453,0,0,0,1
760,480,-5,-5,0,453,0,0,0,1
755,475,-5,-5,0,453,0,0,0,1
750,470,-5,-5,0,453,0,0,0,1
745,465,-5,-5,0,453,0,0,0,1
740,460,-5,-5,0,453,0,0,0,1
735,455,-5,-5,0,453,0,0,0,1
730,450,-5,-5,0,453,0,0,0,1
725,445,-5,-5,0,453,0,0,0,1
720,440,-5,-5,0,453,0,0,0,1
715,435,-5,-5,0,453,0,0,0,1
710,430,-5,-5,0,453,0,0,0,1
705,425,-5,-5,0,453,0,0,0,1
700,420,-5,-5,0,453,0,0,0,1
695,415,-5,-5,0,453,0,0,0,1
690,410,-5,-5,0,453,0,0,0,1
685,405,-5,-5,0,453,0,0,0,1
680,400,-5,-5,0,453,0,0,0,1
675,395,-5,-5,0,453,0,0,0,1
670,390,-5,-5,0,453,0,0,0,1
665,385,-5,-5,0,453,0,0,0,1
660,380,-5,-5,0,453,0,0,0,1
655,375,-5,-5,0,453,0,0,0,1
650,370,-5,-5,0,453,0,0,0,1
645,365,-5,-5,0,453,0,0,0,1
640,360,-5,-5,0,453,0,0,0,1
635,355,-5,-5,0,453,0,0,0,1
630,350,-5,-5,0,453,0,0,0,1
625,345,-5,-5,0,453,0,0,0,1
620,340,-5,-5,0,453,0,0,0,1
615,335,-5,-5,0,453,0,0,0,1
610,330,-5,-5,0,453,0,0,0,1
605,325,-5,-5,0,453,0,0,0,1
600,320,-5,-5,0,453,0,0,0,1
595,315,-5,-5,0,453,0,0,0,1
590,310,-5,-5,0,453,0,0,0,1
585,305,-5,-5,0,453,0,0,0,1
580,300,-5,-5,0,453,0,0,0,1
575,295,-5,-5,0,453,0,0,0,1
570,290,-5,-5,0,453,0,0,0,1
565,285,-5,-5,0,453,0,0,0,1
560,280,-5,-5,0,453,0,0,0,1
555,275,-5,-5,0,453,0,0,0,1
550,270,-5,-5,0,453,0,0,0,1
545,265,-5,-5,0,453,0,0,0,1
540,260,-5,-5,0,453,0,0,0,1
535,255,-5,-5,0,453,0,0,0,1
530,250,-5,-5,0,453,0,0,0,1
525,245,-5,-5,0,453,0,0,0,1
520,240,-5,-5,0,453,0,0,0,1
515,235,-5,-5,0,453,0,0,0,1
510,230,-5,-5,0,453,0,0,0,1
505,225,-5,-5,0,453,0,0,0,1
500,220,-5,-5,0,453,0,0,0,1
495,215,-5,-5,0,453,0,0,0,1
490,210,-5,-5,0,453,0,0,0,1
485,205,-5,-5,0,453,0,0,0,1
480,200,-5,-5,0,453,0,0,0,1
475,195,-5,-5,0,453,0,0,0,1
470,190,-5,-5,0,453,0,0,0,1
465,185,-5,-5,0,453,0,0,0,1
460,180,-5,-5,0,453,0,0,0,1
455,175,-5,-5,0,453,0,0,0,1
450,170,-5,-5,0,453,0,0,0,1
445,165,-5,-5,0,453,0,0,0,1
440,160,-5,-5,0,453,0,0,0,1
435,155,-5,-5,0,453,0,0,0,1
430,150,-5,-5,0,453,0,0,0,1
425,145,-5,-5,0,453,0,0,0,1
420,140,-5,-5,0,453,0,0,0,1
415,135,-5,-5,0,453,0,0,0,1
410,130,-5,-5,0,453,0,0,0,1
405,125,-5,-5,0,453,0,0,0,1
400,120,-5,-5,0,453,0,0,0,1
395,115,-5,-5,0,453,0,0,0,1
390,110,-5,-5,0,453,0,0,0,1
385,105,-5,-5,0,453,0,0,0,1
380,100,-5,-5,0,453,0,0,0,1
375,95,-5,-5,0,453,0,0,0,1
370,90,-5,-5,0,453,0,0,0,1
365,85,-5,-5,0,453,0,0,0,1
360,80,-5,-5,0,453,0,0,0,1
355,75,-5,-5,0,453,0,0,0,1
350,70,-5,-5,0,453,0,0,0,1
345,65,-5,-5,0,453,0,0,0,1
340,60,-5,-5,0,453,0,0,0,1
335,55,-5,-5,0,453,0,0,0,1
330,50,-5,-5,0,453,0,0,0,1
325,45,-5,-5,0,453,0,0,0,1
320,40,-5,-5,0,453,0,0,0,1
315,35,-5,-5,0,453,0,0,0,1
310,30,-5,-5,0,453,0,0,0,1
305,25,-5,-5,0,453,0,0,0,1
300,20,-5,-5,0,453,0,0,0,1
295,15,-5,-5,0,453,0,0,0,1
290,10,-5,5,0,453,0,0,0,1
285,15,-5,5,0,453,0,0,0,1
280,20,-5,5,0,453,0,0,0,1
275,25,-5,5,0,453,0,0,0,1
270,30,-5,5,0,453,0,0,0,1
265,35,-5,5,0,453,0,0,0,1
260,40,-5,5,0,453,0,0,0,1
255,45,-5,5,0,453,0,0,0,1
250,50,-5,5,0,453,0,0,0,1
245,55,-5,5,0,453,0,0,0,1
240,60,-5,5,0,453,0,0,0,1
235,65,-5,5,0,453,0,0,0,1
230,70,-5,5,0,453,0,0,0,1
225,75,-5,5,0,453,0,0,0,1
220,80,-5,5,0,453,0,0,0,1
215,85,-5,5,0,453,0,0,0,1
210,90,-5,5,0,453,0,0,0,1
205,95,-5,5,0,453,0,0,0,1
200,100,-5,5,0,453,0,0,0,1
195,105,-5,5,0,453,0,0,0,1
190,110,-5,5,0,453,0,0,0,1
185,115,-5,5,0,453,0,0,0,1
180,120,-5,5,0,453,0,0,0,1
175,125,-5,5,0,453,0,0,0,1
170,130,-5,5,0,453,0,0,0,1
165,135,-5,5,0,453,0,0,0,1
160,140,-5,5,0,453,0,0,0,1
155,145,-5,5,0,453,0,0,0,1
150,150,-5,5,0,453,0,0,0,1
145,155,-5,5,0,453,0,0,0,1
140,160,-5,5,0,453,0,0,0,1
135,165,-5,5,0,453,0,0,0,1
130,170,-5,5,0,453,0,0,0,1
125,175,-5,5,0,453,0,0,0,1
120,180,-5,5,0,453,0,0,0,1
115,185,-5,5,0,453,0,0,0,1
110,190,-5,5,0,453,0,0,0,1
105,195,-5,5,0,453,0,0,0,1
100,200,-5,5,0,453,0,0,0,1
95,205,-5,5,0,453,0,0,0,1
90,210,-5,5,0,453,0,0,0,1
85,215,-5,5,0,453,0,0,0,1
80,220,-5,5,0,453,0,0,0,1
75,225,-5,5,0,453,0,0,0,1
70,230,-5,5,0,453,0,0,0,1
65,235,-5,5,0,453,0,0,0,1
60,240,-5,5,0,453,0,0,0,1
55,245,-5,5,0,453,0,0,0,1
50,250,-5,5,0,453,0,0,0,1
45,255,-5,5,0,453,0,0,0,1
40,260,-5,5,0,453,0,0,0,1
35,265,-5,5,0,453,0,0,0,1
30,270,-5,5,0,453,0,0,0,1
25,275,-5,5,0,453,0,0,0,1
20,280,-5,5,0,453,0,0,0,1
15,285,-5,5,0,453,0,0,0,1
10,290,-5,5,0,453,0,0,0,1
5,295,-5,5,0,453,0,0,0,1
0,300,-5,5,0,453,0,0,0,1
400,300,5,5,0,453,0,0,0,2
405,305,5,5,0,446,0,-1,0,2
410,310,5,5,0,439,0,-1,0,2
415,315,5,5,0,432,0,-1,0,2
420,320,5,5,0,425,0,-1,0,2
425,325,5,5,0,418,0,-1,0,2
430,330,5,5,0,411,0,-1,0,2
435,335,5,5,0,404,0,-1,0,2
440,340,5,5,0,397,0,-1,0,2
445,345,5,5,0,397,0,0,0,2
450,350,5,5,0,390,0,-1,0,2
455,355,5,5,0,383,0,-1,0,2
460,360,5,5,0,376,0,-1,0,2
465,365,5,5,0,369,0,-1,0,2
470,370,5,5,0,362,0,-1,0,2
475,375,5,5,0,355,0,-1,0,2
480,380,5,5,0,348,0,-1,0,2
485,385,5,5,0,348,0,0,0,2
490,390,5,5,0,341,0,-1,0,2
495,395,5,5,0,334,0,-1,0,2
500,400,5,5,0,334,0,0,0,2
505,405,5,5,0,341,0,1,0,2
510,410,5,5,0,348,0,1,0,2
515,415,5,5,0,355,0,1,0,2
520,420,5,5,0,362,0,1,0,2
525,425,5,5,0,369,0,1,0,2
530,430,5,5,0,376,0,1,0,2
535,435,5,5,0,376,0,0,0,2
540,440,5,5,0,383,0,1,0,2
545,445,5,5,0,390,0,1,0,2
550,450,5,5,0,397,0,1,0,2
555,455,5,5,0,404,0,1,0,2
560,460,5,5,0,411,0,1,0,2
565,465,5,5,0,404,0,-1,0,2
570,470,5,5,0,411,0,1,0,2
575,475,5,5,0,418,0,1,0,2
580,480,5,5,0,425,0,1,0,2
585,485,5,5,0,432,0,1,0,2
590,490,5,5,0,439,0,1,0,2
595,495,5,5,0,446,0,1,0,2
600,500,5,5,0,439,0,-1,0,2
605,505,5,5,0,446,0,1,0,2
610,510,5,5,0,453,0,1,0,2
615,515,5,5,0,460,0,1,0,2
620,520,5,5,0,467,0,1,0,2
625,525,5,5,0,474,0,1,0,2
630,530,5,5,0,481,0,1,0,2
635,535,5,5,0,474,0,-1,0,2
640,540,5,5,0,481,0,1,0,2
645,545,5,5,0,488,0,1,0,2
650,550,5,5,0,495,0,1,0,2
655,555,5,5,0,502,0,1,0,2
660,560,5,5,0,502,0,0,0,2
665,565,5,5,0,509,0,1,0,2
670,570,5,5,0,516,0,1,0,2
675,575,5,5,0,523,0,1,0,2
680,580,5,5,0,530,0,1,0,2
685,585,5,5,0,530,0,0,0,2
690,590,5,-5,0,537,0,1,0,2
695,585,5,-5,0,544,0,1,0,2
700,580,5,-5,0,537,0,-1,0,2
705,575,5,-5,0,530,0,-1,0,2
710,570,5,-5,0,523,0,-1,0,2
715,565,5,-5,0,516,0,-1,0,2
720,560,5,-5,0,509,0,-1,0,2
725,555,5,-5,0,516,0,1,0,2
730,550,5,-5,0,516,0,0,0,2
735,545,5,-5,0,509,0,-1,0,2
740,540,5,-5,0,502,0,-1,0,2
745,535,5,-5,0,502,0,0,0,2
750,530,5,-5,0,495,0,-1,0,2
755,525,5,-5,0,488,0,-1,0,2
760,520,5,-5,0,481,0,-1,0,2
765,515,5,-5,0,474,0,-1,0,2
770,510,5,-5,0,467,0,-1,0,2
775,505,5,-5,0,460,0,-1,0,2
780,500,-5,-5,0,453,0,-1,0,2
775,495,-5,-5,0,453,0,0,0,2
770,490,-5,-5,0,453,0,0,0,2
765,485,-5,-5,0,453,0,0,0,2
760,480,-5,-5,0,453,0,0,0,2
755,475,-5,-5,0,453,0,0,0,2
750,470,-5,-5,0,453,0,0,0,2
745,465,-5,-5,0,453,0,0,0,2
740,460,-5,-5,0,453,0,0,0,2
735,455,-5,-5,0,453,0,0,0,2
730,450,-5,-5,0,453,0,0,0,2
725,445,-5,-5,0,453,0,0,0,2
720,440,-5,-5,0,453,0,0,0,2
715,435,-5,-5,0,453,0,0,0,2
710,430,-5,-5,0,453,0,0,0,2
705,425,-5,-5,0,453,0,0,0,2
700,420,-5,-5,0,453,0,0,0,2
695,415,-5,-5,0,453,0,0,0,2
690,410,-5,-5,0,453,0,0,0,2
685,405,-5,-5,0,453,0,0,0,2
680,400,-5,-5,0,453,0,0,0,2
675,395,-5,-5,0,453,0,0,0,2
670,390,-5,-5,0,453,0,0,0,2
665,385,-5,-5,0,453,0,0,0,2
660,380,-5,-5,0,453,0,0,0,2
655,375,-5,-5,0,453,0,0,0,2
650,370,-5,-5,0,453,0,0,0,2
645,365,-5,-5,0,453,0,0,0,2
640,360,-5,-5,0,453,0,0,0,2
635,355,-5,-5,0,453,0,0,0,2
630,350,-5,-5,0,453,0,0,0,2
625,345,-5,-5,0,453,0,0,0,2
620,340,-5,-5,0,453,0,0,0,2
615,335,-5,-5,0,453,0,0,0,2
610,330,-5,-5,0,453,0,0,0,2
605,325,-5,-5,0,453,0,0,0,2
600,320,-5,-5,0,453,0,0,0,2
ball_x,ball_y,ball_dx,ball_dy,paddle1_y,paddle2_y,paddle1_action,paddle2_action,score1,score2
395,305,-5,5,250,250,0,0,0,0
390,310,-5,5,250,250,0,0,0,0
385,315,-5,5,250,250,0,0,0,0
380,320,-5,5,250,250,0,0,0,0
375,325,-5,5,250,250,0,0,0,0
370,330,-5,5,250,250,0,0,0,0
365,335,-5,5,250,250,0,0,0,0
360,340,-5,5,250,250,0,0,0,0
355,345,-5,5,250,250,0,0,0,0
350,350,-5,5,250,250,0,0,0,0
345,355,-5,5,250,250,0,0,0,0
340,360,-5,5,250,250,0,0,0,0
335,365,-5,5,250,250,0,0,0,0
330,370,-5,5,250,250,0,0,0,0
325,375,-5,5,250,250,0,0,0,0
320,380,-5,5,250,250,0,0,0,0
315,385,-5,5,250,250,0,0,0,0
310,390,-5,5,250,250,0,0,0,0
305,395,-5,5,250,250,0,0,0,0
300,400,-5,5,250,250,0,0,0,0
295,405,-5,5,250,250,0,0,0,0
290,410,-5,5,250,250,0,0,0,0
285,415,-5,5,250,250,0,0,0,0
280,420,-5,5,250,250,0,0,0,0
275,425,-5,5,250,250,0,0,0,0
270,430,-5,5,250,250,0,0,0,0
265,435,-5,5,250,250,0,0,0,0
260,440,-5,5,250,250,0,0,0,0
255,445,-5,5,250,250,0,0,0,0
250,450,-5,5,250,250,0,0,0,0
245,455,-5,5,250,250,0,0,0,0
240,460,-5,5,250,250,0,0,0,0
235,465,-5,5,250,250,0,0,0,0
230,470,-5,5,250,250,0,0,0,0
225,475,-5,5,250,250,0,0,0,0
220,480,-5,5,250,250,0,0,0,0
215,485,-5,5,250,250,0,0,0,0
210,490,-5,5,250,250,0,0,0,0
205,495,-5,5,250,250,0,0,0,0
200,500,-5,5,250,250,0,0,0,0
195,505,-5,5,250,250,0,0,0,0
190,510,-5,5,250,250,0,0,0,0
185,515,-5,5,250,250,0,0,0,0
180,520,-5,5,250,250,0,0,0,0
175,525,-5,5,250,250,0,0,0,0
170,530,-5,5,250,250,0,0,0,0
165,535,-5,5,250,250,0,0,0,0
160,540,-5,5,240,250,-1,0,0,0
155,545,-5,5,230,250,-1,0,0,0
150,550,-5,5,220,250,-1,0,0,0
145,555,-5,5,210,250,-1,0,0,0
140,560,-5,5,200,250,-1,0,0,0
135,565,-5,5,190,250,-1,0,0,0
130,570,-5,5,180,250,-1,0,0,0
125,575,-5,5,170,250,-1,0,0,0
120,580,-5,5,160,250,-1,0,0,0
115,585,-5,5,160,250,0,0,0,0
110,590,-5,-5,160,250,0,0,0,0
105,585,-5,-5,160,250,0,0,0,0
100,580,-5,-5,160,250,0,0,0,0
95,575,-5,-5,160,250,0,0,0,0
90,570,-5,-5,160,250,0,0,0,0
85,565,-5,-5,160,250,0,0,0,0
80,560,-5,-5,160,250,0,0,0,0
75,555,-5,-5,160,250,0,0,0,0
70,550,-5,-5,170,250,1,0,0,0
65,545,-5,-5,180,250,1,0,0,0
60,540,-5,-5,190,250,1,0,0,0
55,535,-5,-5,200,250,1,0,0,0
50,530,-5,-5,210,250,1,0,0,0
45,525,-5,-5,220,250,1,0,0,0
40,520,-5,-5,230,250,1,0,0,0
35,515,-5,-5,240,250,1,0,0,0
30,510,-5,-5,250,250,1,0,0,0
25,505,-5,-5,260,250,1,0,0,0
20,500,-5,-5,270,250,1,0,0,0
15,495,-5,-5,280,250,1,0,0,0
10,490,-5,-5,290,250,1,0,0,0
5,485,-5,-5,300,250,1,0,0,0
0,480,-5,-5,310,250,1,0,0,0
400,300,5,-5,320,250,1,0,0,1
405,295,5,-5,330,250,1,0,0,1
410,290,5,-5,340,243,1,-1,0,1
415,285,5,-5,350,236,1,-1,0,1
420,280,5,-5,360,229,1,-1,0,1
425,275,5,-5,370,236,1,1,0,1
430,270,5,-5,380,229,1,-1,0,1
435,265,5,-5,390,222,1,-1,0,1
440,260,5,-5,400,215,1,-1,0,1
445,255,5,-5,410,208,1,-1,0,1
450,250,5,-5,420,201,1,-1,0,1
455,245,5,-5,430,194,1,-1,0,1
460,240,5,-5,440,201,1,1,0,1
465,235,5,-5,450,194,1,-1,0,1
470,230,5,-5,460,194,1,0,0,1
475,225,5,-5,470,187,1,-1,0,1
480,220,5,-5,480,180,1,-1,0,1
485,215,5,-5,480,173,0,-1,0,1
490,210,5,-5,480,173,0,0,0,1
495,205,5,-5,480,166,0,-1,0,1
500,200,5,-5,480,159,0,-1,0,1
505,195,5,-5,480,152,0,-1,0,1
510,190,5,-5,480,145,0,-1,0,1
515,185,5,-5,480,138,0,-1,0,1
520,180,5,-5,480,131,0,-1,0,1
525,175,5,-5,480,124,0,-1,0,1
530,170,5,-5,480,131,0,1,0,1
535,165,5,-5,480,124,0,-1,0,1
540,160,5,-5,480,117,0,-1,0,1
545,155,5,-5,480,117,0,0,0,1
550,150,5,-5,480,117,0,0,0,1
555,145,5,-5,480,110,0,-1,0,1
560,140,5,-5,480,103,0,-1,0,1
565,135,5,-5,480,96,0,-1,0,1
570,130,5,-5,480,89,0,-1,0,1
575,125,5,-5,480,82,0,-1,0,1
580,120,5,-5,480,75,0,-1,0,1
585,115,5,-5,480,68,0,-1,0,1
590,110,5,-5,480,61,0,-1,0,1
595,105,5,-5,480,54,0,-1,0,1
600,100,5,-5,480,61,0,1,0,1
605,95,5,-5,470,54,-1,-1,0,1
610,90,5,-5,460,47,-1,-1,0,1
615,85,5,-5,450,47,-1,0,0,1
620,80,5,-5,440,40,-1,-1,0,1
625,75,5,-5,430,33,-1,-1,0,1
630,70,5,-5,420,26,-1,-1,0,1
635,65,5,-5,410,19,-1,-1,0,1
640,60,5,-5,400,12,-1,-1,0,1
645,55,5,-5,390,5,-1,-1,0,1
650,50,5,-5,380,5,-1,0,0,1
655,45,5,-5,370,-2,-1,-1,0,1
660,40,5,-5,360,-9,-1,-1,0,1
665,35,5,-5,350,-16,-1,-1,0,1
670,30,5,-5,340,-9,-1,1,0,1
675,25,5,-5,330,-9,-1,0,0,1
680,20,5,-5,320,-16,-1,-1,0,1
685,15,5,-5,310,-23,-1,-1,0,1
690,10,5,5,300,-30,-1,-1,0,1
695,15,5,5,290,-37,-1,-1,0,1
700,20,5,5,280,-30,-1,1,0,1
705,25,5,5,270,-30,-1,0,0,1
710,30,5,5,260,-23,-1,1,0,1
715,35,5,5,250,-16,-1,1,0,1
720,40,5,5,240,-9,-1,1,0,1
725,45,5,5,230,-16,-1,-1,0,1
730,50,5,5,220,-9,-1,1,0,1
735,55,5,5,210,-2,-1,1,0,1
740,60,5,5,200,5,-1,1,0,1
745,65,5,5,190,12,-1,1,0,1
750,70,5,5,180,19,-1,1,0,1
755,75,5,5,170,26,-1,1,0,1
760,80,5,5,160,19,-1,-1,0,1
765,85,5,5,150,26,-1,1,0,1
770,90,5,5,140,33,-1,1,0,1
775,95,5,5,130,40,-1,1,0,1
780,100,-5,5,120,47,-1,1,0,1
775,105,-5,5,110,47,-1,0,0,1
770,110,-5,5,100,47,-1,0,0,1
765,115,-5,5,90,47,-1,0,0,1
760,120,-5,5,80,47,-1,0,0,1
755,125,-5,5,70,47,-1,0,0,1
750,130,-5,5,60,47,-1,0,0,1
745,135,-5,5,50,47,-1,0,0,1
740,140,-5,5,40,47,-1,0,0,1
735,145,-5,5,30,47,-1,0,0,1
730,150,-5,5,30,47,0,0,0,1
725,155,-5,5,30,47,0,0,0,1
720,160,-5,5,30,47,0,0,0,1
715,165,-5,5,30,47,0,0,0,1
710,170,-5,5,30,47,0,0,0,1
705,175,-5,5,30,47,0,0,0,1
700,180,-5,5,30,47,0,0,0,1
695,185,-5,5,30,47,0,0,0,1
690,190,-5,5,30,47,0,0,0,1
685,195,-5,5,30,47,0,0,0,1
680,200,-5,5,30,47,0,0,0,1
675,205,-5,5,30,47,0,0,0,1
670,210,-5,5,30,47,0,0,0,1
665,215,-5,5,30,47,0,0,0,1
660,220,-5,5,30,47,0,0,0,1
655,225,-5,5,30,47,0,0,0,1
650,230,-5,5,30,47,0,0,0,1
645,235,-5,5,30,47,0,0,0,1
640,240,-5,5,30,47,0,0,0,1
635,245,-5,5,30,47,0,0,0,1
630,250,-5,5,30,47,0,0,0,1
625,255,-5,5,30,47,0,0,0,1
620,260,-5,5,30,47,0,0,0,1
615,265,-5,5,30,47,0,0,0,1
610,270,-5,5,30,47,0,0,0,1
605,275,-5,5,30,47,0,0,0,1
600,280,-5,5,30,47,0,0,0,1
595,285,-5,5,30,47,0,0,0,1
590,290,-5,5,40,47,1,0,0,1
585,295,-5,5,50,47,1,0,0,1
580,300,-5,5,60,47,1,0,0,1
575,305,-5,5,70,47,1,0,0,1
570,310,-5,5,80,47,1,0,0,1
565,315,-5,5,90,47,1,0,0,1
560,320,-5,5,100,47,1,0,0,1
555,325,-5,5,110,47,1,0,0,1
550,330,-5,5,120,47,1,0,0,1
545,335,-5,5,130,47,1,0,0,1
540,340,-5,5,140,47,1,0,0,1
535,345,-5,5,150,47,1,0,0,1
530,350,-5,5,160,47,1,0,0,1
525,355,-5,5,170,47,1,0,0,1
520,360,-5,5,180,47,1,0,0,1
515,365,-5,5,190,47,1,0,0,1
510,370,-5,5,200,47,1,0,0,1
505,375,-5,5,210,47,1,0,0,1
500,380,-5,5,220,47,1,0,0,1
495,385,-5,5,230,47,1,0,0,1
490,390,-5,5,240,47,1,0,0,1
485,395,-5,5,250,47,1,0,0,1
480,400,-5,5,260,47,1,0,0,1
475,405,-5,5,270,47,1,0,0,1
470,410,-5,5,280,47,1,0,0,1
465,415,-5,5,290,47,1,0,0,1
460,420,-5,5,300,47,1,0,0,1
455,425,-5,5,310,47,1,0,0,1
450,430,-5,5,320,47,1,0,0,1
445,435,-5,5,330,47,1,0,0,1
440,440,-5,5,340,47,1,0,0,1
435,445,-5,5,350,47,1,0,0,1
430,450,-5,5,360,47,1,0,0,1
425,455,-5,5,370,47,1,0,0,1
420,460,-5,5,380,47,1,0,0,1
415,465,-5,5,390,47,1,0,0,1
410,470,-5,5,400,47,1,0,0,1
405,475,-5,5,410,47,1,0,0,1
400,480,-5,5,420,47,1,0,0,1
395,485,-5,5,430,47,1,0,0,1
390,490,-5,5,440,47,1,0,0,1
385,495,-5,5,450,47,1,0,0,1
380,500,-5,5,460,47,1,0,0,1
375,505,-5,5,470,47,1,0,0,1
370,510,-5,5,480,47,1,0,0,1
365,515,-5,5,490,47,1,0,0,1
360,520,-5,5,500,47,1,0,0,1
355,525,-5,5,500,47,0,0,0,1
350,530,-5,5,500,47,0,0,0,1
345,535,-5,5,500,47,0,0,0,1
340,540,-5,5,500,47,0,0,0,1
335,545,-5,5,500,47,0,0,0,1
330,550,-5,5,500,47,0,0,0,1
325,555,-5,5,500,47,0,0,0,1
320,560,-5,5,500,47,0,0,0,1
315,565,-5,5,500,47,0,0,0,1
310,570,-5,5,500,47,0,0,0,1
305,575,-5,5,500,47,0,0,0,1
300,580,-5,5,500,47,0,0,0,1
295,585,-5,5,500,47,0,0,0,1
290,590,-5,-5,500,47,0,0,0,1
285,585,-5,-5,500,47,0,0,0,1
280,580,-5,-5,500,47,0,0,0,1
275,575,-5,-5,500,47,0,0,0,1
270,570,-5,-5,490,47,-1,0,0,1
265,565,-5,-5,480,47,-1,0,0,1
260,560,-5,-5,470,47,-1,0,0,1
255,555,-5,-5,460,47,-1,0,0,1
250,550,-5,-5,450,47,-1,0,0,1
245,545,-5,-5,440,47,-1,0,0,1
240,540,-5,-5,430,47,-1,0,0,1
235,535,-5,-5,420,47,-1,0,0,1
230,530,-5,-5,410,47,-1,0,0,1
225,525,-5,-5,400,47,-1,0,0,1
220,520,-5,-5,390,47,-1,0,0,1
215,515,-5,-5,380,47,-1,0,0,1
210,510,-5,-5,370,47,-1,0,0,1
205,505,-5,-5,360,47,-1,0,0,1
200,500,-5,-5,350,47,-1,0,0,1
195,495,-5,-5,340,47,-1,0,0,1
190,490,-5,-5,330,47,-1,0,0,1
185,485,-5,-5,320,47,-1,0,0,1
180,480,-5,-5,310,47,-1,0,0,1
175,475,-5,-5,300,47,-1,0,0,1
170,470,-5,-5,290,47,-1,0,0,1
165,465,-5,-5,280,47,-1,0,0,1
160,460,-5,-5,270,47,-1,0,0,1
155,455,-5,-5,260,47,-1,0,0,1
150,450,-5,-5,250,47,-1,0,0,1
145,445,-5,-5,240,47,-1,0,0,1
140,440,-5,-5,230,47,-1,0,0,1
135,435,-5,-5,220,47,-1,0,0,1
130,430,-5,-5,210,47,-1,0,0,1
125,425,-5,-5,200,47,-1,0,0,1
120,420,-5,-5,190,47,-1,0,0,1
115,415,-5,-5,180,47,-1,0,0,1
110,410,-5,-5,170,47,-1,0,0,1
105,405,-5,-5,160,47,-1,0,0,1
100,400,-5,-5,150,47,-1,0,0,1
95,395,-5,-5,140,47,-1,0,0,1
90,390,-5,-5,130,47,-1,0,0,1
85,385,-5,-5,130,47,0,0,0,1
80,380,-5,-5,130,47,0,0,0,1
75,375,-5,-5,130,47,0,0,0,1
70,370,-5,-5,130,47,0,0,0,1
65,365,-5,-5,140,47,1,0,0,1
60,360,-5,-5,150,47,1,0,0,1
55,355,-5,-5,160,47,1,0,0,1
50,350,-5,-5,170,47,1,0,0,1
45,345,-5,-5,180,47,1,0,0,1
40,340,-5,-5,190,47,1,0,0,1
35,335,-5,-5,200,47,1,0,0,1
30,330,-5,-5,210,47,1,0,0,1
25,325,-5,-5,220,47,1,0,0,1
20,320,5,-5,230,47,1,0,0,1
25,315,5,-5,240,54,1,1,0,1
30,310,5,-5,250,61,1,1,0,1
35,305,5,-5,260,61,1,0,0,1
40,300,5,-5,270,68,1,1,0,1
45,295,5,-5,280,75,1,1,0,1
50,290,5,-5,290,82,1,1,0,1
55,285,5,-5,300,89,1,1,0,1
60,280,5,-5,310,96,1,1,0,1
65,275,5,-5,320,103,1,1,0,1
70,270,5,-5,330,110,1,1,0,1
75,265,5,-5,340,117,1,1,0,1
80,260,5,-5,350,124,1,1,0,1
85,255,5,-5,360,131,1,1,0,1
90,250,5,-5,370,138,1,1,0,1
95,245,5,-5,380,145,1,1,0,1
100,240,5,-5,390,152,1,1,0,1
105,235,5,-5,400,159,1,1,0,1
110,230,5,-5,410,166,1,1,0,1
115,225,5,-5,420,173,1,1,0,1
120,220,5,-5,430,180,1,1,0,1
125,215,5,-5,440,173,1,-1,0,1
130,210,5,-5,450,166,1,-1,0,1
135,205,5,-5,460,159,1,-1,0,1
140,200,5,-5,470,152,1,-1,0,1
145,195,5,-5,480,145,1,-1,0,1
150,190,5,-5,490,145,1,0,0,1
155,185,5,-5,500,138,1,-1,0,1
160,180,5,-5,500,131,0,-1,0,1
165,175,5,-5,500,124,0,-1,0,1
170,170,5,-5,500,131,0,1,0,1
175,165,5,-5,500,124,0,-1,0,1
180,160,5,-5,500,124,0,0,0,1
185,155,5,-5,500,117,0,-1,0,1
190,150,5,-5,500,110,0,-1,0,1
195,145,5,-5,500,103,0,-1,0,1
200,140,5,-5,500,96,0,-1,0,1
205,135,5,-5,500,89,0,-1,0,1
210,130,5,-5,500,82,0,-1,0,1
215,125,5,-5,500,75,0,-1,0,1
220,120,5,-5,500,75,0,0,0,1
225,115,5,-5,500,68,0,-1,0,1
230,110,5,-5,500,61,0,-1,0,1
235,105,5,-5,500,54,0,-1,0,1
240,100,5,-5,500,61,0,1,0,1
245,95,5,-5,500,54,0,-1,0,1
250,90,5,-5,500,54,0,0,0,1
255,85,5,-5,500,47,0,-1,0,1
260,80,5,-5,500,40,0,-1,0,1
265,75,5,-5,500,40,0,0,0,1
270,70,5,-5,500,40,0,0,0,1
275,65,5,-5,500,33,0,-1,0,1
280,60,5,-5,500,26,0,-1,0,1
285,55,5,-5,500,19,0,-1,0,1
290,50,5,-5,500,19,0,0,0,1
295,45,5,-5,490,12,-1,-1,0,1
300,40,5,-5,480,5,-1,-1,0,1
305,35,5,-5,470,-2,-1,-1,0,1
310,30,5,-5,460,-9,-1,-1,0,1
315,25,5,-5,450,-16,-1,-1,0,1
320,20,5,-5,440,-23,-1,-1,0,1
325,15,5,-5,430,-30,-1,-1,0,1
330,10,5,5,420,-37,-1,-1,0,1
335,15,5,5,410,-44,-1,-1,0,1
340,20,5,5,400,-37,-1,1,0,1
345,25,5,5,390,-30,-1,1,0,1
350,30,5,5,380,-23,-1,1,0,1
355,35,5,5,370,-16,-1,1,0,1
360,40,5,5,360,-9,-1,1,0,1
365,45,5,5,350,-16,-1,-1,0,1
370,50,5,5,340,-16,-1,0,0,1
375,55,5,5,330,-9,-1,1,0,1
380,60,5,5,320,-2,-1,1,0,1
385,65,5,5,310,5,-1,1,0,1
390,70,5,5,300,12,-1,1,0,1
395,75,5,5,290,19,-1,1,0,1
400,80,5,5,280,26,-1,1,0,1
405,85,5,5,270,33,-1,1,0,1
410,90,5,5,260,40,-1,1,0,1
415,95,5,5,250,40,-1,0,0,1
420,100,5,5,240,47,-1,1,0,1
425,105,5,5,230,54,-1,1,0,1
430,110,5,5,220,61,-1,1,0,1
435,115,5,5,210,54,-1,-1,0,1
440,120,5,5,200,61,-1,1,0,1
445,125,5,5,190,61,-1,0,0,1
450,130,5,5,180,68,-1,1,0,1
455,135,5,5,170,75,-1,1,0,1
460,140,5,5,160,82,-1,1,0,1
465,145,5,5,150,89,-1,1,0,1
470,150,5,5,140,89,-1,0,0,1
475,155,5,5,130,96,-1,1,0,1
480,160,5,5,120,103,-1,1,0,1
485,165,5,5,110,110,-1,1,0,1
490,170,5,5,100,110,-1,0,0,1
495,175,5,5,90,110,-1,0,0,1
500,180,5,5,80,117,-1,1,0,1
505,185,5,5,70,124,-1,1,0,1
510,190,5,5,60,131,-1,1,0,1
515,195,5,5,50,138,-1,1,0,1
520,200,5,5,40,145,-1,1,0,1
525,205,5,5,30,152,-1,1,0,1
530,210,5,5,20,159,-1,1,0,1
535,215,5,5,10,166,-1,1,0,1
540,220,5,5,0,159,-1,-1,0,1
545,225,5,5,0,166,0,1,0,1
550,230,5,5,0,173,0,1,0,1
555,235,5,5,0,180,0,1,0,1
560,240,5,5,0,187,0,1,0,1
565,245,5,5,0,194,0,1,0,1
570,250,5,5,0,201,0,1,0,1
575,255,5,5,0,194,0,-1,0,1
580,260,5,5,0,201,0,1,0,1
585,265,5,5,0,208,0,1,0,1
590,270,5,5,0,215,0,1,0,1
595,275,5,5,0,222,0,1,0,1
600,280,5,5,0,229,0,1,0,1
605,285,5,5,0,236,0,1,0,1
610,290,5,5,0,229,0,-1,0,1
615,295,5,5,0,236,0,1,0,1
620,300,5,5,0,243,0,1,0,1
625,305,5,5,0,250,0,1,0,1
630,310,5,5,0,257,0,1,0,1
635,315,5,5,0,264,0,1,0,1
640,320,5,5,0,271,0,1,0,1
645,325,5,5,0,264,0,-1,0,1
650,330,5,5,0,264,0,0,0,1
655,335,5,5,0,271,0,1,0,1
660,340,5,5,0,278,0,1,0,1
665,345,5,5,0,285,0,1,0,1
670,350,5,5,0,292,0,1,0,1
675,355,5,5,0,299,0,1,0,1
680,360,5,5,0,306,0,1,0,1
685,365,5,5,0,313,0,1,0,1
690,370,5,5,0,320,0,1,0,1
695,375,5,5,0,320,0,0,0,1
700,380,5,5,0,327,0,1,0,1
705,385,5,5,0,334,0,1,0,1
710,390,5,5,0,334,0,0,0,1
715,395,5,5,0,341,0,1,0,1
720,400,5,5,0,348,0,1,0,1
725,405,5,5,0,355,0,1,0,1
730,410,5,5,0,355,0,0,0,1
735,415,5,5,0,362,0,1,0,1
740,420,5,5,0,369,0,1,0,1
745,425,5,5,0,376,0,1,0,1
750,430,5,5,0,369,0,-1,0,1
755,435,5,5,0,376,0,1,0,1
760,440,5,5,0,383,0,1,0,1
765,445,5,5,0,390,0,1,0,1
770,450,5,5,0,397,0,1,0,1
775,455,5,5,0,404,0,1,0,1
780,460,-5,5,0,404,0,0,0,1
775,465,-5,5,0,404,0,0,0,1
770,470,-5,5,0,404,0,0,0,1
765,475,-5,5,0,404,0,0,0,1
760,480,-5,5,0,404,0,0,0,1
755,485,-5,5,0,404,0,0,0,1
750,490,-5,5,0,404,0,0,0,1
745,495,-5,5,0,404,0,0,0,1
740,500,-5,5,0,404,0,0,0,1
735,505,-5,5,0,404,0,0,0,1
730,510,-5,5,0,404,0,0,0,1
725,515,-5,5,0,404,0,0,0,1
720,520,-5,5,0,404,0,0,0,1
715,525,-5,5,0,404,0,0,0,1
710,530,-5,5,0,404,0,0,0,1
705,535,-5,5,0,404,0,0,0,1
700,540,-5,5,0,404,0,0,0,1
695,545,-5,5,0,404,0,0,0,1
690,550,-5,5,0,404,0,0,0,1
685,555,-5,5,0,404,0,0,0,1
680,560,-5,5,0,404,0,0,0,1
675,565,-5,5,0,404,0,0,0,1
670,570,-5,5,0,404,0,0,0,1
665,575,-5,5,0,404,0,0,0,1
660,580,-5,5,0,404,0,0,0,1
655,585,-5,5,0,404,0,0,0,1
650,590,-5,-5,0,404,0,0,0,1
645,585,-5,-5,0,404,0,0,0,1
640,580,-5,-5,0,404,0,0,0,1
635,575,-5,-5,0,404,0,0,0,1
630,570,-5,-5,0,404,0,0,0,1
625,565,-5,-5,0,404,0,0,0,1
620,560,-5,-5,0,404,0,0,0,1
615,555,-5,-5,0,404,0,0,0,1
610,550,-5,-5,0,404,0,0,0,1
605,545,-5,-5,0,404,0,0,0,1
600,540,-5,-5,0,404,0,0,0,1
595,535,-5,-5,0,404,0,0,0,1
590,530,-5,-5,0,404,0,0,0,1
585,525,-5,-5,0,404,0,0,0,1
580,520,-5,-5,0,404,0,0,0,1
575,515,-5,-5,0,404,0,0,0,1
570,510,-5,-5,0,404,0,0,0,1
565,505,-5,-5,0,404,0,0,0,1
560,500,-5,-5,0,404,0,0,0,1
555,495,-5,-5,0,404,0,0,0,1
550,490,-5,-5,0,404,0,0,0,1
545,485,-5,-5,0,404,0,0,0,1
540,480,-5,-5,0,404,0,0,0,1
535,475,-5,-5,0,404,0,0,0,1
530,470,-5,-5,0,404,0,0,0,1
525,465,-5,-5,0,404,0,0,0,1
520,460,-5,-5,0,404,0,0,0,1
515,455,-5,-5,0,404,0,0,0,1
510,450,-5,-5,0,404,0,0,0,1
505,445,-5,-5,0,404,0,0,0,1
500,440,-5,-5,0,404,0,0,0,1
495,435,-5,-5,0,404,0,0,0,1
490,430,-5,-5,0,404,0,0,0,1
485,425,-5,-5,0,404,0,0,0,1
480,420,-5,-5,0,404,0,0,0,1
475,415,-5,-5,0,404,0,0,0,1
470,410,-5,-5,0,404,0,0,0,1
465,405,-5,-5,0,404,0,0,0,1
460,400,-5,-5,0,404,0,0,0,1
455,395,-5,-5,0,404,0,0,0,1
450,390,-5,-5,0,404,0,0,0,1
445,385,-5,-5,0,404,0,0,0,1
440,380,-5,-5,0,404,0,0,0,1
435,375,-5,-5,0,404,0,0,0,1
430,370,-5,-5,0,404,0,0,0,1
425,365,-5,-5,0,404,0,0,0,1
420,360,-5,-5,0,404,0,0,0,1
415,355,-5,-5,0,404,0,0,0,1
410,350,-5,-5,0,404,0,0,0,1
405,345,-5,-5,0,404,0,0,0,1
400,340,-5,-5,0,404,0,0,0,1
395,335,-5,-5,0,404,0,0,0,1
390,330,-5,-5,0,404,0,0,0,1
385,325,-5,-5,0,404,0,0,0,1
380,320,-5,-5,0,404,0,0,0,1
375,315,-5,-5,0,404,0,0,0,1
370,310,-5,-5,0,404,0,0,0,1
365,305,-5,-5,0,404,0,0,0,1
360,300,-5,-5,0,404,0,0,0,1
355,295,-5,-5,0,404,0,0,0,1
350,290,-5,-5,0,404,0,0,0,1
345,285,-5,-5,0,404,0,0,0,1
340,280,-5,-5,0,404,0,0,0,1
335,275,-5,-5,0,404,0,0,0,1
330,270,-5,-5,0,404,0,0,0,1
325,265,-5,-5,0,404,0,0,0,1
320,260,-5,-5,0,404,0,0,0,1
315,255,-5,-5,0,404,0,0,0,1
310,250,-5,-5,0,404,0,0,0,1
305,245,-5,-5,0,404,0,0,0,1
300,240,-5,-5,0,404,0,0,0,1
295,235,-5,-5,0,404,0,0,0,1
290,230,-5,-5,0,404,0,0,0,1
285,225,-5,-5,0,404,0,0,0,1
280,220,-5,-5,0,404,0,0,0,1
275,215,-5,-5,0,404,0,0,0,1
270,210,-5,-5,0,404,0,0,0,1
265,205,-5,-5,0,404,0,0,0,1
260,200,-5,-5,0,404,0,0,0,1
255,195,-5,-5,0,404,0,0,0,1
250,190,-5,-5,0,404,0,0,0,1
245,185,-5,-5,0,404,0,0,0,1
240,180,-5,-5,0,404,0,0,0,1
235,175,-5,-5,0,404,0,0,0,1
230,170,-5,-5,0,404,0,0,0,1
225,165,-5,-5,0,404,0,0,0,1
220,160,-5,-5,0,404,0,0,0,1
215,155,-5,-5,0,404,0,0,0,1
210,150,-5,-5,0,404,0,0,0,1
205,145,-5,-5,0,404,0,0,0,1
200,140,-5,-5,0,404,0,0,0,1
195,135,-5,-5,0,404,0,0,0,1
190,130,-5,-5,0,404,0,0,0,1
185,125,-5,-5,0,404,0,0,0,1
180,120,-5,-5,0,404,0,0,0,1
175,115,-5,-5,0,404,0,0,0,1
170,110,-5,-5,0,404,0,0,0,1
165,105,-5,-5,0,404,0,0,0,1
160,100,-5,-5,0,404,0,0,0,1
155,95,-5,-5,0,404,0,0,0,1
150,90,-5,-5,0,404,0,0,0,1
145,85,-5,-5,0,404,0,0,0,1
140,80,-5,-5,0,404,0,0,0,1
135,75,-5,-5,0,404,0,0,0,1
130,70,-5,-5,0,404,0,0,0,1
125,65,-5,-5,0,404,0,0,0,1
120,60,-5,-5,0,404,0,0,0,1
115,55,-5,-5,0,404,0,0,0,1
110,50,-5,-5,0,404,0,0,0,1
105,45,-5,-5,0,404,0,0,0,1
100,40,-5,-5,0,404,0,0,0,1
95,35,-5,-5,0,404,0,0,0,1
90,30,-5,-5,0,404,0,0,0,1
85,25,-5,-5,0,404,0,0,0,1
80,20,-5,-5,0,404,0,0,0,1
75,15,-5,-5,0,404,0,0,0,1
70,10,-5,5,0,404,0,0,0,1
65,15,-5,5,0,404,0,0,0,1
60,20,-5,5,0,404,0,0,0,1
55,25,-5,5,0,404,0,0,0,1
50,30,-5,5,0,404,0,0,0,1
45,35,-5,5,0,404,0,0,0,1
40,40,-5,5,0,404,0,0,0,1
35,45,-5,5,0,404,0,0,0,1
30,50,-5,5,0,404,0,0,0,1
25,55,-5,5,0,404,0,0,0,1
20,60,5,5,0,404,0,0,0,1
25,65,5,5,0,397,0,-1,0,1
30,70,5,5,0,390,0,-1,0,1
35,75,5,5,0,383,0,-1,0,1
40,80,5,5,0,376,0,-1,0,1
45,85,5,5,0,369,0,-1,0,1
50,90,5,5,0,362,0,-1,0,1
55,95,5,5,0,362,0,0,0,1
60,100,5,5,0,355,0,-1,0,1
65,105,5,5,0,348,0,-1,0,1
70,110,5,5,0,341,0,-1,0,1
75,115,5,5,0,334,0,-1,0,1
80,120,5,5,0,327,0,-1,0,1
85,125,5,5,0,320,0,-1,0,1
90,130,5,5,0,313,0,-1,0,1
95,135,5,5,0,306,0,-1,0,1
100,140,5,5,0,299,0,-1,0,1
105,145,5,5,0,292,0,-1,0,1
110,150,5,5,0,285,0,-1,0,1
115,155,5,5,0,278,0,-1,0,1
120,160,5,5,0,271,0,-1,0,1
125,165,5,5,0,264,0,-1,0,1
130,170,5,5,0,257,0,-1,0,1
135,175,5,5,0,250,0,-1,0,1
140,180,5,5,0,243,0,-1,0,1
145,185,5,5,0,236,0,-1,0,1
150,190,5,5,0,229,0,-1,0,1
155,195,5,5,0,222,0,-1,0,1
160,200,5,5,0,222,0,0,0,1
165,205,5,5,0,215,0,-1,0,1
170,210,5,5,0,208,0,-1,0,1
175,215,5,5,0,201,0,-1,0,1
180,220,5,5,0,194,0,-1,0,1
185,225,5,5,0,187,0,-1,0,1
190,230,5,5,0,180,0,-1,0,1
195,235,5,5,0,180,0,0,0,1
200,240,5,5,0,187,0,1,0,1
205,245,5,5,0,194,0,1,0,1
210,250,5,5,0,201,0,1,0,1
215,255,5,5,0,194,0,-1,0,1
220,260,5,5,0,201,0,1,0,1
225,265,5,5,0,208,0,1,0,1
230,270,5,5,0,215,0,1,0,1
235,275,5,5,0,222,0,1,0,1
240,280,5,5,0,229,0,1,0,1
245,285,5,5,0,236,0,1,0,1
250,290,5,5,0,229,0,-1,0,1
255,295,5,5,0,236,0,1,0,1
260,300,5,5,0,243,0,1,0,1
265,305,5,5,0,250,0,1,0,1
270,310,5,5,0,257,0,1,0,1
275,315,5,5,0,264,0,1,0,1
280,320,5,5,0,271,0,1,0,1
285,325,5,5,0,264,0,-1,0,1
290,330,5,5,0,271,0,1,0,1
295,335,5,5,0,278,0,1,0,1
300,340,5,5,0,285,0,1,0,1
305,345,5,5,0,292,0,1,0,1
310,350,5,5,0,299,0,1,0,1
315,355,5,5,0,306,0,1,0,1
320,360,5,5,0,299,0,-1,0,1
325,365,5,5,0,306,0,1,0,1
330,370,5,5,0,313,0,1,0,1
335,375,5,5,0,320,0,1,0,1
340,380,5,5,0,327,0,1,0,1
345,385,5,5,0,334,0,1,0,1
350,390,5,5,0,341,0,1,0,1
355,395,5,5,0,334,0,-1,0,1
360,400,5,5,0,341,0,1,0,1
365,405,5,5,0,348,0,1,0,1
370,410,5,5,0,355,0,1,0,1
375,415,5,5,0,362,0,1,0,1
380,420,5,5,0,369,0,1,0,1
385,425,5,5,0,376,0,1,0,1
390,430,5,5,0,369,0,-1,0,1
395,435,5,5,0,376,0,1,0,1
400,440,5,5,0,383,0,1,0,1
405,445,5,5,0,383,0,0,0,1
410,450,5,5,0,390,0,1,0,1
415,455,5,5,0,397,0,1,0,1
420,460,5,5,0,404,0,1,0,1
425,465,5,5,0,411,0,1,0,1
430,470,5,5,0,418,0,1,0,1
435,475,5,5,0,425,0,1,0,1
440,480,5,5,0,425,0,0,0,1
445,485,5,5,0,432,0,1,0,1
450,490,5,5,0,439,0,1,0,1
455,495,5,5,0,446,0,1,0,1
460,500,5,5,0,439,0,-1,0,1
465,505,5,5,0,446,0,1,0,1
470,510,5,5,0,453,0,1,0,1
475,515,5,5,0,453,0,0,0,1
480,520,5,5,0,460,0,1,0,1
485,525,5,5,0,467,0,1,0,1
490,530,5,5,0,474,0,1,0,1
495,535,5,5,0,481,0,1,0,1
500,540,5,5,0,488,0,1,0,1
505,545,5,5,0,495,0,1,0,1
510,550,5,5,0,495,0,0,0,1
515,555,5,5,0,502,0,1,0,1
520,560,5,5,0,509,0,1,0,1
525,565,5,5,0,516,0,1,0,1
530,570,5,5,0,509,0,-1,0,1
535,575,5,5,0,516,0,1,0,1
540,580,5,5,0,516,0,0,0,1
545,585,5,5,0,523,0,1,0,1
550,590,5,-5,0,530,0,1,0,1
555,585,5,-5,0,537,0,1,0,1
560,580,5,-5,0,530,0,-1,0,1
565,575,5,-5,0,530,0,0,0,1
570,570,5,-5,0,523,0,-1,0,1
575,565,5,-5,0,516,0,-1,0,1
580,560,5,-5,0,509,0,-1,0,1
585,555,5,-5,0,516,0,1,0,1
590,550,5,-5,0,509,0,-1,0,1
595,545,5,-5,0,502,0,-1,0,1
600,540,5,-5,0,495,0,-1,0,1
605,535,5,-5,0,488,0,-1,0,1
610,530,5,-5,0,481,0,-1,0,1
615,525,5,-5,0,474,0,-1,0,1
620,520,5,-5,0,481,0,1,0,1
625,515,5,-5,0,474,0,-1,0,1
630,510,5,-5,0,467,0,-1,0,1
635,505,5,-5,0,467,0,0,0,1
640,500,5,-5,0,460,0,-1,0,1
645,495,5,-5,0,453,0,-1,0,1
650,490,5,-5,0,446,0,-1,0,1
655,485,5,-5,0,439,0,-1,0,1
660,480,5,-5,0,432,0,-1,0,1
665,475,5,-5,0,425,0,-1,0,1
670,470,5,-5,0,425,0,0,0,1
675,465,5,-5,0,418,0,-1,0,1
680,460,5,-5,0,411,0,-1,0,1
685,455,5,-5,0,404,0,-1,0,1
690,450,5,-5,0,411,0,1,0,1
695,445,5,-5,0,404,0,-1,0,1
700,440,5,-5,0,397,0,-1,0,1
705,435,5,-5,0,390,0,-1,0,1
710,430,5,-5,0,383,0,-1,0,1
715,425,5,-5,0,383,0,0,0,1
720,420,5,-5,0,376,0,-1,0,1
725,415,5,-5,0,369,0,-1,0,1
730,410,5,-5,0,362,0,-1,0,1
735,405,5,-5,0,355,0,-1,0,1
740,400,5,-5,0,355,0,0,0,1
745,395,5,-5,0,348,0,-1,0,1
750,390,5,-5,0,341,0,-1,0,1
755,385,5,-5,0,334,0,-1,0,1
760,380,5,-5,0,341,0,1,0,1
765,375,5,-5,0,334,0,-1,0,1
770,370,5,-5,0,327,0,-1,0,1
775,365,5,-5,0,320,0,-1,0,1
780,360,-5,-5,0,313,0,-1,0,1
775,355,-5,-5,0,313,0,0,0,1
770,350,-5,-5,0,313,0,0,0,1
765,345,-5,-5,0,313,0,0,0,1
760,340,-5,-5,0,313,0,0,0,1
755,335,-5,-5,0,313,0,0,0,1
750,330,-5,-5,0,313,0,0,0,1
745,325,-5,-5,0,313,0,0,0,1
740,320,-5,-5,0,313,0,0,0,1
735,315,-5,-5,0,313,0,0,0,1
730,310,-5,-5,0,313,0,0,0,1
725,305,-5,-5,0,313,0,0,0,1
720,300,-5,-5,0,313,0,0,0,1
715,295,-5,-5,0,313,0,0,0,1
710,290,-5,-5,0,313,0,0,0,1
705,285,-5,-5,0,313,0,0,0,1
700,280,-5,-5,0,313,0,0,0,1
695,275,-5,-5,0,313,0,0,0,1
690,270,-5,-5,0,313,0,0,0,1
685,265,-5,-5,0,313,0,0,0,1
680,260,-5,-5,0,313,0,0,0,1
675,255,-5,-5,0,313,0,0,0,1
670,250,-5,-5,0,313,0,0,0,1
665,245,-5,-5,0,313,0,0,0,1
660,240,-5,-5,0,313,0,0,0,1
655,235,-5,-5,0,313,0,0,0,1
650,230,-5,-5,0,313,0,0,0,1
645,225,-5,-5,0,313,0,0,0,1
640,220,-5,-5,0,313,0,0,0,1
635,215,-5,-5,0,313,0,0,0,1
630,210,-5,-5,0,313,0,0,0,1
625,205,-5,-5,0,313,0,0,0,1
620,200,-5,-5,0,313,0,0,0,1
615,195,-5,-5,0,313,0,0,0,1
610,190,-5,-5,0,313,0,0,0,1
605,185,-5,-5,0,313,0,0,0,1
600,180,-5,-5,0,313,0,0,0,1
595,175,-5,-5,0,313,0,0,0,1
590,170,-5,-5,0,313,0,0,0,1
585,165,-5,-5,0,313,0,0,0,1
580,160,-5,-5,0,313,0,0,0,1
575,155,-5,-5,0,313,0,0,0,1
570,150,-5,-5,0,313,0,0,0,1
565,145,-5,-5,0,313,0,0,0,1
560,140,-5,-5,0,313,0,0,0,1
555,135,-5,-5,0,313,0,0,0,1
550,130,-5,-5,0,313,0,0,0,1
545,125,-5,-5,0,313,0,0,0,1
540,120,-5,-5,0,313,0,0,0,1
535,115,-5,-5,0,313,0,0,0,1
530,110,-5,-5,0,313,0,0,0,1
525,105,-5,-5,0,313,0,0,0,1
520,100,-5,-5,0,313,0,0,0,1
515,95,-5,-5,0,313,0,0,0,1
510,90,-5,-5,0,313,0,0,0,1
505,85,-5,-5,0,313,0,0,0,1
500,80,-5,-5,0,313,0,0,0,1
495,75,-5,-5,0,313,0,0,0,1
490,70,-5,-5,0,313,0,0,0,1
485,65,-5,-5,0,313,0,0,0,1
480,60,-5,-5,0,313,0,0,0,1
475,55,-5,-5,0,313,0,0,0,1
470,50,-5,-5,0,313,0,0,0,1
465,45,-5,-5,0,313,0,0,0,1
460,40,-5,-5,0,313,0,0,0,1
455,35,-5,-5,0,313,0,0,0,1
450,30,-5,-5,0,313,0,0,0,1
445,25,-5,-5,0,313,0,0,0,1
440,20,-5,-5,0,313,0,0,0,1
435,15,-5,-5,0,313,0,0,0,1
430,10,-5,5,0,313,0,0,0,1
425,15,-5,5,0,313,0,0,0,1
420,20,-5,5,0,313,0,0,0,1
415,25,-5,5,0,313,0,0,0,1
410,30,-5,5,0,313,0,0,0,1
405,35,-5,5,0,313,0,0,0,1
400,40,-5,5,0,313,0,0,0,1
395,45,-5,5,0,313,0,0,0,1
390,50,-5,5,0,313,0,0,0,1
385,55,-5,5,0,313,0,0,0,1
380,60,-5,5,0,313,0,0,0,1
375,65,-5,5,0,313,0,0,0,1
370,70,-5,5,0,313,0,0,0,1
365,75,-5,5,0,313,0,0,0,1
360,80,-5,5,0,313,0,0,0,1
355,85,-5,5,0,313,0,0,0,1
350,90,-5,5,0,313,0,0,0,1
345,95,-5,5,0,313,0,0,0,1
340,100,-5,5,0,313,0,0,0,1
335,105,-5,5,0,313,0,0,0,1
330,110,-5,5,0,313,0,0,0,1
325,115,-5,5,0,313,0,0,0,1
320,120,-5,5,0,313,0,0,0,1
315,125,-5,5,0,313,0,0,0,1
310,130,-5,5,0,313,0,0,0,1
305,135,-5,5,0,313,0,0,0,1
300,140,-5,5,0,313,0,0,0,1
295,145,-5,5,0,313,0,0,0,1
290,150,-5,5,0,313,0,0,0,1
285,155,-5,5,0,313,0,0,0,1
280,160,-5,5,0,313,0,0,0,1
275,165,-5,5,0,313,0,0,0,1
270,170,-5,5,0,313,0,0,0,1
265,175,-5,5,0,313,0,0,0,1
260,180,-5,5,0,313,0,0,0,1
255,185,-5,5,0,313,0,0,0,1
250,190,-5,5,0,313,0,0,0,1
245,195,-5,5,0,313,0,0,0,1
240,200,-5,5,0,313,0,0,0,1
235,205,-5,5,0,313,0,0,0,1
230,210,-5,5,0,313,0,0,0,1
225,215,-5,5,0,313,0,0,0,1
220,220,-5,5,0,313,0,0,0,1
215,225,-5,5,0,313,0,0,0,1
210,230,-5,5,0,313,0,0,0,1
205,235,-5,5,0,313,0,0,0,1
200,240,-5,5,0,313,0,0,0,1
195,245,-5,5,0,313,0,0,0,1
190,250,-5,5,0,313,0,0,0,1
185,255,-5,5,0,313,0,0,0,1
180,260,-5,5,0,313,0,0,0,1
175,265,-5,5,0,313,0,0,0,1
170,270,-5,5,0,313,0,0,0,1
165,275,-5,5,0,313,0,0,0,1
160,280,-5,5,0,313,0,0,0,1
155,285,-5,5,0,313,0,0,0,1
150,290,-5,5,0,313,0,0,0,1
145,295,-5,5,0,313,0,0,0,1
140,300,-5,5,0,313,0,0,0,1
135,305,-5,5,0,313,0,0,0,1
130,310,-5,5,0,313,0,0,0,1
125,315,-5,5,0,313,0,0,0,1
120,320,-5,5,0,313,0,0,0,1
115,325,-5,5,0,313,0,0,0,1
110,330,-5,5,0,313,0,0,0,1
105,335,-5,5,0,313,0,0,0,1
100,340,-5,5,0,313,0,0,0,1
95,345,-5,5,0,313,0,0,0,1
90,350,-5,5,0,313,0,0,0,1
85,355,-5,5,0,313,0,0,0,1
80,360,-5,5,0,313,0,0,0,1
75,365,-5,5,0,313,0,0,0,1
70,370,-5,5,0,313,0,0,0,1
65,375,-5,5,0,313,0,0,0,1
60,380,-5,5,0,313,0,0,0,1
55,385,-5,5,0,313,0,0,0,1
50,390,-5,5,0,313,0,0,0,1
45,395,-5,5,0,313,0,0,0,1
40,400,-5,5,0,313,0,0,0,1
35,405,-5,5,0,313,0,0,0,1
30,410,-5,5,0,313,0,0,0,1
25,415,-5,5,0,313,0,0,0,1
20,420,-5,5,0,313,0,0,0,1
15,425,-5,5,0,313,0,0,0,1
10,430,-5,5,0,313,0,0,0,1
5,435,-5,5,0,313,0,0,0,1
0,440,-5,5,0,313,0,0,0,1
400,300,5,5,0,313,0,0,0,2
405,305,5,5,0,306,0,-1,0,2
410,310,5,5,0,299,0,-1,0,2
415,315,5,5,0,292,0,-1,0,2
420,320,5,5,0,285,0,-1,0,2
425,325,5,5,0,278,0,-1,0,2
430,330,5,5,0,271,0,-1,0,2
435,335,5,5,0,278,0,1,0,2
440,340,5,5,0,278,0,0,0,2
445,345,5,5,0,285,0,1,0,2
450,350,5,5,0,292,0,1,0,2
455,355,5,5,0,292,0,0,0,2
460,360,5,5,0,299,0,1,0,2
465,365,5,5,0,299,0,0,0,2
470,370,5,5,0,306,0,1,0,2
475,375,5,5,0,313,0,1,0,2
480,380,5,5,0,320,0,1,0,2
485,385,5,5,0,327,0,1,0,2
490,390,5,5,0,334,0,1,0,2
495,395,5,5,0,334,0,0,0,2
500,400,5,5,0,341,0,1,0,2
505,405,5,5,0,348,0,1,0,2
510,410,5,5,0,348,0,0,0,2
515,415,5,5,0,355,0,1,0,2
520,420,5,5,0,362,0,1,0,2
525,425,5,5,0,369,0,1,0,2
530,430,5,5,0,376,0,1,0,2
535,435,5,5,0,383,0,1,0,2
540,440,5,5,0,390,0,1,0,2
545,445,5,5,0,390,0,0,0,2
550,450,5,5,0,397,0,1,0,2
555,455,5,5,0,404,0,1,0,2
560,460,5,5,0,404,0,0,0,2
565,465,5,5,0,411,0,1,0,2
570,470,5,5,0,418,0,1,0,2
575,475,5,5,0,425,0,1,0,2
580,480,5,5,0,425,0,0,0,2
585,485,5,5,0,432,0,1,0,2
590,490,5,5,0,439,0,1,0,2
595,495,5,5,0,446,0,1,0,2
600,500,5,5,0,439,0,-1,0,2
605,505,5,5,0,446,0,1,0,2
610,510,5,5,0,453,0,1,0,2
615,515,5,5,0,460,0,1,0,2
620,520,5,5,0,467,0,1,0,2
625,525,5,5,0,474,0,1,0,2
630,530,5,5,0,481,0,1,0,2
635,535,5,5,0,474,0,-1,0,2
640,540,5,5,0,474,0,0,0,2
645,545,5,5,0,481,0,1,0,2
650,550,5,5,0,488,0,1,0,2
655,555,5,5,0,495,0,1,0,2
660,560,5,5,0,502,0,1,0,2
665,565,5,5,0,509,0,1,0,2
670,570,5,5,0,516,0,1,0,2
675,575,5,5,0,516,0,0,0,2
680,580,5,5,0,523,0,1,0,2
685,585,5,5,0,523,0,0,0,2
690,590,5,-5,0,530,0,1,0,2
695,585,5,-5,0,537,0,1,0,2
700,580,5,-5,0,530,0,-1,0,2
705,575,5,-5,0,530,0,0,0,2
710,570,5,-5,0,523,0,-1,0,2
715,565,5,-5,0,516,0,-1,0,2
720,560,5,-5,0,509,0,-1,0,2
725,555,5,-5,0,516,0,1,0,2
730,550,5,-5,0,516,0,0,0,2
735,545,5,-5,0,516,0,0,0,2
740,540,5,-5,0,509,0,-1,0,2
745,535,5,-5,0,502,0,-1,0,2
750,530,5,-5,0,495,0,-1,0,2
755,525,5,-5,0,488,0,-1,0,2
760,520,5,-5,0,481,0,-1,0,2
765,515,5,-5,0,474,0,-1,0,2
770,510,5,-5,0,467,0,-1,0,2
775,505,5,-5,0,460,0,-1,0,2
780,500,-5,-5,0,453,0,-1,0,2
775,495,-5,-5,0,453,0,0,0,2
770,490,-5,-5,0,453,0,0,0,2
765,485,-5,-5,0,453,0,0,0,2
760,480,-5,-5,0,453,0,0,0,2
755,475,-5,-5,0,453,0,0,0,2
750,470,-5,-5,0,453,0,0,0,2
745,465,-5,-5,0,453,0,0,0,2
740,460,-5,-5,0,453,0,0,0,2
735,455,-5,-5,0,453,0,0,0,2
730,450,-5,-5,0,453,0,0,0,2
725,445,-5,-5,0,453,0,0,0,2
720,440,-5,-5,0,453,0,0,0,2
715,435,-5,-5,0,453,0,0,0,2
710,430,-5,-5,0,453,0,0,0,2
705,425,-5,-5,0,453,0,0,0,2
700,420,-5,-5,0,453,0,0,0,2
695,415,-5,-5,0,453,0,0,0,2
690,410,-5,-5,0,453,0,0,0,2
685,405,-5,-5,0,453,0,0,0,2
680,400,-5,-5,0,453,0,0,0,2
675,395,-5,-5,0,453,0,0,0,2
670,390,-5,-5,0,453,0,0,0,2
665,385,-5,-5,0,453,0,0,0,2
660,380,-5,-5,0,453,0,0,0,2
655,375,-5,-5,0,453,0,0,0,2
650,370,-5,-5,0,453,0,0,0,2
645,365,-5,-5,0,453,0,0,0,2
640,360,-5,-5,0,453,0,0,0,2
635,355,-5,-5,0,453,0,0,0,2
630,350,-5,-5,0,453,0,0,0,2
625,345,-5,-5,0,453,0,0,0,2
620,340,-5,-5,0,453,0,0,0,2
615,335,-5,-5,0,453,0,0,0,2
610,330,-5,-5,0,453,0,0,0,2
605,325,-5,-5,0,453,0,0,0,2
600,320,-5,-5,0,453,0,0,0,2
595,315,-5,-5,0,453,0,0,0,2
590,310,-5,-5,0,453,0,0,0,2
585,305,-5,-5,0,453,0,0,0,2
580,300,-5,-5,0,453,0,0,0,2
575,295,-5,-5,0,453,0,0,0,2
570,290,-5,-5,0,453,0,0,0,2
565,285,-5,-5,0,453,0,0,0,2
560,280,-5,-5,0,453,0,0,0,2
555,275,-5,-5,0,453,0,0,0,2
550,270,-5,-5,0,453,0,0,0,2
545,265,-5,-5,0,453,0,0,0,2
540,260,-5,-5,0,453,0,0,0,2
535,255,-5,-5,0,453,0,0,0,2
530,250,-5,-5,0,453,0,0,0,2
525,245,-5,-5,0,453,0,0,0,2
520,240,-5,-5,0,453,0,0,0,2
515,235,-5,-5,0,453,0,0,0,2
510,230,-5,-5,0,453,0,0,0,2
505,225,-5,-5,0,453,0,0,0,2
500,220,-5,-5,0,453,0,0,0,2
495,215,-5,-5,0,453,0,0,0,2
490,210,-5,-5,0,453,0,0,0,2
485,205,-5,-5,0,453,0,0,0,2
480,200,-5,-5,0,453,0,0,0,2
475,195,-5,-5,0,453,0,0,0,2
470,190,-5,-5,0,453,0,0,0,2
465,185,-5,-5,0,453,0,0,0,2
460,180,-5,-5,0,453,0,0,0,2
455,175,-5,-5,0,453,0,0,0,2
450,170,-5,-5,0,453,0,0,0,2
445,165,-5,-5,0,453,0,0,0,2
440,160,-5,-5,0,453,0,0,0,2
435,155,-5,-5,0,453,0,0,0,2
430,150,-5,-5,0,453,0,0,0,2
425,145,-5,-5,0,453,0,0,0,2
420,140,-5,-5,0,453,0,0,0,2
415,135,-5,-5,0,453,0,0,0,2
410,130,-5,-5,0,453,0,0,0,2
405,125,-5,-5,0,453,0,0,0,2
400,120,-5,-5,0,453,0,0,0,2
395,115,-5,-5,0,453,0,0,0,2
390,110,-5,-5,0,453,0,0,0,2
385,105,-5,-5,0,453,0,0,0,2
380,100,-5,-5,0,453,0,0,0,2
375,95,-5,-5,0,453,0,0,0,2
370,90,-5,-5,0,453,0,0,0,2
365,85,-5,-5,0,453,0,0,0,2
360,80,-5,-5,0,453,0,0,0,2
355,75,-5,-5,0,453,0,0,0,2
350,70,-5,-5,0,453,0,0,0,2
345,65,-5,-5,0,453,0,0,0,2
340,60,-5,-5,0,453,0,0,0,2
335,55,-5,-5,0,453,0,0,0,2
330,50,-5,-5,0,453,0,0,0,2
325,45,-5,-5,0,453,0,0,0,2
320,40,-5,-5,0,453,0,0,0,2
315,35,-5,-5,0,453,0,0,0,2
310,30,-5,-5,0,453,0,0,0,2
305,25,-5,-5,0,453,0,0,0,2
300,20,-5,-5,0,453,0,0,0,2
295,15,-5,-5,0,453,0,0,0,2
290,10,-5,5,0,453,0,0,0,2
285,15,-5,5,0,453,0,0,0,2
280,20,-5,5,0,453,0,0,0,2
275,25,-5,5,0,453,0,0,0,2
270,30,-5,5,0,453,0,0,0,2
265,35,-5,5,0,453,0,0,0,2
260,40,-5,5,0,453,0,0,0,2
255,45,-5,5,0,453,0,0,0,2
250,50,-5,5,0,453,0,0,0,2
245,55,-5,5,0,453,0,0,0,2
240,60,-5,5,0,453,0,0,0,2
235,65,-5,5,0,453,0,0,0,2
230,70,-5,5,0,453,0,0,0,2
225,75,-5,5,0,453,0,0,0,2
220,80,-5,5,0,453,0,0,0,2
215,85,-5,5,0,453,0,0,0,2
210,90,-5,5,0,453,0,0,0,2
205,95,-5,5,0,453,0,0,0,2
200,100,-5,5,0,453,0,0,0,2
195,105,-5,5,0,453,0,0,0,2
190,110,-5,5,0,453,0,0,0,2
185,115,-5,5,0,453,0,0,0,2
180,120,-5,5,0,453,0,0,0,2
175,125,-5,5,0,453,0,0,0,2
170,130,-5,5,0,453,0,0,0,2
165,135,-5,5,0,453,0,0,0,2
160,140,-5,5,0,453,0,0,0,2
155,145,-5,5,0,453,0,0,0,2
150,150,-5,5,0,453,0,0,0,2
145,155,-5,5,0,453,0,0,0,2
140,160,-5,5,0,453,0,0,0,2
135,165,-5,5,0,453,0,0,0,2
130,170,-5,5,0,453,0,0,0,2
125,175,-5,5,0,453,0,0,0,2
120,180,-5,5,0,453,0,0,0,2
115,185,-5,5,0,453,0,0,0,2
110,190,-5,5,0,453,0,0,0,2
105,195,-5,5,0,453,0,0,0,2
100,200,-5,5,0,453,0,0,0,2
95,205,-5,5,0,453,0,0,0,2
90,210,-5,5,0,453,0,0,0,2
85,215,-5,5,0,453,0,0,0,2
80,220,-5,5,0,453,0,0,0,2
75,225,-5,5,0,453,0,0,0,2
70,230,-5,5,0,453,0,0,0,2
65,235,-5,5,0,453,0,0,0,2
60,240,-5,5,0,453,0,0,0,2
55,245,-5,5,0,453,0,0,0,2
50,250,-5,5,0,453,0,0,0,2
45,255,-5,5,0,453,0,0,0,2
40,260,-5,5,0,453,0,0,0,2
ball_x,ball_y,ball_dx,ball_dy,paddle1_y,paddle2_y,paddle1_action,paddle2_action,score1,score2
405,295,5,-5,250,250,0,0,0,0
410,290,5,-5,250,243,0,-1,0,0
415,285,5,-5,250,236,0,-1,0,0
420,280,5,-5,250,229,0,-1,0,0
425,275,5,-5,250,236,0,1,0,0
430,270,5,-5,250,229,0,-1,0,0
435,265,5,-5,250,222,0,-1,0,0
440,260,5,-5,250,215,0,-1,0,0
445,255,5,-5,250,208,0,-1,0,0
450,250,5,-5,250,201,0,-1,0,0
455,245,5,-5,250,194,0,-1,0,0
460,240,5,-5,250,201,0,1,0,0
465,235,5,-5,250,194,0,-1,0,0
470,230,5,-5,250,187,0,-1,0,0
475,225,5,-5,250,180,0,-1,0,0
480,220,5,-5,250,180,0,0,0,0
485,215,5,-5,250,173,0,-1,0,0
490,210,5,-5,250,166,0,-1,0,0
495,205,5,-5,250,166,0,0,0,0
500,200,5,-5,250,159,0,-1,0,0
505,195,5,-5,250,152,0,-1,0,0
510,190,5,-5,250,152,0,0,0,0
515,185,5,-5,250,145,0,-1,0,0
520,180,5,-5,250,138,0,-1,0,0
525,175,5,-5,250,131,0,-1,0,0
530,170,5,-5,250,124,0,-1,0,0
535,165,5,-5,250,117,0,-1,0,0
540,160,5,-5,250,110,0,-1,0,0
545,155,5,-5,250,110,0,0,0,0
550,150,5,-5,250,103,0,-1,0,0
555,145,5,-5,250,96,0,-1,0,0
560,140,5,-5,250,89,0,-1,0,0
565,135,5,-5,250,96,0,1,0,0
570,130,5,-5,250,89,0,-1,0,0
575,125,5,-5,250,82,0,-1,0,0
580,120,5,-5,250,75,0,-1,0,0
585,115,5,-5,250,68,0,-1,0,0
590,110,5,-5,250,61,0,-1,0,0
595,105,5,-5,250,54,0,-1,0,0
600,100,5,-5,250,61,0,1,0,0
605,95,5,-5,250,54,0,-1,0,0
610,90,5,-5,250,47,0,-1,0,0
615,85,5,-5,250,40,0,-1,0,0
620,80,5,-5,250,33,0,-1,0,0
625,75,5,-5,250,26,0,-1,0,0
630,70,5,-5,250,19,0,-1,0,0
635,65,5,-5,250,26,0,1,0,0
640,60,5,-5,250,19,0,-1,0,0
645,55,5,-5,250,12,0,-1,0,0
650,50,5,-5,250,5,0,-1,0,0
655,45,5,-5,250,-2,0,-1,0,0
660,40,5,-5,250,-9,0,-1,0,0
665,35,5,-5,250,-16,0,-1,0,0
670,30,5,-5,250,-9,0,1,0,0
675,25,5,-5,250,-16,0,-1,0,0
680,20,5,-5,250,-16,0,0,0,0
685,15,5,-5,250,-23,0,-1,0,0
690,10,5,5,250,-30,0,-1,0,0
695,15,5,5,250,-37,0,-1,0,0
700,20,5,5,250,-37,0,0,0,0
705,25,5,5,250,-30,0,1,0,0
710,30,5,5,250,-23,0,1,0,0
715,35,5,5,250,-16,0,1,0,0
720,40,5,5,250,-9,0,1,0,0
725,45,5,5,250,-16,0,-1,0,0
730,50,5,5,250,-9,0,1,0,0
735,55,5,5,250,-2,0,1,0,0
740,60,5,5,250,5,0,1,0,0
745,65,5,5,250,12,0,1,0,0
750,70,5,5,250,19,0,1,0,0
755,75,5,5,250,26,0,1,0,0
760,80,5,5,250,19,0,-1,0,0
765,85,5,5,250,26,0,1,0,0
770,90,5,5,250,33,0,1,0,0
775,95,5,5,250,40,0,1,0,0
780,100,-5,5,250,47,0,1,0,0
775,105,-5,5,250,47,0,0,0,0
770,110,-5,5,250,47,0,0,0,0
765,115,-5,5,250,47,0,0,0,0
760,120,-5,5,250,47,0,0,0,0
755,125,-5,5,250,47,0,0,0,0
750,130,-5,5,250,47,0,0,0,0
745,135,-5,5,250,47,0,0,0,0
740,140,-5,5,250,47,0,0,0,0
735,145,-5,5,250,47,0,0,0,0
730,150,-5,5,250,47,0,0,0,0
725,155,-5,5,250,47,0,0,0,0
720,160,-5,5,250,47,0,0,0,0
715,165,-5,5,250,47,0,0,0,0
710,170,-5,5,250,47,0,0,0,0
705,175,-5,5,250,47,0,0,0,0
700,180,-5,5,250,47,0,0,0,0
695,185,-5,5,250,47,0,0,0,0
690,190,-5,5,250,47,0,0,0,0
685,195,-5,5,250,47,0,0,0,0
680,200,-5,5,250,47,0,0,0,0
675,205,-5,5,250,47,0,0,0,0
670,210,-5,5,250,47,0,0,0,0
665,215,-5,5,250,47,0,0,0,0
660,220,-5,5,250,47,0,0,0,0
655,225,-5,5,250,47,0,0,0,0
650,230,-5,5,250,47,0,0,0,0
645,235,-5,5,250,47,0,0,0,0
640,240,-5,5,250,47,0,0,0,0
635,245,-5,5,250,47,0,0,0,0
630,250,-5,5,250,47,0,0,0,0
625,255,-5,5,250,47,0,0,0,0
620,260,-5,5,250,47,0,0,0,0
615,265,-5,5,250,47,0,0,0,0
610,270,-5,5,250,47,0,0,0,0
605,275,-5,5,250,47,0,0,0,0
600,280,-5,5,250,47,0,0,0,0
595,285,-5,5,250,47,0,0,0,0
590,290,-5,5,250,47,0,0,0,0
585,295,-5,5,250,47,0,0,0,0
580,300,-5,5,250,47,0,0,0,0
575,305,-5,5,250,47,0,0,0,0
570,310,-5,5,250,47,0,0,0,0
565,315,-5,5,250,47,0,0,0,0
560,320,-5,5,250,47,0,0,0,0
555,325,-5,5,250,47,0,0,0,0
550,330,-5,5,250,47,0,0,0,0
545,335,-5,5,250,47,0,0,0,0
540,340,-5,5,250,47,0,0,0,0
535,345,-5,5,250,47,0,0,0,0
530,350,-5,5,250,47,0,0,0,0
525,355,-5,5,250,47,0,0,0,0
520,360,-5,5,250,47,0,0,0,0
515,365,-5,5,250,47,0,0,0,0
510,370,-5,5,250,47,0,0,0,0
505,375,-5,5,250,47,0,0,0,0
500,380,-5,5,250,47,0,0,0,0
495,385,-5,5,250,47,0,0,0,0
490,390,-5,5,250,47,0,0,0,0
485,395,-5,5,250,47,0,0,0,0
480,400,-5,5,250,47,0,0,0,0
475,405,-5,5,250,47,0,0,0,0
470,410,-5,5,250,47,0,0,0,0
465,415,-5,5,250,47,0,0,0,0
460,420,-5,5,250,47,0,0,0,0
455,425,-5,5,250,47,0,0,0,0
450,430,-5,5,250,47,0,0,0,0
445,435,-5,5,250,47,0,0,0,0
440,440,-5,5,250,47,0,0,0,0
435,445,-5,5,250,47,0,0,0,0
430,450,-5,5,250,47,0,0,0,0
425,455,-5,5,250,47,0,0,0,0
420,460,-5,5,250,47,0,0,0,0
415,465,-5,5,250,47,0,0,0,0
410,470,-5,5,250,47,0,0,0,0
405,475,-5,5,250,47,0,0,0,0
400,480,-5,5,250,47,0,0,0,0
395,485,-5,5,250,47,0,0,0,0
390,490,-5,5,250,47,0,0,0,0
385,495,-5,5,250,47,0,0,0,0
380,500,-5,5,250,47,0,0,0,0
375,505,-5,5,250,47,0,0,0,0
370,510,-5,5,250,47,0,0,0,0
365,515,-5,5,250,47,0,0,0,0
360,520,-5,5,250,47,0,0,0,0
355,525,-5,5,250,47,0,0,0,0
350,530,-5,5,250,47,0,0,0,0
345,535,-5,5,250,47,0,0,0,0
340,540,-5,5,250,47,0,0,0,0
335,545,-5,5,250,47,0,0,0,0
330,550,-5,5,250,47,0,0,0,0
325,555,-5,5,250,47,0,0,0,0
320,560,-5,5,250,47,0,0,0,0
315,565,-5,5,250,47,0,0,0,0
310,570,-5,5,250,47,0,0,0,0
305,575,-5,5,250,47,0,0,0,0
300,580,-5,5,250,47,0,0,0,0
295,585,-5,5,250,47,0,0,0,0
290,590,-5,-5,250,47,0,0,0,0
285,585,-5,-5,250,47,0,0,0,0
280,580,-5,-5,250,47,0,0,0,0
275,575,-5,-5,250,47,0,0,0,0
270,570,-5,-5,250,47,0,0,0,0
265,565,-5,-5,250,47,0,0,0,0
260,560,-5,-5,250,47,0,0,0,0
255,555,-5,-5,250,47,0,0,0,0
250,550,-5,-5,250,47,0,0,0,0
245,545,-5,-5,250,47,0,0,0,0
240,540,-5,-5,250,47,0,0,0,0
235,535,-5,-5,250,47,0,0,0,0
230,530,-5,-5,250,47,0,0,0,0
225,525,-5,-5,250,47,0,0,0,0
220,520,-5,-5,250,47,0,0,0,0
215,515,-5,-5,250,47,0,0,0,0
210,510,-5,-5,250,47,0,0,0,0
205,505,-5,-5,250,47,0,0,0,0
200,500,-5,-5,250,47,0,0,0,0
195,495,-5,-5,250,47,0,0,0,0
190,490,-5,-5,250,47,0,0,0,0
185,485,-5,-5,250,47,0,0,0,0
180,480,-5,-5,250,47,0,0,0,0
175,475,-5,-5,250,47,0,0,0,0
170,470,-5,-5,250,47,0,0,0,0
165,465,-5,-5,250,47,0,0,0,0
160,460,-5,-5,250,47,0,0,0,0
155,455,-5,-5,250,47,0,0,0,0
150,450,-5,-5,250,47,0,0,0,0
145,445,-5,-5,250,47,0,0,0,0
140,440,-5,-5,250,47,0,0,0,0
135,435,-5,-5,250,47,0,0,0,0
130,430,-5,-5,250,47,0,0,0,0
125,425,-5,-5,250,47,0,0,0,0
120,420,-5,-5,250,47,0,0,0,0
115,415,-5,-5,250,47,0,0,0,0
110,410,-5,-5,250,47,0,0,0,0
105,405,-5,-5,250,47,0,0,0,0
100,400,-5,-5,250,47,0,0,0,0
95,395,-5,-5,250,47,0,0,0,0
90,390,-5,-5,250,47,0,0,0,0
85,385,-5,-5,250,47,0,0,0,0
80,380,-5,-5,250,47,0,0,0,0
75,375,-5,-5,250,47,0,0,0,0
70,370,-5,-5,250,47,0,0,0,0
65,365,-5,-5,250,47,0,0,0,0
60,360,-5,-5,250,47,0,0,0,0
55,355,-5,-5,250,47,0,0,0,0
50,350,-5,-5,250,47,0,0,0,0
45,345,-5,-5,250,47,0,0,0,0
40,340,-5,-5,250,47,0,0,0,0
35,335,-5,-5,250,47,0,0,0,0
30,330,-5,-5,250,47,0,0,0,0
25,325,-5,-5,250,47,0,0,0,0
20,320,5,-5,250,47,0,0,0,0
25,315,5,-5,250,54,0,1,0,0
30,310,5,-5,250,61,0,1,0,0
35,305,5,-5,250,68,0,1,0,0
40,300,5,-5,250,75,0,1,0,0
45,295,5,-5,250,82,0,1,0,0
50,290,5,-5,250,89,0,1,0,0
55,285,5,-5,250,96,0,1,0,0
60,280,5,-5,250,103,0,1,0,0
65,275,5,-5,250,110,0,1,0,0
70,270,5,-5,250,117,0,1,0,0
75,265,5,-5,250,124,0,1,0,0
80,260,5,-5,250,131,0,1,0,0
85,255,5,-5,250,138,0,1,0,0
90,250,5,-5,250,145,0,1,0,0
95,245,5,-5,250,152,0,1,0,0
100,240,5,-5,250,159,0,1,0,0
105,235,5,-5,240,166,-1,1,0,0
110,230,5,-5,230,173,-1,1,0,0
115,225,5,-5,220,180,-1,1,0,0
120,220,5,-5,210,173,-1,-1,0,0
125,215,5,-5,200,166,-1,-1,0,0
130,210,5,-5,190,159,-1,-1,0,0
135,205,5,-5,180,166,-1,1,0,0
140,200,5,-5,170,159,-1,-1,0,0
145,195,5,-5,160,152,-1,-1,0,0
150,190,5,-5,150,145,-1,-1,0,0
155,185,5,-5,140,138,-1,-1,0,0
160,180,5,-5,130,131,-1,-1,0,0
165,175,5,-5,120,124,-1,-1,0,0
170,170,5,-5,110,131,-1,1,0,0
175,165,5,-5,100,124,-1,-1,0,0
180,160,5,-5,90,117,-1,-1,0,0
185,155,5,-5,80,110,-1,-1,0,0
190,150,5,-5,70,103,-1,-1,0,0
195,145,5,-5,60,96,-1,-1,0,0
200,140,5,-5,50,89,-1,-1,0,0
205,135,5,-5,40,96,-1,1,0,0
210,130,5,-5,30,89,-1,-1,0,0
215,125,5,-5,20,82,-1,-1,0,0
220,120,5,-5,10,75,-1,-1,0,0
225,115,5,-5,0,68,-1,-1,0,0
230,110,5,-5,0,61,0,-1,0,0
235,105,5,-5,0,54,0,-1,0,0
240,100,5,-5,0,61,0,1,0,0
245,95,5,-5,0,54,0,-1,0,0
250,90,5,-5,0,47,0,-1,0,0
255,85,5,-5,0,40,0,-1,0,0
260,80,5,-5,0,33,0,-1,0,0
265,75,5,-5,0,26,0,-1,0,0
270,70,5,-5,0,19,0,-1,0,0
275,65,5,-5,0,26,0,1,0,0
280,60,5,-5,0,19,0,-1,0,0
285,55,5,-5,0,12,0,-1,0,0
290,50,5,-5,0,5,0,-1,0,0
295,45,5,-5,0,-2,0,-1,0,0
300,40,5,-5,0,-9,0,-1,0,0
305,35,5,-5,0,-16,0,-1,0,0
310,30,5,-5,0,-9,0,1,0,0
315,25,5,-5,0,-16,0,-1,0,0
320,20,5,-5,0,-23,0,-1,0,0
325,15,5,-5,0,-30,0,-1,0,0
330,10,5,5,0,-37,0,-1,0,0
335,15,5,5,0,-44,0,-1,0,0
340,20,5,5,0,-37,0,1,0,0
345,25,5,5,0,-30,0,1,0,0
350,30,5,5,0,-23,0,1,0,0
355,35,5,5,0,-16,0,1,0,0
360,40,5,5,0,-9,0,1,0,0
365,45,5,5,0,-16,0,-1,0,0
370,50,5,5,0,-9,0,1,0,0
375,55,5,5,0,-2,0,1,0,0
380,60,5,5,0,5,0,1,0,0
385,65,5,5,0,5,0,0,0,0
390,70,5,5,0,12,0,1,0,0
395,75,5,5,0,19,0,1,0,0
400,80,5,5,0,26,0,1,0,0
405,85,5,5,0,33,0,1,0,0
410,90,5,5,0,40,0,1,0,0
415,95,5,5,0,40,0,0,0,0
420,100,5,5,0,47,0,1,0,0
425,105,5,5,0,54,0,1,0,0
430,110,5,5,0,61,0,1,0,0
435,115,5,5,0,54,0,-1,0,0
440,120,5,5,0,61,0,1,0,0
445,125,5,5,0,61,0,0,0,0
450,130,5,5,0,68,0,1,0,0
455,135,5,5,0,75,0,1,0,0
460,140,5,5,0,82,0,1,0,0
465,145,5,5,0,89,0,1,0,0
470,150,5,5,0,96,0,1,0,0
475,155,5,5,0,96,0,0,0,0
480,160,5,5,0,103,0,1,0,0
485,165,5,5,0,110,0,1,0,0
490,170,5,5,0,117,0,1,0,0
495,175,5,5,0,124,0,1,0,0
500,180,5,5,0,131,0,1,0,0
505,185,5,5,0,124,0,-1,0,0
510,190,5,5,0,131,0,1,0,0
515,195,5,5,0,138,0,1,0,0
520,200,5,5,0,145,0,1,0,0
525,205,5,5,0,145,0,0,0,0
530,210,5,5,0,152,0,1,0,0
535,215,5,5,0,159,0,1,0,0
540,220,5,5,0,166,0,1,0,0
545,225,5,5,0,173,0,1,0,0
550,230,5,5,0,180,0,1,0,0
555,235,5,5,0,180,0,0,0,0
560,240,5,5,0,180,0,0,0,0
565,245,5,5,0,187,0,1,0,0
570,250,5,5,0,194,0,1,0,0
575,255,5,5,0,201,0,1,0,0
580,260,5,5,0,208,0,1,0,0
585,265,5,5,0,215,0,1,0,0
590,270,5,5,0,215,0,0,0,0
595,275,5,5,0,222,0,1,0,0
600,280,5,5,0,229,0,1,0,0
605,285,5,5,0,236,0,1,0,0
610,290,5,5,0,229,0,-1,0,0
615,295,5,5,0,236,0,1,0,0
620,300,5,5,0,243,0,1,0,0
625,305,5,5,0,250,0,1,0,0
630,310,5,5,0,257,0,1,0,0
635,315,5,5,0,264,0,1,0,0
640,320,5,5,0,271,0,1,0,0
645,325,5,5,0,264,0,-1,0,0
650,330,5,5,0,271,0,1,0,0
655,335,5,5,0,278,0,1,0,0
660,340,5,5,0,285,0,1,0,0
665,345,5,5,0,292,0,1,0,0
670,350,5,5,0,299,0,1,0,0
675,355,5,5,0,306,0,1,0,0
680,360,5,5,0,299,0,-1,0,0
685,365,5,5,0,299,0,0,0,0
690,370,5,5,0,306,0,1,0,0
695,375,5,5,0,313,0,1,0,0
700,380,5,5,0,320,0,1,0,0
705,385,5,5,0,327,0,1,0,0
710,390,5,5,0,334,0,1,0,0
715,395,5,5,0,341,0,1,0,0
720,400,5,5,0,348,0,1,0,0
725,405,5,5,0,355,0,1,0,0
730,410,5,5,0,355,0,0,0,0
735,415,5,5,0,362,0,1,0,0
740,420,5,5,0,369,0,1,0,0
745,425,5,5,0,376,0,1,0,0
750,430,5,5,0,369,0,-1,0,0
755,435,5,5,0,376,0,1,0,0
760,440,5,5,0,383,0,1,0,0
765,445,5,5,0,390,0,1,0,0
770,450,5,5,0,397,0,1,0,0
775,455,5,5,0,397,0,0,0,0
780,460,-5,5,0,404,0,1,0,0
775,465,-5,5,0,404,0,0,0,0
770,470,-5,5,0,404,0,0,0,0
765,475,-5,5,0,404,0,0,0,0
760,480,-5,5,0,404,0,0,0,0
755,485,-5,5,0,404,0,0,0,0
750,490,-5,5,0,404,0,0,0,0
745,495,-5,5,0,404,0,0,0,0
740,500,-5,5,0,404,0,0,0,0
735,505,-5,5,0,404,0,0,0,0
730,510,-5,5,0,404,0,0,0,0
725,515,-5,5,0,404,0,0,0,0
720,520,-5,5,0,404,0,0,0,0
715,525,-5,5,0,404,0,0,0,0
710,530,-5,5,0,404,0,0,0,0
705,535,-5,5,0,404,0,0,0,0
700,540,-5,5,0,404,0,0,0,0
695,545,-5,5,0,404,0,0,0,0
690,550,-5,5,0,404,0,0,0,0
685,555,-5,5,0,404,0,0,0,0
680,560,-5,5,0,404,0,0,0,0
675,565,-5,5,0,404,0,0,0,0
670,570,-5,5,0,404,0,0,0,0
665,575,-5,5,0,404,0,0,0,0
660,580,-5,5,0,404,0,0,0,0
655,585,-5,5,0,404,0,0,0,0
650,590,-5,-5,0,404,0,0,0,0
645,585,-5,-5,0,404,0,0,0,0
640,580,-5,-5,0,404,0,0,0,0
635,575,-5,-5,0,404,0,0,0,0
630,570,-5,-5,0,404,0,0,0,0
625,565,-5,-5,0,404,0,0,0,0
620,560,-5,-5,0,404,0,0,0,0
615,555,-5,-5,0,404,0,0,0,0
610,550,-5,-5,0,404,0,0,0,0
605,545,-5,-5,0,404,0,0,0,0
600,540,-5,-5,0,404,0,0,0,0
595,535,-5,-5,0,404,0,0,0,0
590,530,-5,-5,0,404,0,0,0,0
585,525,-5,-5,0,404,0,0,0,0
580,520,-5,-5,0,404,0,0,0,0
575,515,-5,-5,0,404,0,0,0,0
570,510,-5,-5,0,404,0,0,0,0
565,505,-5,-5,0,404,0,0,0,0
560,500,-5,-5,0,404,0,0,0,0
555,495,-5,-5,0,404,0,0,0,0
550,490,-5,-5,0,404,0,0,0,0
545,485,-5,-5,0,404,0,0,0,0
540,480,-5,-5,0,404,0,0,0,0
535,475,-5,-5,0,404,0,0,0,0
530,470,-5,-5,0,404,0,0,0,0
525,465,-5,-5,0,404,0,0,0,0
520,460,-5,-5,0,404,0,0,0,0
515,455,-5,-5,0,404,0,0,0,0
510,450,-5,-5,0,404,0,0,0,0
505,445,-5,-5,0,404,0,0,0,0
500,440,-5,-5,0,404,0,0,0,0
495,435,-5,-5,0,404,0,0,0,0
490,430,-5,-5,0,404,0,0,0,0
485,425,-5,-5,0,404,0,0,0,0
480,420,-5,-5,0,404,0,0,0,0
475,415,-5,-5,0,404,0,0,0,0
470,410,-5,-5,0,404,0,0,0,0
465,405,-5,-5,0,404,0,0,0,0
460,400,-5,-5,0,404,0,0,0,0
455,395,-5,-5,0,404,0,0,0,0
450,390,-5,-5,0,404,0,0,0,0
445,385,-5,-5,0,404,0,0,0,0
440,380,-5,-5,0,404,0,0,0,0
435,375,-5,-5,0,404,0,0,0,0
430,370,-5,-5,0,404,0,0,0,0
425,365,-5,-5,0,404,0,0,0,0
420,360,-5,-5,0,404,0,0,0,0
415,355,-5,-5,0,404,0,0,0,0
410,350,-5,-5,0,404,0,0,0,0
405,345,-5,-5,0,404,0,0,0,0
400,340,-5,-5,0,404,0,0,0,0
395,335,-5,-5,0,404,0,0,0,0
390,330,-5,-5,0,404,0,0,0,0
385,325,-5,-5,0,404,0,0,0,0
380,320,-5,-5,0,404,0,0,0,0
375,315,-5,-5,0,404,0,0,0,0
370,310,-5,-5,0,404,0,0,0,0
365,305,-5,-5,0,404,0,0,0,0
360,300,-5,-5,0,404,0,0,0,0
355,295,-5,-5,0,404,0,0,0,0
350,290,-5,-5,0,404,0,0,0,0
345,285,-5,-5,0,404,0,0,0,0
340,280,-5,-5,0,404,0,0,0,0
335,275,-5,-5,0,404,0,0,0,0
330,270,-5,-5,0,404,0,0,0,0
325,265,-5,-5,0,404,0,0,0,0
320,260,-5,-5,0,404,0,0,0,0
315,255,-5,-5,0,404,0,0,0,0
310,250,-5,-5,0,404,0,0,0,0
305,245,-5,-5,0,404,0,0,0,0
300,240,-5,-5,0,404,0,0,0,0
295,235,-5,-5,0,404,0,0,0,0
290,230,-5,-5,0,404,0,0,0,0
285,225,-5,-5,0,404,0,0,0,0
280,220,-5,-5,0,404,0,0,0,0
275,215,-5,-5,0,404,0,0,0,0
270,210,-5,-5,0,404,0,0,0,0
265,205,-5,-5,0,404,0,0,0,0
260,200,-5,-5,0,404,0,0,0,0
255,195,-5,-5,0,404,0,0,0,0
250,190,-5,-5,0,404,0,0,0,0
245,185,-5,-5,0,404,0,0,0,0
240,180,-5,-5,0,404,0,0,0,0
235,175,-5,-5,0,404,0,0,0,0
230,170,-5,-5,0,404,0,0,0,0
225,165,-5,-5,0,404,0,0,0,0
220,160,-5,-5,0,404,0,0,0,0
215,155,-5,-5,0,404,0,0,0,0
210,150,-5,-5,0,404,0,0,0,0
205,145,-5,-5,0,404,0,0,0,0
200,140,-5,-5,0,404,0,0,0,0
195,135,-5,-5,0,404,0,0,0,0
190,130,-5,-5,0,404,0,0,0,0
185,125,-5,-5,0,404,0,0,0,0
180,120,-5,-5,0,404,0,0,0,0
175,115,-5,-5,0,404,0,0,0,0
170,110,-5,-5,0,404,0,0,0,0
165,105,-5,-5,0,404,0,0,0,0
160,100,-5,-5,0,404,0,0,0,0
155,95,-5,-5,0,404,0,0,0,0
150,90,-5,-5,0,404,0,0,0,0
145,85,-5,-5,0,404,0,0,0,0
140,80,-5,-5,0,404,0,0,0,0
135,75,-5,-5,0,404,0,0,0,0
130,70,-5,-5,0,404,0,0,0,0
125,65,-5,-5,0,404,0,0,0,0
120,60,-5,-5,0,404,0,0,0,0
115,55,-5,-5,0,404,0,0,0,0
110,50,-5,-5,0,404,0,0,0,0
105,45,-5,-5,0,404,0,0,0,0
100,40,-5,-5,0,404,0,0,0,0
95,35,-5,-5,0,404,0,0,0,0
90,30,-5,-5,0,404,0,0,0,0
85,25,-5,-5,0,404,0,0,0,0
80,20,-5,-5,0,404,0,0,0,0
75,15,-5,-5,0,404,0,0,0,0
70,10,-5,5,0,404,0,0,0,0
65,15,-5,5,0,404,0,0,0,0
60,20,-5,5,0,404,0,0,0,0
55,25,-5,5,0,404,0,0,0,0
50,30,-5,5,0,404,0,0,0,0
45,35,-5,5,0,404,0,0,0,0
40,40,-5,5,0,404,0,0,0,0
35,45,-5,5,0,404,0,0,0,0
30,50,-5,5,0,404,0,0,0,0
25,55,-5,5,0,404,0,0,0,0
20,60,5,5,0,404,0,0,0,0
25,65,5,5,0,397,0,-1,0,0
30,70,5,5,0,390,0,-1,0,0
35,75,5,5,0,383,0,-1,0,0
40,80,5,5,0,376,0,-1,0,0
45,85,5,5,0,369,0,-1,0,0
50,90,5,5,0,362,0,-1,0,0
55,95,5,5,0,355,0,-1,0,0
60,100,5,5,0,348,0,-1,0,0
65,105,5,5,0,341,0,-1,0,0
70,110,5,5,0,334,0,-1,0,0
75,115,5,5,0,327,0,-1,0,0
80,120,5,5,0,320,0,-1,0,0
85,125,5,5,0,313,0,-1,0,0
90,130,5,5,0,306,0,-1,0,0
95,135,5,5,0,299,0,-1,0,0
100,140,5,5,0,292,0,-1,0,0
105,145,5,5,0,285,0,-1,0,0
110,150,5,5,0,278,0,-1,0,0
115,155,5,5,0,271,0,-1,0,0
120,160,5,5,0,264,0,-1,0,0
125,165,5,5,0,257,0,-1,0,0
130,170,5,5,0,250,0,-1,0,0
135,175,5,5,0,243,0,-1,0,0
140,180,5,5,0,236,0,-1,0,0
145,185,5,5,0,229,0,-1,0,0
150,190,5,5,0,222,0,-1,0,0
155,195,5,5,0,222,0,0,0,0
160,200,5,5,0,215,0,-1,0,0
165,205,5,5,0,208,0,-1,0,0
170,210,5,5,0,208,0,0,0,0
175,215,5,5,0,201,0,-1,0,0
180,220,5,5,0,194,0,-1,0,0
185,225,5,5,0,187,0,-1,0,0
190,230,5,5,0,180,0,-1,0,0
195,235,5,5,0,180,0,0,0,0
200,240,5,5,0,187,0,1,0,0
205,245,5,5,0,194,0,1,0,0
210,250,5,5,0,201,0,1,0,0
215,255,5,5,0,194,0,-1,0,0
220,260,5,5,0,201,0,1,0,0
225,265,5,5,0,208,0,1,0,0
230,270,5,5,0,215,0,1,0,0
235,275,5,5,0,215,0,0,0,0
240,280,5,5,0,215,0,0,0,0
245,285,5,5,0,222,0,1,0,0
250,290,5,5,0,229,0,1,0,0
255,295,5,5,0,236,0,1,0,0
260,300,5,5,0,243,0,1,0,0
265,305,5,5,0,250,0,1,0,0
270,310,5,5,0,257,0,1,0,0
275,315,5,5,0,264,0,1,0,0
280,320,5,5,0,271,0,1,0,0
285,325,5,5,0,264,0,-1,0,0
290,330,5,5,0,271,0,1,0,0
295,335,5,5,0,278,0,1,0,0
300,340,5,5,0,285,0,1,0,0
305,345,5,5,0,285,0,0,0,0
310,350,5,5,0,292,0,1,0,0
315,355,5,5,0,299,0,1,0,0
320,360,5,5,0,299,0,0,0,0
325,365,5,5,0,306,0,1,0,0
330,370,5,5,0,313,0,1,0,0
335,375,5,5,0,320,0,1,0,0
340,380,5,5,0,327,0,1,0,0
345,385,5,5,0,327,0,0,0,0
350,390,5,5,0,334,0,1,0,0
355,395,5,5,0,341,0,1,0,0
360,400,5,5,0,348,0,1,0,0
365,405,5,5,0,355,0,1,0,0
370,410,5,5,0,355,0,0,0,0
375,415,5,5,0,362,0,1,0,0
380,420,5,5,0,369,0,1,0,0
385,425,5,5,0,376,0,1,0,0
390,430,5,5,0,369,0,-1,0,0
395,435,5,5,0,376,0,1,0,0
400,440,5,5,0,383,0,1,0,0
405,445,5,5,0,390,0,1,0,0
410,450,5,5,0,390,0,0,0,0
415,455,5,5,0,397,0,1,0,0
420,460,5,5,0,404,0,1,0,0
425,465,5,5,0,411,0,1,0,0
430,470,5,5,0,418,0,1,0,0
435,475,5,5,0,425,0,1,0,0
440,480,5,5,0,425,0,0,0,0
445,485,5,5,0,432,0,1,0,0
450,490,5,5,0,439,0,1,0,0
455,495,5,5,0,446,0,1,0,0
460,500,5,5,0,439,0,-1,0,0
465,505,5,5,0,446,0,1,0,0
470,510,5,5,0,453,0,1,0,0
475,515,5,5,0,453,0,0,0,0
480,520,5,5,0,460,0,1,0,0
485,525,5,5,0,467,0,1,0,0
490,530,5,5,0,474,0,1,0,0
495,535,5,5,0,474,0,0,0,0
500,540,5,5,0,481,0,1,0,0
505,545,5,5,0,488,0,1,0,0
510,550,5,5,0,495,0,1,0,0
515,555,5,5,0,502,0,1,0,0
520,560,5,5,0,509,0,1,0,0
525,565,5,5,0,516,0,1,0,0
530,570,5,5,0,509,0,-1,0,0
535,575,5,5,0,516,0,1,0,0
540,580,5,5,0,516,0,0,0,0
545,585,5,5,0,523,0,1,0,0
550,590,5,-5,0,530,0,1,0,0
555,585,5,-5,0,537,0,1,0,0
560,580,5,-5,0,530,0,-1,0,0
565,575,5,-5,0,530,0,0,0,0
570,570,5,-5,0,530,0,0,0,0
575,565,5,-5,0,523,0,-1,0,0
580,560,5,-5,0,516,0,-1,0,0
585,555,5,-5,0,509,0,-1,0,0
590,550,5,-5,0,502,0,-1,0,0
595,545,5,-5,0,495,0,-1,0,0
600,540,5,-5,0,495,0,0,0,0
605,535,5,-5,0,488,0,-1,0,0
610,530,5,-5,0,481,0,-1,0,0
615,525,5,-5,0,474,0,-1,0,0
620,520,5,-5,0,481,0,1,0,0
625,515,5,-5,0,474,0,-1,0,0
630,510,5,-5,0,467,0,-1,0,0
635,505,5,-5,0,460,0,-1,0,0
640,500,5,-5,0,453,0,-1,0,0
645,495,5,-5,0,446,0,-1,0,0
650,490,5,-5,0,439,0,-1,0,0
655,485,5,-5,0,446,0,1,0,0
660,480,5,-5,0,439,0,-1,0,0
665,475,5,-5,0,432,0,-1,0,0
670,470,5,-5,0,425,0,-1,0,0
675,465,5,-5,0,418,0,-1,0,0
680,460,5,-5,0,411,0,-1,0,0
685,455,5,-5,0,404,0,-1,0,0
690,450,5,-5,0,411,0,1,0,0
695,445,5,-5,0,404,0,-1,0,0
700,440,5,-5,0,397,0,-1,0,0
705,435,5,-5,0,390,0,-1,0,0
710,430,5,-5,0,383,0,-1,0,0
715,425,5,-5,0,376,0,-1,0,0
720,420,5,-5,0,376,0,0,0,0
725,415,5,-5,0,369,0,-1,0,0
730,410,5,-5,0,362,0,-1,0,0
735,405,5,-5,0,355,0,-1,0,0
740,400,5,-5,0,355,0,0,0,0
745,395,5,-5,0,348,0,-1,0,0
750,390,5,-5,0,341,0,-1,0,0
755,385,5,-5,0,334,0,-1,0,0
760,380,5,-5,0,341,0,1,0,0
765,375,5,-5,0,334,0,-1,0,0
770,370,5,-5,0,327,0,-1,0,0
775,365,5,-5,0,320,0,-1,0,0
780,360,-5,-5,0,313,0,-1,0,0
775,355,-5,-5,0,313,0,0,0,0
770,350,-5,-5,0,313,0,0,0,0
765,345,-5,-5,0,313,0,0,0,0
760,340,-5,-5,0,313,0,0,0,0
755,335,-5,-5,0,313,0,0,0,0
750,330,-5,-5,0,313,0,0,0,0
745,325,-5,-5,0,313,0,0,0,0
740,320,-5,-5,0,313,0,0,0,0
735,315,-5,-5,0,313,0,0,0,0
730,310,-5,-5,0,313,0,0,0,0
725,305,-5,-5,0,313,0,0,0,0
720,300,-5,-5,0,313,0,0,0,0
715,295,-5,-5,0,313,0,0,0,0
710,290,-5,-5,0,313,0,0,0,0
705,285,-5,-5,0,313,0,0,0,0
700,280,-5,-5,0,313,0,0,0,0
695,275,-5,-5,0,313,0,0,0,0
690,270,-5,-5,0,313,0,0,0,0
685,265,-5,-5,0,313,0,0,0,0
680,260,-5,-5,0,313,0,0,0,0
675,255,-5,-5,0,313,0,0,0,0
670,250,-5,-5,0,313,0,0,0,0
665,245,-5,-5,0,313,0,0,0,0
660,240,-5,-5,0,313,0,0,0,0
655,235,-5,-5,0,313,0,0,0,0
650,230,-5,-5,0,313,0,0,0,0
645,225,-5,-5,0,313,0,0,0,0
640,220,-5,-5,0,313,0,0,0,0
635,215,-5,-5,0,313,0,0,0,0
630,210,-5,-5,0,313,0,0,0,0
625,205,-5,-5,0,313,0,0,0,0
620,200,-5,-5,0,313,0,0,0,0
615,195,-5,-5,0,313,0,0,0,0
610,190,-5,-5,0,313,0,0,0,0
605,185,-5,-5,0,313,0,0,0,0
600,180,-5,-5,0,313,0,0,0,0
595,175,-5,-5,0,313,0,0,0,0
590,170,-5,-5,0,313,0,0,0,0
585,165,-5,-5,0,313,0,0,0,0
580,160,-5,-5,0,313,0,0,0,0
575,155,-5,-5,0,313,0,0,0,0
570,150,-5,-5,0,313,0,0,0,0
565,145,-5,-5,0,313,0,0,0,0
560,140,-5,-5,0,313,0,0,0,0
555,135,-5,-5,0,313,0,0,0,0
550,130,-5,-5,0,313,0,0,0,0
545,125,-5,-5,0,313,0,0,0,0
540,120,-5,-5,0,313,0,0,0,0
535,115,-5,-5,0,313,0,0,0,0
530,110,-5,-5,0,313,0,0,0,0
525,105,-5,-5,0,313,0,0,0,0
520,100,-5,-5,0,313,0,0,0,0
515,95,-5,-5,0,313,0,0,0,0
510,90,-5,-5,0,313,0,0,0,0
505,85,-5,-5,0,313,0,0,0,0
500,80,-5,-5,0,313,0,0,0,0
495,75,-5,-5,0,313,0,0,0,0
490,70,-5,-5,0,313,0,0,0,0
485,65,-5,-5,0,313,0,0,0,0
480,60,-5,-5,0,313,0,0,0,0
475,55,-5,-5,0,313,0,0,0,0
470,50,-5,-5,0,313,0,0,0,0
465,45,-5,-5,0,313,0,0,0,0
460,40,-5,-5,0,313,0,0,0,0
455,35,-5,-5,0,313,0,0,0,0
450,30,-5,-5,0,313,0,0,0,0
445,25,-5,-5,0,313,0,0,0,0
440,20,-5,-5,0,313,0,0,0,0
435,15,-5,-5,0,313,0,0,0,0
430,10,-5,5,0,313,0,0,0,0
425,15,-5,5,0,313,0,0,0,0
420,20,-5,5,0,313,0,0,0,0
415,25,-5,5,0,313,0,0,0,0
410,30,-5,5,0,313,0,0,0,0
405,35,-5,5,0,313,0,0,0,0
400,40,-5,5,0,313,0,0,0,0
395,45,-5,5,0,313,0,0,0,0
390,50,-5,5,0,313,0,0,0,0
385,55,-5,5,0,313,0,0,0,0
380,60,-5,5,0,313,0,0,0,0
375,65,-5,5,0,313,0,0,0,0
370,70,-5,5,0,313,0,0,0,0
365,75,-5,5,0,313,0,0,0,0
360,80,-5,5,0,313,0,0,0,0
355,85,-5,5,0,313,0,0,0,0
350,90,-5,5,0,313,0,0,0,0
345,95,-5,5,0,313,0,0,0,0
340,100,-5,5,0,313,0,0,0,0
335,105,-5,5,0,313,0,0,0,0
330,110,-5,5,0,313,0,0,0,0
325,115,-5,5,0,313,0,0,0,0
320,120,-5,5,0,313,0,0,0,0
315,125,-5,5,0,313,0,0,0,0
310,130,-5,5,0,313,0,0,0,0
305,135,-5,5,0,313,0,0,0,0
300,140,-5,5,0,313,0,0,0,0
295,145,-5,5,0,313,0,0,0,0
290,150,-5,5,0,313,0,0,0,0
285,155,-5,5,0,313,0,0,0,0
280,160,-5,5,0,313,0,0,0,0
275,165,-5,5,0,313,0,0,0,0
270,170,-5,5,0,313,0,0,0,0
265,175,-5,5,0,313,0,0,0,0
260,180,-5,5,0,313,0,0,0,0
255,185,-5,5,0,313,0,0,0,0
250,190,-5,5,0,313,0,0,0,0
245,195,-5,5,0,313,0,0,0,0
240,200,-5,5,0,313,0,0,0,0
235,205,-5,5,0,313,0,0,0,0
230,210,-5,5,0,313,0,0,0,0
225,215,-5,5,0,313,0,0,0,0
220,220,-5,5,0,313,0,0,0,0
215,225,-5,5,0,313,0,0,0,0
210,230,-5,5,0,313,0,0,0,0
205,235,-5,5,0,313,0,0,0,0
200,240,-5,5,0,313,0,0,0,0
195,245,-5,5,0,313,0,0,0,0
190,250,-5,5,0,313,0,0,0,0
185,255,-5,5,0,313,0,0,0,0
180,260,-5,5,0,313,0,0,0,0
175,265,-5,5,0,313,0,0,0,0
170,270,-5,5,0,313,0,0,0,0
165,275,-5,5,0,313,0,0,0,0
160,280,-5,5,0,313,0,0,0,0
155,285,-5,5,0,313,0,0,0,0
150,290,-5,5,0,313,0,0,0,0
145,295,-5,5,0,313,0,0,0,0
140,300,-5,5,0,313,0,0,0,0
135,305,-5,5,0,313,0,0,0,0
130,310,-5,5,0,313,0,0,0,0
125,315,-5,5,0,313,0,0,0,0
120,320,-5,5,0,313,0,0,0,0
115,325,-5,5,0,313,0,0,0,0
110,330,-5,5,0,313,0,0,0,0
105,335,-5,5,0,313,0,0,0,0
100,340,-5,5,0,313,0,0,0,0
95,345,-5,5,0,313,0,0,0,0
90,350,-5,5,0,313,0,0,0,0
85,355,-5,5,0,313,0,0,0,0
80,360,-5,5,0,313,0,0,0,0
75,365,-5,5,0,313,0,0,0,0
70,370,-5,5,0,313,0,0,0,0
65,375,-5,5,0,313,0,0,0,0
60,380,-5,5,0,313,0,0,0,0
55,385,-5,5,0,313,0,0,0,0
50,390,-5,5,0,313,0,0,0,0
45,395,-5,5,0,313,0,0,0,0
40,400,-5,5,0,313,0,0,0,0
35,405,-5,5,0,313,0,0,0,0
30,410,-5,5,0,313,0,0,0,0
25,415,-5,5,0,313,0,0,0,0
20,420,-5,5,0,313,0,0,0,0
15,425,-5,5,0,313,0,0,0,0
10,430,-5,5,0,313,0,0,0,0
5,435,-5,5,0,313,0,0,0,0
0,440,-5,5,0,313,0,0,0,0
400,300,5,5,0,313,0,0,0,1
405,305,5,5,0,306,0,-1,0,1
410,310,5,5,0,299,0,-1,0,1
415,315,5,5,0,292,0,-1,0,1
420,320,5,5,0,285,0,-1,0,1
425,325,5,5,0,278,0,-1,0,1
430,330,5,5,0,271,0,-1,0,1
435,335,5,5,0,271,0,0,0,1
440,340,5,5,0,278,0,1,0,1
445,345,5,5,0,285,0,1,0,1
450,350,5,5,0,292,0,1,0,1
455,355,5,5,0,299,0,1,0,1
460,360,5,5,0,306,0,1,0,1
465,365,5,5,0,313,0,1,0,1
470,370,5,5,0,320,0,1,0,1
475,375,5,5,0,320,0,0,0,1
480,380,5,5,0,327,0,1,0,1
485,385,5,5,0,334,0,1,0,1
490,390,5,5,0,341,0,1,0,1
495,395,5,5,0,341,0,0,0,1
500,400,5,5,0,348,0,1,0,1
505,405,5,5,0,355,0,1,0,1
510,410,5,5,0,355,0,0,0,1
515,415,5,5,0,362,0,1,0,1
520,420,5,5,0,369,0,1,0,1
525,425,5,5,0,376,0,1,0,1
530,430,5,5,0,369,0,-1,0,1
535,435,5,5,0,376,0,1,0,1
540,440,5,5,0,376,0,0,0,1
545,445,5,5,0,383,0,1,0,1
550,450,5,5,0,390,0,1,0,1
555,455,5,5,0,397,0,1,0,1
560,460,5,5,0,404,0,1,0,1
565,465,5,5,0,411,0,1,0,1
570,470,5,5,0,418,0,1,0,1
575,475,5,5,0,425,0,1,0,1
580,480,5,5,0,425,0,0,0,1
585,485,5,5,0,425,0,0,0,1
590,490,5,5,0,432,0,1,0,1
595,495,5,5,0,439,0,1,0,1
600,500,5,5,0,446,0,1,0,1
605,505,5,5,0,453,0,1,0,1
610,510,5,5,0,460,0,1,0,1
615,515,5,5,0,460,0,0,0,1
620,520,5,5,0,467,0,1,0,1
625,525,5,5,0,474,0,1,0,1
630,530,5,5,0,481,0,1,0,1
635,535,5,5,0,474,0,-1,0,1
640,540,5,5,0,481,0,1,0,1
645,545,5,5,0,488,0,1,0,1
650,550,5,5,0,495,0,1,0,1
655,555,5,5,0,502,0,1,0,1
660,560,5,5,0,509,0,1,0,1
665,565,5,5,0,509,0,0,0,1
670,570,5,5,0,516,0,1,0,1
675,575,5,5,0,523,0,1,0,1
680,580,5,5,0,530,0,1,0,1
685,585,5,5,0,530,0,0,0,1
690,590,5,-5,0,537,0,1,0,1
695,585,5,-5,0,544,0,1,0,1
700,580,5,-5,0,537,0,-1,0,1
705,575,5,-5,0,530,0,-1,0,1
710,570,5,-5,0,523,0,-1,0,1
715,565,5,-5,0,523,0,0,0,1
720,560,5,-5,0,516,0,-1,0,1
725,555,5,-5,0,509,0,-1,0,1
730,550,5,-5,0,502,0,-1,0,1
735,545,5,-5,0,495,0,-1,0,1
740,540,5,-5,0,495,0,0,0,1
745,535,5,-5,0,488,0,-1,0,1
750,530,5,-5,0,481,0,-1,0,1
755,525,5,-5,0,474,0,-1,0,1
760,520,5,-5,0,474,0,0,0,1
765,515,5,-5,0,467,0,-1,0,1
770,510,5,-5,0,467,0,0,0,1
775,505,5,-5,0,460,0,-1,0,1
780,500,-5,-5,0,453,0,-1,0,1
775,495,-5,-5,0,453,0,0,0,1
770,490,-5,-5,0,453,0,0,0,1
765,485,-5,-5,0,453,0,0,0,1
760,480,-5,-5,0,453,0,0,0,1
755,475,-5,-5,0,453,0,0,0,1
750,470,-5,-5,0,453,0,0,0,1
745,465,-5,-5,0,453,0,0,0,1
740,460,-5,-5,0,453,0,0,0,1
735,455,-5,-5,0,453,0,0,0,1
730,450,-5,-5,0,453,0,0,0,1
725,445,-5,-5,0,453,0,0,0,1
720,440,-5,-5,0,453,0,0,0,1
715,435,-5,-5,0,453,0,0,0,1
710,430,-5,-5,0,453,0,0,0,1
705,425,-5,-5,0,453,0,0,0,1
700,420,-5,-5,0,453,0,0,0,1
695,415,-5,-5,0,453,0,0,0,1
690,410,-5,-5,0,453,0,0,0,1
685,405,-5,-5,0,453,0,0,0,1
680,400,-5,-5,0,453,0,0,0,1
675,395,-5,-5,0,453,0,0,0,1
670,390,-5,-5,0,453,0,0,0,1
665,385,-5,-5,0,453,0,0,0,1
660,380,-5,-5,0,453,0,0,0,1
655,375,-5,-5,0,453,0,0,0,1
650,370,-5,-5,0,453,0,0,0,1
645,365,-5,-5,0,453,0,0,0,1
640,360,-5,-5,0,453,0,0,0,1
635,355,-5,-5,0,453,0,0,0,1
630,350,-5,-5,0,453,0,0,0,1
625,345,-5,-5,0,453,0,0,0,1
620,340,-5,-5,0,453,0,0,0,1
615,335,-5,-5,0,453,0,0,0,1
610,330,-5,-5,0,453,0,0,0,1
605,325,-5,-5,0,453,0,0,0,1
600,320,-5,-5,0,453,0,0,0,1
595,315,-5,-5,0,453,0,0,0,1
590,310,-5,-5,0,453,0,0,0,1
585,305,-5,-5,0,453,0,0,0,1
580,300,-5,-5,0,453,0,0,0,1
575,295,-5,-5,0,453,0,0,0,1
570,290,-5,-5,0,453,0,0,0,1
565,285,-5,-5,0,453,0,0,0,1
560,280,-5,-5,0,453,0,0,0,1
555,275,-5,-5,0,453,0,0,0,1
550,270,-5,-5,0,453,0,0,0,1
545,265,-5,-5,0,453,0,0,0,1
540,260,-5,-5,0,453,0,0,0,1
535,255,-5,-5,0,453,0,0,0,1
530,250,-5,-5,0,453,0,0,0,1
525,245,-5,-5,0,453,0,0,0,1
520,240,-5,-5,0,453,0,0,0,1
515,235,-5,-5,0,453,0,0,0,1
510,230,-5,-5,0,453,0,0,0,1
505,225,-5,-5,0,453,0,0,0,1
500,220,-5,-5,0,453,0,0,0,1
495,215,-5,-5,0,453,0,0,0,1
490,210,-5,-5,0,453,0,0,0,1
485,205,-5,-5,0,453,0,0,0,1
480,200,-5,-5,0,453,0,0,0,1
475,195,-5,-5,0,453,0,0,0,1
470,190,-5,-5,0,453,0,0,0,1
465,185,-5,-5,0,453,0,0,0,1
460,180,-5,-5,0,453,0,0,0,1
455,175,-5,-5,0,453,0,0,0,1
450,170,-5,-5,0,453,0,0,0,1
445,165,-5,-5,0,453,0,0,0,1
440,160,-5,-5,0,453,0,0,0,1
435,155,-5,-5,0,453,0,0,0,1
430,150,-5,-5,0,453,0,0,0,1
425,145,-5,-5,0,453,0,0,0,1
420,140,-5,-5,0,453,0,0,0,1
415,135,-5,-5,0,453,0,0,0,1
410,130,-5,-5,0,453,0,0,0,1
405,125,-5,-5,0,453,0,0,0,1
400,120,-5,-5,0,453,0,0,0,1
395,115,-5,-5,0,453,0,0,0,1
390,110,-5,-5,0,453,0,0,0,1
385,105,-5,-5,0,453,0,0,0,1
380,100,-5,-5,0,453,0,0,0,1
375,95,-5,-5,0,453,0,0,0,1
370,90,-5,-5,0,453,0,0,0,1
365,85,-5,-5,0,453,0,0,0,1
360,80,-5,-5,0,453,0,0,0,1
355,75,-5,-5,0,453,0,0,0,1
350,70,-5,-5,0,453,0,0,0,1
345,65,-5,-5,0,453,0,0,0,1
340,60,-5,-5,0,453,0,0,0,1
335,55,-5,-5,0,453,0,0,0,1
330,50,-5,-5,0,453,0,0,0,1
325,45,-5,-5,0,453,0,0,0,1
320,40,-5,-5,0,453,0,0,0,1
315,35,-5,-5,0,453,0,0,0,1
310,30,-5,-5,0,453,0,0,0,1
305,25,-5,-5,0,453,0,0,0,1
300,20,-5,-5,0,453,0,0,0,1
295,15,-5,-5,0,453,0,0,0,1
290,10,-5,5,0,453,0,0,0,1
285,15,-5,5,0,453,0,0,0,1
280,20,-5,5,0,453,0,0,0,1
275,25,-5,5,0,453,0,0,0,1
270,30,-5,5,0,453,0,0,0,1
265,35,-5,5,0,453,0,0,0,1
260,40,-5,5,0,453,0,0,0,1
255,45,-5,5,0,453,0,0,0,1
250,50,-5,5,0,453,0,0,0,1
245,55,-5,5,0,453,0,0,0,1
240,60,-5,5,0,453,0,0,0,1
235,65,-5,5,0,453,0,0,0,1
230,70,-5,5,0,453,0,0,0,1
225,75,-5,5,0,453,0,0,0,1
220,80,-5,5,0,453,0,0,0,1
215,85,-5,5,0,453,0,0,0,1
210,90,-5,5,0,453,0,0,0,1
205,95,-5,5,0,453,0,0,0,1
200,100,-5,5,0,453,0,0,0,1
195,105,-5,5,0,453,0,0,0,1
190,110,-5,5,0,453,0,0,0,1
185,115,-5,5,0,453,0,0,0,1
180,120,-5,5,0,453,0,0,0,1
175,125,-5,5,0,453,0,0,0,1
170,130,-5,5,0,453,0,0,0,1
165,135,-5,5,0,453,0,0,0,1
160,140,-5,5,0,453,0,0,0,1
155,145,-5,5,0,453,0,0,0,1
150,150,-5,5,0,453,0,0,0,1
145,155,-5,5,0,453,0,0,0,1
140,160,-5,5,0,453,0,0,0,1
135,165,-5,5,0,453,0,0,0,1
130,170,-5,5,0,453,0,0,0,1
125,175,-5,5,0,453,0,0,0,1
120,180,-5,5,0,453,0,0,0,1
115,185,-5,5,0,453,0,0,0,1
110,190,-5,5,0,453,0,0,0,1
105,195,-5,5,0,453,0,0,0,1
100,200,-5,5,0,453,0,0,0,1
95,205,-5,5,0,453,0,0,0,1
90,210,-5,5,0,453,0,0,0,1
85,215,-5,5,0,453,0,0,0,1
80,220,-5,5,0,453,0,0,0,1
75,225,-5,5,0,453,0,0,0,1
70,230,-5,5,0,453,0,0,0,1
65,235,-5,5,0,453,0,0,0,1
60,240,-5,5,0,453,0,0,0,1
55,245,-5,5,0,453,0,0,0,1
50,250,-5,5,0,453,0,0,0,1
45,255,-5,5,0,453,0,0,0,1
40,260,-5,5,0,453,0,0,0,1
35,265,-5,5,0,453,0,0,0,1
30,270,-5,5,0,453,0,0,0,1
25,275,-5,5,0,453,0,0,0,1
20,280,-5,5,0,453,0,0,0,1
15,285,-5,5,0,453,0,0,0,1
10,290,-5,5,0,453,0,0,0,1
5,295,-5,5,0,453,0,0,0,1
0,300,-5,5,0,453,0,0,0,1
400,300,5,5,0,453,0,0,0,2
405,305,5,5,0,446,0,-1,0,2
410,310,5,5,0,446,0,0,0,2
415,315,5,5,0,439,0,-1,0,2
420,320,5,5,0,432,0,-1,0,2
425,325,5,5,0,432,0,0,0,2
430,330,5,5,0,432,0,0,0,2
435,335,5,5,0,425,0,-1,0,2
440,340,5,5,0,418,0,-1,0,2
445,345,5,5,0,411,0,-1,0,2
450,350,5,5,0,404,0,-1,0,2
455,355,5,5,0,397,0,-1,0,2
460,360,5,5,0,390,0,-1,0,2
465,365,5,5,0,383,0,-1,0,2
470,370,5,5,0,376,0,-1,0,2
475,375,5,5,0,369,0,-1,0,2
480,380,5,5,0,362,0,-1,0,2
485,385,5,5,0,355,0,-1,0,2
490,390,5,5,0,348,0,-1,0,2
495,395,5,5,0,341,0,-1,0,2
500,400,5,5,0,341,0,0,0,2
505,405,5,5,0,348,0,1,0,2
510,410,5,5,0,355,0,1,0,2
515,415,5,5,0,362,0,1,0,2
520,420,5,5,0,369,0,1,0,2
525,425,5,5,0,376,0,1,0,2
530,430,5,5,0,369,0,-1,0,2
535,435,5,5,0,376,0,1,0,2
540,440,5,5,0,383,0,1,0,2
545,445,5,5,0,390,0,1,0,2
550,450,5,5,0,397,0,1,0,2
555,455,5,5,0,404,0,1,0,2
560,460,5,5,0,411,0,1,0,2
565,465,5,5,0,411,0,0,0,2
570,470,5,5,0,418,0,1,0,2
575,475,5,5,0,425,0,1,0,2
580,480,5,5,0,425,0,0,0,2
585,485,5,5,0,432,0,1,0,2
590,490,5,5,0,439,0,1,0,2
595,495,5,5,0,446,0,1,0,2
600,500,5,5,0,439,0,-1,0,2
605,505,5,5,0,446,0,1,0,2
610,510,5,5,0,446,0,0,0,2
615,515,5,5,0,453,0,1,0,2
620,520,5,5,0,460,0,1,0,2
625,525,5,5,0,467,0,1,0,2
630,530,5,5,0,474,0,1,0,2
635,535,5,5,0,481,0,1,0,2
640,540,5,5,0,488,0,1,0,2
645,545,5,5,0,488,0,0,0,2
650,550,5,5,0,495,0,1,0,2
655,555,5,5,0,502,0,1,0,2
660,560,5,5,0,509,0,1,0,2
665,565,5,5,0,516,0,1,0,2
670,570,5,5,0,509,0,-1,0,2
675,575,5,5,0,516,0,1,0,2
680,580,5,5,0,523,0,1,0,2
685,585,5,5,0,530,0,1,0,2
690,590,5,-5,0,537,0,1,0,2
695,585,5,-5,0,544,0,1,0,2
700,580,5,-5,0,537,0,-1,0,2
705,575,5,-5,0,530,0,-1,0,2
710,570,5,-5,0,523,0,-1,0,2
715,565,5,-5,0,516,0,-1,0,2
720,560,5,-5,0,509,0,-1,0,2
725,555,5,-5,0,516,0,1,0,2
730,550,5,-5,0,509,0,-1,0,2
735,545,5,-5,0,509,0,0,0,2
740,540,5,-5,0,502,0,-1,0,2
745,535,5,-5,0,495,0,-1,0,2
750,530,5,-5,0,488,0,-1,0,2
755,525,5,-5,0,481,0,-1,0,2
760,520,5,-5,0,474,0,-1,0,2
765,515,5,-5,0,467,0,-1,0,2
770,510,5,-5,0,460,0,-1,0,2
775,505,5,-5,0,460,0,0,0,2
780,500,-5,-5,0,453,0,-1,0,2
775,495,-5,-5,0,453,0,0,0,2
770,490,-5,-5,0,453,0,0,0,2
765,485,-5,-5,0,453,0,0,0,2
760,480,-5,-5,0,453,0,0,0,2
755,475,-5,-5,0,453,0,0,0,2
750,470,-5,-5,0,453,0,0,0,2
745,465,-5,-5,0,453,0,0,0,2
740,460,-5,-5,0,453,0,0,0,2
735,455,-5,-5,0,453,0,0,0,2
ball_x,ball_y,ball_dx,ball_dy,paddle1_y,paddle2_y,paddle1_action,paddle2_action,score1,score2
395,305,-5,5,250,250,0,0,0,0
390,310,-5,5,250,250,0,0,0,0
385,315,-5,5,250,250,0,0,0,0
380,320,-5,5,250,250,0,0,0,0
375,325,-5,5,250,250,0,0,0,0
370,330,-5,5,250,250,0,0,0,0
365,335,-5,5,250,250,0,0,0,0
360,340,-5,5,250,250,0,0,0,0
355,345,-5,5,250,250,0,0,0,0
350,350,-5,5,250,250,0,0,0,0
345,355,-5,5,250,250,0,0,0,0
340,360,-5,5,250,250,0,0,0,0
335,365,-5,5,250,250,0,0,0,0
330,370,-5,5,250,250,0,0,0,0
325,375,-5,5,250,250,0,0,0,0
320,380,-5,5,250,250,0,0,0,0
315,385,-5,5,250,250,0,0,0,0
310,390,-5,5,250,250,0,0,0,0
305,395,-5,5,250,250,0,0,0,0
300,400,-5,5,250,250,0,0,0,0
295,405,-5,5,250,250,0,0,0,0
290,410,-5,5,250,250,0,0,0,0
285,415,-5,5,250,250,0,0,0,0
280,420,-5,5,250,250,0,0,0,0
275,425,-5,5,250,250,0,0,0,0
270,430,-5,5,250,250,0,0,0,0
265,435,-5,5,250,250,0,0,0,0
260,440,-5,5,250,250,0,0,0,0
255,445,-5,5,250,250,0,0,0,0
250,450,-5,5,250,250,0,0,0,0
245,455,-5,5,250,250,0,0,0,0
240,460,-5,5,250,250,0,0,0,0
235,465,-5,5,250,250,0,0,0,0
230,470,-5,5,250,250,0,0,0,0
225,475,-5,5,250,250,0,0,0,0
220,480,-5,5,250,250,0,0,0,0
215,485,-5,5,250,250,0,0,0,0
210,490,-5,5,250,250,0,0,0,0
205,495,-5,5,250,250,0,0,0,0
200,500,-5,5,250,250,0,0,0,0
195,505,-5,5,250,250,0,0,0,0
190,510,-5,5,250,250,0,0,0,0
185,515,-5,5,250,250,0,0,0,0
180,520,-5,5,250,250,0,0,0,0
175,525,-5,5,250,250,0,0,0,0
170,530,-5,5,250,250,0,0,0,0
165,535,-5,5,250,250,0,0,0,0
160,540,-5,5,250,250,0,0,0,0
155,545,-5,5,250,250,0,0,0,0
150,550,-5,5,250,250,0,0,0,0
145,555,-5,5,250,250,0,0,0,0
140,560,-5,5,250,250,0,0,0,0
135,565,-5,5,250,250,0,0,0,0
130,570,-5,5,250,250,0,0,0,0
125,575,-5,5,250,250,0,0,0,0
120,580,-5,5,250,250,0,0,0,0
115,585,-5,5,250,250,0,0,0,0
110,590,-5,-5,250,250,0,0,0,0
105,585,-5,-5,250,250,0,0,0,0
100,580,-5,-5,250,250,0,0,0,0
95,575,-5,-5,250,250,0,0,0,0
90,570,-5,-5,250,250,0,0,0,0
85,565,-5,-5,250,250,0,0,0,0
80,560,-5,-5,250,250,0,0,0,0
75,555,-5,-5,250,250,0,0,0,0
70,550,-5,-5,250,250,0,0,0,0
65,545,-5,-5,250,250,0,0,0,0
60,540,-5,-5,250,250,0,0,0,0
55,535,-5,-5,250,250,0,0,0,0
50,530,-5,-5,250,250,0,0,0,0
45,525,-5,-5,250,250,0,0,0,0
40,520,-5,-5,250,250,0,0,0,0
35,515,-5,-5,250,250,0,0,0,0
30,510,-5,-5,250,250,0,0,0,0
25,505,-5,-5,250,250,0,0,0,0
20,500,-5,-5,250,250,0,0,0,0
15,495,-5,-5,250,250,0,0,0,0
10,490,-5,-5,250,250,0,0,0,0
5,485,-5,-5,250,250,0,0,0,0
0,480,-5,-5,250,250,0,0,0,0
400,300,5,-5,250,250,0,0,0,1
405,295,5,-5,250,250,0,0,0,1
410,290,5,-5,250,243,0,-1,0,1
415,285,5,-5,250,243,0,0,0,1
420,280,5,-5,250,236,0,-1,0,1
425,275,5,-5,250,229,0,-1,0,1
430,270,5,-5,250,222,0,-1,0,1
435,265,5,-5,250,215,0,-1,0,1
440,260,5,-5,250,215,0,0,0,1
445,255,5,-5,250,215,0,0,0,1
450,250,5,-5,250,208,0,-1,0,1
455,245,5,-5,250,208,0,0,0,1
460,240,5,-5,250,201,0,-1,0,1
465,235,5,-5,250,194,0,-1,0,1
470,230,5,-5,250,187,0,-1,0,1
475,225,5,-5,250,180,0,-1,0,1
480,220,5,-5,250,173,0,-1,0,1
485,215,5,-5,250,166,0,-1,0,1
490,210,5,-5,250,159,0,-1,0,1
495,205,5,-5,250,166,0,1,0,1
500,200,5,-5,250,159,0,-1,0,1
505,195,5,-5,250,152,0,-1,0,1
510,190,5,-5,250,145,0,-1,0,1
515,185,5,-5,250,138,0,-1,0,1
520,180,5,-5,250,131,0,-1,0,1
525,175,5,-5,250,124,0,-1,0,1
530,170,5,-5,250,131,0,1,0,1
535,165,5,-5,250,124,0,-1,0,1
540,160,5,-5,250,117,0,-1,0,1
545,155,5,-5,250,110,0,-1,0,1
550,150,5,-5,250,103,0,-1,0,1
555,145,5,-5,250,96,0,-1,0,1
560,140,5,-5,250,89,0,-1,0,1
565,135,5,-5,250,96,0,1,0,1
570,130,5,-5,250,89,0,-1,0,1
575,125,5,-5,250,82,0,-1,0,1
580,120,5,-5,250,82,0,0,0,1
585,115,5,-5,250,75,0,-1,0,1
590,110,5,-5,250,68,0,-1,0,1
595,105,5,-5,250,61,0,-1,0,1
600,100,5,-5,250,54,0,-1,0,1
605,95,5,-5,250,47,0,-1,0,1
610,90,5,-5,250,40,0,-1,0,1
615,85,5,-5,250,40,0,0,0,1
620,80,5,-5,250,33,0,-1,0,1
625,75,5,-5,250,26,0,-1,0,1
630,70,5,-5,250,19,0,-1,0,1
635,65,5,-5,250,26,0,1,0,1
640,60,5,-5,250,19,0,-1,0,1
645,55,5,-5,250,12,0,-1,0,1
650,50,5,-5,250,5,0,-1,0,1
655,45,5,-5,250,-2,0,-1,0,1
660,40,5,-5,250,-9,0,-1,0,1
665,35,5,-5,250,-9,0,0,0,1
670,30,5,-5,250,-16,0,-1,0,1
675,25,5,-5,250,-23,0,-1,0,1
680,20,5,-5,250,-30,0,-1,0,1
685,15,5,-5,250,-30,0,0,0,1
690,10,5,5,250,-37,0,-1,0,1
695,15,5,5,250,-44,0,-1,0,1
700,20,5,5,250,-37,0,1,0,1
705,25,5,5,250,-30,0,1,0,1
710,30,5,5,250,-23,0,1,0,1
715,35,5,5,250,-23,0,0,0,1
720,40,5,5,250,-16,0,1,0,1
725,45,5,5,250,-9,0,1,0,1
730,50,5,5,250,-2,0,1,0,1
735,55,5,5,250,5,0,1,0,1
740,60,5,5,250,5,0,0,0,1
745,65,5,5,250,12,0,1,0,1
750,70,5,5,250,19,0,1,0,1
755,75,5,5,250,26,0,1,0,1
760,80,5,5,250,19,0,-1,0,1
765,85,5,5,250,19,0,0,0,1
770,90,5,5,250,26,0,1,0,1
775,95,5,5,250,33,0,1,0,1
780,100,-5,5,250,33,0,0,0,1
775,105,-5,5,250,33,0,0,0,1
770,110,-5,5,250,33,0,0,0,1
765,115,-5,5,250,33,0,0,0,1
760,120,-5,5,250,33,0,0,0,1
755,125,-5,5,250,33,0,0,0,1
750,130,-5,5,250,33,0,0,0,1
745,135,-5,5,250,33,0,0,0,1
740,140,-5,5,250,33,0,0,0,1
735,145,-5,5,250,33,0,0,0,1
730,150,-5,5,250,33,0,0,0,1
725,155,-5,5,250,33,0,0,0,1
720,160,-5,5,250,33,0,0,0,1
715,165,-5,5,250,33,0,0,0,1
710,170,-5,5,250,33,0,0,0,1
705,175,-5,5,250,33,0,0,0,1
700,180,-5,5,250,33,0,0,0,1
695,185,-5,5,250,33,0,0,0,1
690,190,-5,5,250,33,0,0,0,1
685,195,-5,5,250,33,0,0,0,1
680,200,-5,5,250,33,0,0,0,1
675,205,-5,5,250,33,0,0,0,1
670,210,-5,5,250,33,0,0,0,1
665,215,-5,5,250,33,0,0,0,1
660,220,-5,5,250,33,0,0,0,1
655,225,-5,5,250,33,0,0,0,1
650,230,-5,5,250,33,0,0,0,1
645,235,-5,5,250,33,0,0,0,1
640,240,-5,5,250,33,0,0,0,1
635,245,-5,5,250,33,0,0,0,1
630,250,-5,5,250,33,0,0,0,1
625,255,-5,5,250,33,0,0,0,1
620,260,-5,5,250,33,0,0,0,1
615,265,-5,5,250,33,0,0,0,1
610,270,-5,5,250,33,0,0,0,1
605,275,-5,5,250,33,0,0,0,1
600,280,-5,5,250,33,0,0,0,1
595,285,-5,5,250,33,0,0,0,1
590,290,-5,5,250,33,0,0,0,1
585,295,-5,5,250,33,0,0,0,1
580,300,-5,5,250,33,0,0,0,1
575,305,-5,5,250,33,0,0,0,1
570,310,-5,5,250,33,0,0,0,1
565,315,-5,5,250,33,0,0,0,1
560,320,-5,5,250,33,0,0,0,1
555,325,-5,5,250,33,0,0,0,1
550,330,-5,5,250,33,0,0,0,1
545,335,-5,5,250,33,0,0,0,1
540,340,-5,5,250,33,0,0,0,1
535,345,-5,5,250,33,0,0,0,1
530,350,-5,5,250,33,0,0,0,1
525,355,-5,5,250,33,0,0,0,1
520,360,-5,5,250,33,0,0,0,1
515,365,-5,5,250,33,0,0,0,1
510,370,-5,5,250,33,0,0,0,1
505,375,-5,5,250,33,0,0,0,1
500,380,-5,5,250,33,0,0,0,1
495,385,-5,5,250,33,0,0,0,1
490,390,-5,5,250,33,0,0,0,1
485,395,-5,5,250,33,0,0,0,1
480,400,-5,5,250,33,0,0,0,1
475,405,-5,5,250,33,0,0,0,1
470,410,-5,5,250,33,0,0,0,1
465,415,-5,5,250,33,0,0,0,1
460,420,-5,5,250,33,0,0,0,1
455,425,-5,5,250,33,0,0,0,1
450,430,-5,5,250,33,0,0,0,1
445,435,-5,5,250,33,0,0,0,1
440,440,-5,5,250,33,0,0,0,1
435,445,-5,5,250,33,0,0,0,1
430,450,-5,5,250,33,0,0,0,1
425,455,-5,5,250,33,0,0,0,1
420,460,-5,5,250,33,0,0,0,1
415,465,-5,5,250,33,0,0,0,1
410,470,-5,5,250,33,0,0,0,1
405,475,-5,5,250,33,0,0,0,1
400,480,-5,5,250,33,0,0,0,1
395,485,-5,5,250,33,0,0,0,1
390,490,-5,5,250,33,0,0,0,1
385,495,-5,5,250,33,0,0,0,1
380,500,-5,5,250,33,0,0,0,1
375,505,-5,5,250,33,0,0,0,1
370,510,-5,5,250,33,0,0,0,1
365,515,-5,5,250,33,0,0,0,1
360,520,-5,5,250,33,0,0,0,1
355,525,-5,5,250,33,0,0,0,1
350,530,-5,5,250,33,0,0,0,1
345,535,-5,5,250,33,0,0,0,1
340,540,-5,5,250,33,0,0,0,1
335,545,-5,5,250,33,0,0,0,1
330,550,-5,5,250,33,0,0,0,1
325,555,-5,5,250,33,0,0,0,1
320,560,-5,5,250,33,0,0,0,1
315,565,-5,5,250,33,0,0,0,1
310,570,-5,5,250,33,0,0,0,1
305,575,-5,5,250,33,0,0,0,1
300,580,-5,5,250,33,0,0,0,1
295,585,-5,5,250,33,0,0,0,1
290,590,-5,-5,250,33,0,0,0,1
285,585,-5,-5,250,33,0,0,0,1
280,580,-5,-5,250,33,0,0,0,1
275,575,-5,-5,250,33,0,0,0,1
270,570,-5,-5,250,33,0,0,0,1
265,565,-5,-5,250,33,0,0,0,1
260,560,-5,-5,250,33,0,0,0,1
255,555,-5,-5,250,33,0,0,0,1
250,550,-5,-5,250,33,0,0,0,1
245,545,-5,-5,250,33,0,0,0,1
240,540,-5,-5,250,33,0,0,0,1
235,535,-5,-5,250,33,0,0,0,1
230,530,-5,-5,250,33,0,0,0,1
225,525,-5,-5,250,33,0,0,0,1
220,520,-5,-5,250,33,0,0,0,1
215,515,-5,-5,250,33,0,0,0,1
210,510,-5,-5,250,33,0,0,0,1
205,505,-5,-5,250,33,0,0,0,1
200,500,-5,-5,250,33,0,0,0,1
195,495,-5,-5,250,33,0,0,0,1
190,490,-5,-5,250,33,0,0,0,1
185,485,-5,-5,250,33,0,0,0,1
180,480,-5,-5,250,33,0,0,0,1
175,475,-5,-5,250,33,0,0,0,1
170,470,-5,-5,250,33,0,0,0,1
165,465,-5,-5,250,33,0,0,0,1
160,460,-5,-5,250,33,0,0,0,1
155,455,-5,-5,250,33,0,0,0,1
150,450,-5,-5,250,33,0,0,0,1
145,445,-5,-5,250,33,0,0,0,1
140,440,-5,-5,250,33,0,0,0,1
135,435,-5,-5,250,33,0,0,0,1
130,430,-5,-5,250,33,0,0,0,1
125,425,-5,-5,250,33,0,0,0,1
120,420,-5,-5,250,33,0,0,0,1
115,415,-5,-5,250,33,0,0,0,1
110,410,-5,-5,250,33,0,0,0,1
105,405,-5,-5,250,33,0,0,0,1
100,400,-5,-5,250,33,0,0,0,1
95,395,-5,-5,250,33,0,0,0,1
90,390,-5,-5,250,33,0,0,0,1
85,385,-5,-5,250,33,0,0,0,1
80,380,-5,-5,250,33,0,0,0,1
75,375,-5,-5,250,33,0,0,0,1
70,370,-5,-5,250,33,0,0,0,1
65,365,-5,-5,250,33,0,0,0,1
60,360,-5,-5,250,33,0,0,0,1
55,355,-5,-5,250,33,0,0,0,1
50,350,-5,-5,250,33,0,0,0,1
45,345,-5,-5,250,33,0,0,0,1
40,340,-5,-5,250,33,0,0,0,1
35,335,-5,-5,250,33,0,0,0,1
30,330,-5,-5,250,33,0,0,0,1
25,325,-5,-5,250,33,0,0,0,1
20,320,5,-5,250,33,0,0,0,1
25,315,5,-5,250,40,0,1,0,1
30,310,5,-5,250,47,0,1,0,1
35,305,5,-5,250,54,0,1,0,1
40,300,5,-5,250,61,0,1,0,1
45,295,5,-5,250,68,0,1,0,1
50,290,5,-5,250,75,0,1,0,1
55,285,5,-5,250,82,0,1,0,1
60,280,5,-5,250,89,0,1,0,1
65,275,5,-5,250,96,0,1,0,1
70,270,5,-5,250,103,0,1,0,1
75,265,5,-5,250,110,0,1,0,1
80,260,5,-5,250,117,0,1,0,1
85,255,5,-5,250,124,0,1,0,1
90,250,5,-5,250,131,0,1,0,1
95,245,5,-5,250,138,0,1,0,1
100,240,5,-5,250,145,0,1,0,1
105,235,5,-5,250,152,0,1,0,1
110,230,5,-5,250,159,0,1,0,1
115,225,5,-5,250,166,0,1,0,1
120,220,5,-5,250,173,0,1,0,1
125,215,5,-5,250,166,0,-1,0,1
130,210,5,-5,250,166,0,0,0,1
135,205,5,-5,250,166,0,0,0,1
140,200,5,-5,250,159,0,-1,0,1
145,195,5,-5,250,152,0,-1,0,1
150,190,5,-5,250,145,0,-1,0,1
155,185,5,-5,250,138,0,-1,0,1
160,180,5,-5,250,131,0,-1,0,1
165,175,5,-5,250,124,0,-1,0,1
170,170,5,-5,250,131,0,1,0,1
175,165,5,-5,250,124,0,-1,0,1
180,160,5,-5,250,117,0,-1,0,1
185,155,5,-5,250,110,0,-1,0,1
190,150,5,-5,250,103,0,-1,0,1
195,145,5,-5,250,96,0,-1,0,1
200,140,5,-5,250,89,0,-1,0,1
205,135,5,-5,250,96,0,1,0,1
210,130,5,-5,250,89,0,-1,0,1
215,125,5,-5,250,82,0,-1,0,1
220,120,5,-5,250,82,0,0,0,1
225,115,5,-5,250,82,0,0,0,1
230,110,5,-5,250,75,0,-1,0,1
235,105,5,-5,250,75,0,0,0,1
240,100,5,-5,250,68,0,-1,0,1
245,95,5,-5,250,61,0,-1,0,1
250,90,5,-5,250,54,0,-1,0,1
255,85,5,-5,250,47,0,-1,0,1
260,80,5,-5,250,40,0,-1,0,1
265,75,5,-5,250,40,0,0,0,1
270,70,5,-5,250,33,0,-1,0,1
275,65,5,-5,250,26,0,-1,0,1
280,60,5,-5,250,19,0,-1,0,1
285,55,5,-5,250,12,0,-1,0,1
290,50,5,-5,250,5,0,-1,0,1
295,45,5,-5,250,-2,0,-1,0,1
300,40,5,-5,250,-9,0,-1,0,1
305,35,5,-5,250,-9,0,0,0,1
310,30,5,-5,250,-16,0,-1,0,1
315,25,5,-5,250,-16,0,0,0,1
320,20,5,-5,250,-23,0,-1,0,1
325,15,5,-5,250,-30,0,-1,0,1
330,10,5,5,250,-37,0,-1,0,1
335,15,5,5,250,-37,0,0,0,1
340,20,5,5,250,-37,0,0,0,1
345,25,5,5,250,-30,0,1,0,1
350,30,5,5,250,-23,0,1,0,1
355,35,5,5,250,-16,0,1,0,1
360,40,5,5,250,-9,0,1,0,1
365,45,5,5,250,-16,0,-1,0,1
370,50,5,5,250,-16,0,0,0,1
375,55,5,5,250,-16,0,0,0,1
380,60,5,5,250,-9,0,1,0,1
385,65,5,5,250,-2,0,1,0,1
390,70,5,5,250,5,0,1,0,1
395,75,5,5,250,12,0,1,0,1
400,80,5,5,250,19,0,1,0,1
405,85,5,5,250,26,0,1,0,1
410,90,5,5,250,33,0,1,0,1
415,95,5,5,250,40,0,1,0,1
420,100,5,5,250,47,0,1,0,1
425,105,5,5,250,54,0,1,0,1
430,110,5,5,250,61,0,1,0,1
435,115,5,5,250,61,0,0,0,1
440,120,5,5,250,68,0,1,0,1
445,125,5,5,250,75,0,1,0,1
450,130,5,5,250,75,0,0,0,1
455,135,5,5,250,82,0,1,0,1
460,140,5,5,250,82,0,0,0,1
465,145,5,5,250,89,0,1,0,1
470,150,5,5,250,96,0,1,0,1
475,155,5,5,250,103,0,1,0,1
480,160,5,5,250,110,0,1,0,1
485,165,5,5,250,110,0,0,0,1
490,170,5,5,250,117,0,1,0,1
495,175,5,5,250,124,0,1,0,1
500,180,5,5,250,131,0,1,0,1
505,185,5,5,250,124,0,-1,0,1
510,190,5,5,250,131,0,1,0,1
515,195,5,5,250,131,0,0,0,1
520,200,5,5,250,138,0,1,0,1
525,205,5,5,250,145,0,1,0,1
530,210,5,5,250,152,0,1,0,1
535,215,5,5,250,159,0,1,0,1
540,220,5,5,250,166,0,1,0,1
545,225,5,5,250,173,0,1,0,1
550,230,5,5,250,180,0,1,0,1
555,235,5,5,250,180,0,0,0,1
560,240,5,5,250,187,0,1,0,1
565,245,5,5,250,194,0,1,0,1
570,250,5,5,250,201,0,1,0,1
575,255,5,5,250,194,0,-1,0,1
580,260,5,5,250,201,0,1,0,1
585,265,5,5,250,208,0,1,0,1
590,270,5,5,250,215,0,1,0,1
595,275,5,5,250,222,0,1,0,1
600,280,5,5,250,229,0,1,0,1
605,285,5,5,250,236,0,1,0,1
610,290,5,5,250,229,0,-1,0,1
615,295,5,5,250,236,0,1,0,1
620,300,5,5,250,243,0,1,0,1
625,305,5,5,250,250,0,1,0,1
630,310,5,5,250,250,0,0,0,1
635,315,5,5,250,257,0,1,0,1
640,320,5,5,250,264,0,1,0,1
645,325,5,5,250,271,0,1,0,1
650,330,5,5,250,278,0,1,0,1
655,335,5,5,250,285,0,1,0,1
660,340,5,5,250,285,0,0,0,1
665,345,5,5,250,292,0,1,0,1
670,350,5,5,250,299,0,1,0,1
675,355,5,5,250,306,0,1,0,1
680,360,5,5,250,299,0,-1,0,1
685,365,5,5,250,306,0,1,0,1
690,370,5,5,250,313,0,1,0,1
695,375,5,5,250,320,0,1,0,1
700,380,5,5,250,327,0,1,0,1
705,385,5,5,250,334,0,1,0,1
710,390,5,5,250,341,0,1,0,1
715,395,5,5,250,334,0,-1,0,1
720,400,5,5,250,341,0,1,0,1
725,405,5,5,250,348,0,1,0,1
730,410,5,5,250,355,0,1,0,1
735,415,5,5,250,362,0,1,0,1
740,420,5,5,250,369,0,1,0,1
745,425,5,5,250,376,0,1,0,1
750,430,5,5,250,369,0,-1,0,1
755,435,5,5,250,376,0,1,0,1
760,440,5,5,250,383,0,1,0,1
765,445,5,5,250,390,0,1,0,1
770,450,5,5,250,397,0,1,0,1
775,455,5,5,250,404,0,1,0,1
780,460,-5,5,250,411,0,1,0,1
775,465,-5,5,250,411,0,0,0,1
770,470,-5,5,250,411,0,0,0,1
765,475,-5,5,250,411,0,0,0,1
760,480,-5,5,250,411,0,0,0,1
755,485,-5,5,250,411,0,0,0,1
750,490,-5,5,250,411,0,0,0,1
745,495,-5,5,250,411,0,0,0,1
740,500,-5,5,250,411,0,0,0,1
735,505,-5,5,250,411,0,0,0,1
730,510,-5,5,250,411,0,0,0,1
725,515,-5,5,250,411,0,0,0,1
720,520,-5,5,250,411,0,0,0,1
715,525,-5,5,250,411,0,0,0,1
710,530,-5,5,250,411,0,0,0,1
705,535,-5,5,250,411,0,0,0,1
700,540,-5,5,250,411,0,0,0,1
695,545,-5,5,250,411,0,0,0,1
690,550,-5,5,250,411,0,0,0,1
685,555,-5,5,250,411,0,0,0,1
680,560,-5,5,250,411,0,0,0,1
675,565,-5,5,250,411,0,0,0,1
670,570,-5,5,250,411,0,0,0,1
665,575,-5,5,250,411,0,0,0,1
660,580,-5,5,250,411,0,0,0,1
655,585,-5,5,250,411,0,0,0,1
650,590,-5,-5,250,411,0,0,0,1
645,585,-5,-5,250,411,0,0,0,1
640,580,-5,-5,250,411,0,0,0,1
635,575,-5,-5,250,411,0,0,0,1
630,570,-5,-5,250,411,0,0,0,1
625,565,-5,-5,250,411,0,0,0,1
620,560,-5,-5,250,411,0,0,0,1
615,555,-5,-5,250,411,0,0,0,1
610,550,-5,-5,250,411,0,0,0,1
605,545,-5,-5,250,411,0,0,0,1
600,540,-5,-5,250,411,0,0,0,1
595,535,-5,-5,250,411,0,0,0,1
590,530,-5,-5,250,411,0,0,0,1
585,525,-5,-5,250,411,0,0,0,1
580,520,-5,-5,250,411,0,0,0,1
575,515,-5,-5,250,411,0,0,0,1
570,510,-5,-5,250,411,0,0,0,1
565,505,-5,-5,240,411,-1,0,0,1
560,500,-5,-5,230,411,-1,0,0,1
555,495,-5,-5,220,411,-1,0,0,1
550,490,-5,-5,210,411,-1,0,0,1
545,485,-5,-5,200,411,-1,0,0,1
540,480,-5,-5,190,411,-1,0,0,1
535,475,-5,-5,180,411,-1,0,0,1
530,470,-5,-5,170,411,-1,0,0,1
525,465,-5,-5,160,411,-1,0,0,1
520,460,-5,-5,150,411,-1,0,0,1
515,455,-5,-5,140,411,-1,0,0,1
510,450,-5,-5,130,411,-1,0,0,1
505,445,-5,-5,120,411,-1,0,0,1
500,440,-5,-5,110,411,-1,0,0,1
495,435,-5,-5,100,411,-1,0,0,1
490,430,-5,-5,90,411,-1,0,0,1
485,425,-5,-5,80,411,-1,0,0,1
480,420,-5,-5,70,411,-1,0,0,1
475,415,-5,-5,60,411,-1,0,0,1
470,410,-5,-5,50,411,-1,0,0,1
465,405,-5,-5,40,411,-1,0,0,1
460,400,-5,-5,30,411,-1,0,0,1
455,395,-5,-5,20,411,-1,0,0,1
450,390,-5,-5,10,411,-1,0,0,1
445,385,-5,-5,0,411,-1,0,0,1
440,380,-5,-5,0,411,0,0,0,1
435,375,-5,-5,0,411,0,0,0,1
430,370,-5,-5,0,411,0,0,0,1
425,365,-5,-5,0,411,0,0,0,1
420,360,-5,-5,0,411,0,0,0,1
415,355,-5,-5,0,411,0,0,0,1
410,350,-5,-5,0,411,0,0,0,1
405,345,-5,-5,0,411,0,0,0,1
400,340,-5,-5,0,411,0,0,0,1
395,335,-5,-5,0,411,0,0,0,1
390,330,-5,-5,0,411,0,0,0,1
385,325,-5,-5,0,411,0,0,0,1
380,320,-5,-5,0,411,0,0,0,1
375,315,-5,-5,0,411,0,0,0,1
370,310,-5,-5,0,411,0,0,0,1
365,305,-5,-5,0,411,0,0,0,1
360,300,-5,-5,0,411,0,0,0,1
355,295,-5,-5,0,411,0,0,0,1
350,290,-5,-5,0,411,0,0,0,1
345,285,-5,-5,0,411,0,0,0,1
340,280,-5,-5,0,411,0,0,0,1
335,275,-5,-5,0,411,0,0,0,1
330,270,-5,-5,0,411,0,0,0,1
325,265,-5,-5,0,411,0,0,0,1
320,260,-5,-5,0,411,0,0,0,1
315,255,-5,-5,0,411,0,0,0,1
310,250,-5,-5,0,411,0,0,0,1
305,245,-5,-5,0,411,0,0,0,1
300,240,-5,-5,0,411,0,0,0,1
295,235,-5,-5,0,411,0,0,0,1
290,230,-5,-5,0,411,0,0,0,1
285,225,-5,-5,0,411,0,0,0,1
280,220,-5,-5,0,411,0,0,0,1
275,215,-5,-5,0,411,0,0,0,1
270,210,-5,-5,0,411,0,0,0,1
265,205,-5,-5,0,411,0,0,0,1
260,200,-5,-5,0,411,0,0,0,1
255,195,-5,-5,0,411,0,0,0,1
250,190,-5,-5,0,411,0,0,0,1
245,185,-5,-5,0,411,0,0,0,1
240,180,-5,-5,0,411,0,0,0,1
235,175,-5,-5,0,411,0,0,0,1
230,170,-5,-5,0,411,0,0,0,1
225,165,-5,-5,0,411,0,0,0,1
220,160,-5,-5,0,411,0,0,0,1
215,155,-5,-5,0,411,0,0,0,1
210,150,-5,-5,0,411,0,0,0,1
205,145,-5,-5,0,411,0,0,0,1
200,140,-5,-5,0,411,0,0,0,1
195,135,-5,-5,0,411,0,0,0,1
190,130,-5,-5,0,411,0,0,0,1
185,125,-5,-5,0,411,0,0,0,1
180,120,-5,-5,0,411,0,0,0,1
175,115,-5,-5,0,411,0,0,0,1
170,110,-5,-5,0,411,0,0,0,1
165,105,-5,-5,0,411,0,0,0,1
160,100,-5,-5,0,411,0,0,0,1
155,95,-5,-5,0,411,0,0,0,1
150,90,-5,-5,0,411,0,0,0,1
145,85,-5,-5,0,411,0,0,0,1
140,80,-5,-5,0,411,0,0,0,1
135,75,-5,-5,0,411,0,0,0,1
130,70,-5,-5,0,411,0,0,0,1
125,65,-5,-5,0,411,0,0,0,1
120,60,-5,-5,0,411,0,0,0,1
115,55,-5,-5,0,411,0,0,0,1
110,50,-5,-5,0,411,0,0,0,1
105,45,-5,-5,0,411,0,0,0,1
100,40,-5,-5,0,411,0,0,0,1
95,35,-5,-5,0,411,0,0,0,1
90,30,-5,-5,0,411,0,0,0,1
85,25,-5,-5,0,411,0,0,0,1
80,20,-5,-5,0,411,0,0,0,1
75,15,-5,-5,0,411,0,0,0,1
70,10,-5,5,0,411,0,0,0,1
65,15,-5,5,0,411,0,0,0,1
60,20,-5,5,0,411,0,0,0,1
55,25,-5,5,0,411,0,0,0,1
50,30,-5,5,0,411,0,0,0,1
45,35,-5,5,0,411,0,0,0,1
40,40,-5,5,0,411,0,0,0,1
35,45,-5,5,0,411,0,0,0,1
30,50,-5,5,0,411,0,0,0,1
25,55,-5,5,0,411,0,0,0,1
20,60,5,5,0,411,0,0,0,1
25,65,5,5,0,404,0,-1,0,1
30,70,5,5,0,397,0,-1,0,1
35,75,5,5,0,390,0,-1,0,1
40,80,5,5,0,383,0,-1,0,1
45,85,5,5,0,376,0,-1,0,1
50,90,5,5,0,376,0,0,0,1
55,95,5,5,0,376,0,0,0,1
60,100,5,5,0,376,0,0,0,1
65,105,5,5,0,369,0,-1,0,1
70,110,5,5,0,362,0,-1,0,1
75,115,5,5,0,355,0,-1,0,1
80,120,5,5,0,348,0,-1,0,1
85,125,5,5,0,341,0,-1,0,1
90,130,5,5,0,334,0,-1,0,1
95,135,5,5,0,327,0,-1,0,1
100,140,5,5,0,320,0,-1,0,1
105,145,5,5,0,313,0,-1,0,1
110,150,5,5,0,306,0,-1,0,1
115,155,5,5,0,299,0,-1,0,1
120,160,5,5,0,292,0,-1,0,1
125,165,5,5,0,285,0,-1,0,1
130,170,5,5,0,278,0,-1,0,1
135,175,5,5,0,271,0,-1,0,1
140,180,5,5,0,264,0,-1,0,1
145,185,5,5,0,257,0,-1,0,1
150,190,5,5,0,250,0,-1,0,1
155,195,5,5,0,250,0,0,0,1
160,200,5,5,0,243,0,-1,0,1
165,205,5,5,0,236,0,-1,0,1
170,210,5,5,0,229,0,-1,0,1
175,215,5,5,0,222,0,-1,0,1
180,220,5,5,0,222,0,0,0,1
185,225,5,5,0,215,0,-1,0,1
190,230,5,5,0,208,0,-1,0,1
195,235,5,5,0,201,0,-1,0,1
200,240,5,5,0,194,0,-1,0,1
205,245,5,5,0,187,0,-1,0,1
210,250,5,5,0,194,0,1,0,1
215,255,5,5,0,194,0,0,0,1
220,260,5,5,0,201,0,1,0,1
225,265,5,5,0,208,0,1,0,1
230,270,5,5,0,215,0,1,0,1
235,275,5,5,0,222,0,1,0,1
240,280,5,5,0,229,0,1,0,1
245,285,5,5,0,236,0,1,0,1
250,290,5,5,0,229,0,-1,0,1
255,295,5,5,0,236,0,1,0,1
260,300,5,5,0,243,0,1,0,1
265,305,5,5,0,250,0,1,0,1
270,310,5,5,0,257,0,1,0,1
275,315,5,5,0,264,0,1,0,1
280,320,5,5,0,271,0,1,0,1
285,325,5,5,0,264,0,-1,0,1
290,330,5,5,0,271,0,1,0,1
295,335,5,5,0,271,0,0,0,1
300,340,5,5,0,278,0,1,0,1
305,345,5,5,0,285,0,1,0,1
310,350,5,5,0,292,0,1,0,1
315,355,5,5,0,299,0,1,0,1
320,360,5,5,0,306,0,1,0,1
325,365,5,5,0,313,0,1,0,1
330,370,5,5,0,313,0,0,0,1
335,375,5,5,0,320,0,1,0,1
340,380,5,5,0,327,0,1,0,1
345,385,5,5,0,334,0,1,0,1
350,390,5,5,0,341,0,1,0,1
355,395,5,5,0,341,0,0,0,1
360,400,5,5,0,348,0,1,0,1
365,405,5,5,0,348,0,0,0,1
370,410,5,5,0,355,0,1,0,1
375,415,5,5,0,362,0,1,0,1
380,420,5,5,0,369,0,1,0,1
385,425,5,5,0,376,0,1,0,1
390,430,5,5,0,369,0,-1,0,1
395,435,5,5,0,376,0,1,0,1
400,440,5,5,0,383,0,1,0,1
405,445,5,5,0,390,0,1,0,1
410,450,5,5,0,390,0,0,0,1
415,455,5,5,0,390,0,0,0,1
420,460,5,5,0,397,0,1,0,1
425,465,5,5,0,404,0,1,0,1
430,470,5,5,0,411,0,1,0,1
435,475,5,5,0,418,0,1,0,1
440,480,5,5,0,425,0,1,0,1
445,485,5,5,0,432,0,1,0,1
450,490,5,5,0,439,0,1,0,1
455,495,5,5,0,446,0,1,0,1
460,500,5,5,0,439,0,-1,0,1
465,505,5,5,0,446,0,1,0,1
470,510,5,5,0,446,0,0,0,1
475,515,5,5,0,453,0,1,0,1
480,520,5,5,0,460,0,1,0,1
485,525,5,5,0,467,0,1,0,1
490,530,5,5,0,474,0,1,0,1
495,535,5,5,0,481,0,1,0,1
500,540,5,5,0,488,0,1,0,1
505,545,5,5,0,495,0,1,0,1
510,550,5,5,0,495,0,0,0,1
515,555,5,5,0,502,0,1,0,1
520,560,5,5,0,509,0,1,0,1
525,565,5,5,0,516,0,1,0,1
530,570,5,5,0,509,0,-1,0,1
535,575,5,5,0,516,0,1,0,1
540,580,5,5,0,523,0,1,0,1
545,585,5,5,0,523,0,0,0,1
550,590,5,-5,0,530,0,1,0,1
555,585,5,-5,0,537,0,1,0,1
560,580,5,-5,0,530,0,-1,0,1
565,575,5,-5,0,530,0,0,0,1
570,570,5,-5,0,523,0,-1,0,1
575,565,5,-5,0,516,0,-1,0,1
580,560,5,-5,0,509,0,-1,0,1
585,555,5,-5,0,516,0,1,0,1
590,550,5,-5,0,509,0,-1,0,1
595,545,5,-5,0,502,0,-1,0,1
600,540,5,-5,0,495,0,-1,0,1
605,535,5,-5,0,488,0,-1,0,1
610,530,5,-5,0,481,0,-1,0,1
615,525,5,-5,0,474,0,-1,0,1
620,520,5,-5,0,481,0,1,0,1
625,515,5,-5,0,474,0,-1,0,1
630,510,5,-5,0,467,0,-1,0,1
635,505,5,-5,0,460,0,-1,0,1
640,500,5,-5,0,453,0,-1,0,1
645,495,5,-5,0,446,0,-1,0,1
650,490,5,-5,0,439,0,-1,0,1
655,485,5,-5,0,446,0,1,0,1
660,480,5,-5,0,439,0,-1,0,1
665,475,5,-5,0,432,0,-1,0,1
670,470,5,-5,0,425,0,-1,0,1
675,465,5,-5,0,425,0,0,0,1
680,460,5,-5,0,418,0,-1,0,1
685,455,5,-5,0,411,0,-1,0,1
690,450,5,-5,0,404,0,-1,0,1
695,445,5,-5,0,397,0,-1,0,1
700,440,5,-5,0,390,0,-1,0,1
705,435,5,-5,0,390,0,0,0,1
710,430,5,-5,0,383,0,-1,0,1
715,425,5,-5,0,376,0,-1,0,1
720,420,5,-5,0,369,0,-1,0,1
725,415,5,-5,0,376,0,1,0,1
730,410,5,-5,0,369,0,-1,0,1
735,405,5,-5,0,362,0,-1,0,1
740,400,5,-5,0,355,0,-1,0,1
745,395,5,-5,0,355,0,0,0,1
750,390,5,-5,0,348,0,-1,0,1
755,385,5,-5,0,341,0,-1,0,1
760,380,5,-5,0,334,0,-1,0,1
765,375,5,-5,0,327,0,-1,0,1
770,370,5,-5,0,320,0,-1,0,1
775,365,5,-5,0,320,0,0,0,1
780,360,-5,-5,0,313,0,-1,0,1
775,355,-5,-5,0,313,0,0,0,1
770,350,-5,-5,0,313,0,0,0,1
765,345,-5,-5,0,313,0,0,0,1
760,340,-5,-5,0,313,0,0,0,1
755,335,-5,-5,0,313,0,0,0,1
750,330,-5,-5,0,313,0,0,0,1
745,325,-5,-5,0,313,0,0,0,1
740,320,-5,-5,0,313,0,0,0,1
735,315,-5,-5,0,313,0,0,0,1
730,310,-5,-5,0,313,0,0,0,1
725,305,-5,-5,0,313,0,0,0,1
720,300,-5,-5,0,313,0,0,0,1
715,295,-5,-5,0,313,0,0,0,1
710,290,-5,-5,0,313,0,0,0,1
705,285,-5,-5,0,313,0,0,0,1
700,280,-5,-5,0,313,0,0,0,1
695,275,-5,-5,0,313,0,0,0,1
690,270,-5,-5,0,313,0,0,0,1
685,265,-5,-5,0,313,0,0,0,1
680,260,-5,-5,0,313,0,0,0,1
675,255,-5,-5,0,313,0,0,0,1
670,250,-5,-5,0,313,0,0,0,1
665,245,-5,-5,0,313,0,0,0,1
660,240,-5,-5,0,313,0,0,0,1
655,235,-5,-5,0,313,0,0,0,1
650,230,-5,-5,0,313,0,0,0,1
645,225,-5,-5,0,313,0,0,0,1
640,220,-5,-5,0,313,0,0,0,1
635,215,-5,-5,0,313,0,0,0,1
630,210,-5,-5,0,313,0,0,0,1
625,205,-5,-5,0,313,0,0,0,1
620,200,-5,-5,0,313,0,0,0,1
615,195,-5,-5,0,313,0,0,0,1
610,190,-5,-5,0,313,0,0,0,1
605,185,-5,-5,0,313,0,0,0,1
600,180,-5,-5,0,313,0,0,0,1
595,175,-5,-5,0,313,0,0,0,1
590,170,-5,-5,0,313,0,0,0,1
585,165,-5,-5,0,313,0,0,0,1
580,160,-5,-5,0,313,0,0,0,1
575,155,-5,-5,0,313,0,0,0,1
570,150,-5,-5,0,313,0,0,0,1
565,145,-5,-5,0,313,0,0,0,1
560,140,-5,-5,0,313,0,0,0,1
555,135,-5,-5,0,313,0,0,0,1
550,130,-5,-5,0,313,0,0,0,1
545,125,-5,-5,0,313,0,0,0,1
540,120,-5,-5,0,313,0,0,0,1
535,115,-5,-5,0,313,0,0,0,1
530,110,-5,-5,0,313,0,0,0,1
525,105,-5,-5,0,313,0,0,0,1
520,100,-5,-5,0,313,0,0,0,1
515,95,-5,-5,0,313,0,0,0,1
510,90,-5,-5,0,313,0,0,0,1
505,85,-5,-5,0,313,0,0,0,1
500,80,-5,-5,0,313,0,0,0,1
495,75,-5,-5,0,313,0,0,0,1
490,70,-5,-5,0,313,0,0,0,1
485,65,-5,-5,0,313,0,0,0,1
480,60,-5,-5,0,313,0,0,0,1
475,55,-5,-5,0,313,0,0,0,1
470,50,-5,-5,0,313,0,0,0,1
465,45,-5,-5,0,313,0,0,0,1
460,40,-5,-5,0,313,0,0,0,1
455,35,-5,-5,0,313,0,0,0,1
450,30,-5,-5,0,313,0,0,0,1
445,25,-5,-5,0,313,0,0,0,1
440,20,-5,-5,0,313,0,0,0,1
435,15,-5,-5,0,313,0,0,0,1
430,10,-5,5,0,313,0,0,0,1
425,15,-5,5,0,313,0,0,0,1
420,20,-5,5,0,313,0,0,0,1
415,25,-5,5,0,313,0,0,0,1
410,30,-5,5,0,313,0,0,0,1
405,35,-5,5,0,313,0,0,0,1
400,40,-5,5,0,313,0,0,0,1
395,45,-5,5,0,313,0,0,0,1
390,50,-5,5,0,313,0,0,0,1
385,55,-5,5,0,313,0,0,0,1
380,60,-5,5,0,313,0,0,0,1
375,65,-5,5,0,313,0,0,0,1
370,70,-5,5,0,313,0,0,0,1
365,75,-5,5,0,313,0,0,0,1
360,80,-5,5,0,313,0,0,0,1
355,85,-5,5,0,313,0,0,0,1
350,90,-5,5,0,313,0,0,0,1
345,95,-5,5,0,313,0,0,0,1
340,100,-5,5,0,313,0,0,0,1
335,105,-5,5,0,313,0,0,0,1
330,110,-5,5,0,313,0,0,0,1
325,115,-5,5,0,313,0,0,0,1
320,120,-5,5,0,313,0,0,0,1
315,125,-5,5,0,313,0,0,0,1
310,130,-5,5,0,313,0,0,0,1
305,135,-5,5,0,313,0,0,0,1
300,140,-5,5,0,313,0,0,0,1
295,145,-5,5,0,313,0,0,0,1
290,150,-5,5,0,313,0,0,0,1
285,155,-5,5,0,313,0,0,0,1
280,160,-5,5,0,313,0,0,0,1
275,165,-5,5,0,313,0,0,0,1
270,170,-5,5,0,313,0,0,0,1
265,175,-5,5,0,313,0,0,0,1
260,180,-5,5,0,313,0,0,0,1
255,185,-5,5,0,313,0,0,0,1
250,190,-5,5,0,313,0,0,0,1
245,195,-5,5,0,313,0,0,0,1
240,200,-5,5,0,313,0,0,0,1
235,205,-5,5,0,313,0,0,0,1
230,210,-5,5,0,313,0,0,0,1
225,215,-5,5,0,313,0,0,0,1
220,220,-5,5,0,313,0,0,0,1
215,225,-5,5,0,313,0,0,0,1
210,230,-5,5,0,313,0,0,0,1
205,235,-5,5,0,313,0,0,0,1
200,240,-5,5,0,313,0,0,0,1
195,245,-5,5,0,313,0,0,0,1
190,250,-5,5,0,313,0,0,0,1
185,255,-5,5,0,313,0,0,0,1
180,260,-5,5,0,313,0,0,0,1
175,265,-5,5,0,313,0,0,0,1
170,270,-5,5,0,313,0,0,0,1
165,275,-5,5,0,313,0,0,0,1
160,280,-5,5,0,313,0,0,0,1
155,285,-5,5,0,313,0,0,0,1
150,290,-5,5,0,313,0,0,0,1
145,295,-5,5,0,313,0,0,0,1
140,300,-5,5,0,313,0,0,0,1
135,305,-5,5,0,313,0,0,0,1
130,310,-5,5,0,313,0,0,0,1
125,315,-5,5,0,313,0,0,0,1
120,320,-5,5,0,313,0,0,0,1
115,325,-5,5,0,313,0,0,0,1
110,330,-5,5,0,313,0,0,0,1
105,335,-5,5,0,313,0,0,0,1
100,340,-5,5,0,313,0,0,0,1
95,345,-5,5,0,313,0,0,0,1
90,350,-5,5,0,313,0,0,0,1
85,355,-5,5,0,313,0,0,0,1
80,360,-5,5,0,313,0,0,0,1
75,365,-5,5,0,313,0,0,0,1
70,370,-5,5,0,313,0,0,0,1
65,375,-5,5,0,313,0,0,0,1
60,380,-5,5,0,313,0,0,0,1
55,385,-5,5,0,313,0,0,0,1
50,390,-5,5,0,313,0,0,0,1
45,395,-5,5,0,313,0,0,0,1
40,400,-5,5,0,313,0,0,0,1
35,405,-5,5,0,313,0,0,0,1
30,410,-5,5,0,313,0,0,0,1
25,415,-5,5,0,313,0,0,0,1
20,420,-5,5,0,313,0,0,0,1
15,425,-5,5,0,313,0,0,0,1
10,430,-5,5,0,313,0,0,0,1
5,435,-5,5,0,313,0,0,0,1
0,440,-5,5,0,313,0,0,0,1
400,300,5,5,0,313,0,0,0,2
405,305,5,5,0,306,0,-1,0,2
410,310,5,5,0,299,0,-1,0,2
415,315,5,5,0,292,0,-1,0,2
420,320,5,5,0,285,0,-1,0,2
425,325,5,5,0,278,0,-1,0,2
430,330,5,5,0,271,0,-1,0,2
435,335,5,5,0,278,0,1,0,2
440,340,5,5,0,285,0,1,0,2
445,345,5,5,0,292,0,1,0,2
450,350,5,5,0,299,0,1,0,2
455,355,5,5,0,306,0,1,0,2
460,360,5,5,0,299,0,-1,0,2
465,365,5,5,0,306,0,1,0,2
470,370,5,5,0,313,0,1,0,2
475,375,5,5,0,320,0,1,0,2
480,380,5,5,0,327,0,1,0,2
485,385,5,5,0,327,0,0,0,2
490,390,5,5,0,334,0,1,0,2
495,395,5,5,0,341,0,1,0,2
500,400,5,5,0,341,0,0,0,2
505,405,5,5,0,348,0,1,0,2
510,410,5,5,0,355,0,1,0,2
515,415,5,5,0,362,0,1,0,2
520,420,5,5,0,369,0,1,0,2
525,425,5,5,0,376,0,1,0,2
530,430,5,5,0,369,0,-1,0,2
535,435,5,5,0,376,0,1,0,2
540,440,5,5,0,383,0,1,0,2
545,445,5,5,0,390,0,1,0,2
550,450,5,5,0,397,0,1,0,2
555,455,5,5,0,404,0,1,0,2
560,460,5,5,0,411,0,1,0,2
565,465,5,5,0,404,0,-1,0,2
570,470,5,5,0,411,0,1,0,2
575,475,5,5,0,418,0,1,0,2
580,480,5,5,0,425,0,1,0,2
585,485,5,5,0,432,0,1,0,2
590,490,5,5,0,439,0,1,0,2
595,495,5,5,0,446,0,1,0,2
600,500,5,5,0,439,0,-1,0,2
605,505,5,5,0,446,0,1,0,2
610,510,5,5,0,446,0,0,0,2
615,515,5,5,0,453,0,1,0,2
620,520,5,5,0,460,0,1,0,2
625,525,5,5,0,467,0,1,0,2
630,530,5,5,0,474,0,1,0,2
635,535,5,5,0,474,0,0,0,2
640,540,5,5,0,481,0,1,0,2
645,545,5,5,0,488,0,1,0,2
650,550,5,5,0,495,0,1,0,2
655,555,5,5,0,502,0,1,0,2
660,560,5,5,0,509,0,1,0,2
665,565,5,5,0,516,0,1,0,2
670,570,5,5,0,509,0,-1,0,2
675,575,5,5,0,516,0,1,0,2
680,580,5,5,0,523,0,1,0,2
685,585,5,5,0,530,0,1,0,2
690,590,5,-5,0,537,0,1,0,2
695,585,5,-5,0,544,0,1,0,2
700,580,5,-5,0,537,0,-1,0,2
705,575,5,-5,0,530,0,-1,0,2
710,570,5,-5,0,523,0,-1,0,2
715,565,5,-5,0,516,0,-1,0,2
720,560,5,-5,0,509,0,-1,0,2
725,555,5,-5,0,509,0,0,0,2
730,550,5,-5,0,509,0,0,0,2
735,545,5,-5,0,502,0,-1,0,2
740,540,5,-5,0,495,0,-1,0,2
745,535,5,-5,0,488,0,-1,0,2
750,530,5,-5,0,481,0,-1,0,2
755,525,5,-5,0,474,0,-1,0,2
760,520,5,-5,0,481,0,1,0,2
765,515,5,-5,0,474,0,-1,0,2
770,510,5,-5,0,474,0,0,0,2
775,505,5,-5,0,467,0,-1,0,2
780,500,-5,-5,0,460,0,-1,0,2
775,495,-5,-5,0,460,0,0,0,2
770,490,-5,-5,0,460,0,0,0,2
765,485,-5,-5,0,460,0,0,0,2
760,480,-5,-5,0,460,0,0,0,2
755,475,-5,-5,0,460,0,0,0,2
750,470,-5,-5,0,460,0,0,0,2
745,465,-5,-5,0,460,0,0,0,2
740,460,-5,-5,0,460,0,0,0,2
735,455,-5,-5,0,460,0,0,0,2
730,450,-5,-5,0,460,0,0,0,2
725,445,-5,-5,0,460,0,0,0,2
720,440,-5,-5,0,460,0,0,0,2
715,435,-5,-5,0,460,0,0,0,2
710,430,-5,-5,0,460,0,0,0,2
705,425,-5,-5,0,460,0,0,0,2
700,420,-5,-5,0,460,0,0,0,2
695,415,-5,-5,0,460,0,0,0,2
690,410,-5,-5,0,460,0,0,0,2
685,405,-5,-5,0,460,0,0,0,2
680,400,-5,-5,0,460,0,0,0,2
675,395,-5,-5,0,460,0,0,0,2
670,390,-5,-5,0,460,0,0,0,2
665,385,-5,-5,0,460,0,0,0,2
660,380,-5,-5,0,460,0,0,0,2
655,375,-5,-5,0,460,0,0,0,2
650,370,-5,-5,0,460,0,0,0,2
645,365,-5,-5,0,460,0,0,0,2
640,360,-5,-5,0,460,0,0,0,2
635,355,-5,-5,0,460,0,0,0,2
630,350,-5,-5,0,460,0,0,0,2
625,345,-5,-5,0,460,0,0,0,2
620,340,-5,-5,0,460,0,0,0,2
615,335,-5,-5,0,460,0,0,0,2
610,330,-5,-5,0,460,0,0,0,2
605,325,-5,-5,0,460,0,0,0,2
600,320,-5,-5,0,460,0,0,0,2
595,315,-5,-5,0,460,0,0,0,2
590,310,-5,-5,0,460,0,0,0,2
585,305,-5,-5,0,460,0,0,0,2
580,300,-5,-5,0,460,0,0,0,2
575,295,-5,-5,0,460,0,0,0,2
570,290,-5,-5,0,460,0,0,0,2
565,285,-5,-5,0,460,0,0,0,2
560,280,-5,-5,0,460,0,0,0,2
555,275,-5,-5,0,460,0,0,0,2
550,270,-5,-5,0,460,0,0,0,2
545,265,-5,-5,0,460,0,0,0,2
540,260,-5,-5,0,460,0,0,0,2
535,255,-5,-5,0,460,0,0,0,2
530,250,-5,-5,0,460,0,0,0,2
525,245,-5,-5,0,460,0,0,0,2
520,240,-5,-5,0,460,0,0,0,2
515,235,-5,-5,0,460,0,0,0,2
510,230,-5,-5,0,460,0,0,0,2
505,225,-5,-5,0,460,0,0,0,2
500,220,-5,-5,0,460,0,0,0,2
495,215,-5,-5,0,460,0,0,0,2
490,210,-5,-5,0,460,0,0,0,2
485,205,-5,-5,0,460,0,0,0,2
480,200,-5,-5,0,460,0,0,0,2
475,195,-5,-5,0,460,0,0,0,2
470,190,-5,-5,0,460,0,0,0,2
465,185,-5,-5,0,460,0,0,0,2
460,180,-5,-5,0,460,0,0,0,2
455,175,-5,-5,0,460,0,0,0,2
450,170,-5,-5,0,460,0,0,0,2
445,165,-5,-5,0,460,0,0,0,2
440,160,-5,-5,0,460,0,0,0,2
435,155,-5,-5,0,460,0,0,0,2
430,150,-5,-5,0,460,0,0,0,2
425,145,-5,-5,0,460,0,0,0,2
420,140,-5,-5,0,460,0,0,0,2
415,135,-5,-5,0,460,0,0,0,2
410,130,-5,-5,0,460,0,0,0,2
405,125,-5,-5,0,460,0,0,0,2
400,120,-5,-5,0,460,0,0,0,2
395,115,-5,-5,0,460,0,0,0,2
390,110,-5,-5,0,460,0,0,0,2
385,105,-5,-5,0,460,0,0,0,2
380,100,-5,-5,0,460,0,0,0,2
375,95,-5,-5,0,460,0,0,0,2
370,90,-5,-5,0,460,0,0,0,2
365,85,-5,-5,0,460,0,0,0,2
360,80,-5,-5,0,460,0,0,0,2
355,75,-5,-5,0,460,0,0,0,2
350,70,-5,-5,0,460,0,0,0,2
345,65,-5,-5,0,460,0,0,0,2
340,60,-5,-5,0,460,0,0,0,2
335,55,-5,-5,0,460,0,0,0,2
330,50,-5,-5,0,460,0,0,0,2
325,45,-5,-5,0,460,0,0,0,2
320,40,-5,-5,0,460,0,0,0,2
315,35,-5,-5,0,460,0,0,0,2
310,30,-5,-5,0,460,0,0,0,2
305,25,-5,-5,0,460,0,0,0,2
300,20,-5,-5,0,460,0,0,0,2
295,15,-5,-5,0,460,0,0,0,2
290,10,-5,5,0,460,0,0,0,2
285,15,-5,5,0,460,0,0,0,2
280,20,-5,5,0,460,0,0,0,2
275,25,-5,5,0,460,0,0,0,2
270,30,-5,5,0,460,0,0,0,2
265,35,-5,5,0,460,0,0,0,2
260,40,-5,5,0,460,0,0,0,2
255,45,-5,5,0,460,0,0,0,2
250,50,-5,5,0,460,0,0,0,2
245,55,-5,5,0,460,0,0,0,2
240,60,-5,5,0,460,0,0,0,2
235,65,-5,5,0,460,0,0,0,2
230,70,-5,5,0,460,0,0,0,2
225,75,-5,5,0,460,0,0,0,2
220,80,-5,5,0,460,0,0,0,2
215,85,-5,5,0,460,0,0,0,2
210,90,-5,5,0,460,0,0,0,2
205,95,-5,5,0,460,0,0,0,2
200,100,-5,5,0,460,0,0,0,2
195,105,-5,5,0,460,0,0,0,2
190,110,-5,5,0,460,0,0,0,2
185,115,-5,5,0,460,0,0,0,2
180,120,-5,5,0,460,0,0,0,2
175,125,-5,5,0,460,0,0,0,2
170,130,-5,5,0,460,0,0,0,2
165,135,-5,5,0,460,0,0,0,2
160,140,-5,5,0,460,0,0,0,2
155,145,-5,5,0,460,0,0,0,2
150,150,-5,5,0,460,0,0,0,2
145,155,-5,5,0,460,0,0,0,2
140,160,-5,5,0,460,0,0,0,2
135,165,-5,5,0,460,0,0,0,2
130,170,-5,5,0,460,0,0,0,2
125,175,-5,5,0,460,0,0,0,2
120,180,-5,5,0,460,0,0,0,2
115,185,-5,5,0,460,0,0,0,2
110,190,-5,5,0,460,0,0,0,2
105,195,-5,5,0,460,0,0,0,2
100,200,-5,5,0,460,0,0,0,2
95,205,-5,5,0,460,0,0,0,2
90,210,-5,5,0,460,0,0,0,2
85,215,-5,5,0,460,0,0,0,2
80,220,-5,5,0,460,0,0,0,2
75,225,-5,5,0,460,0,0,0,2
70,230,-5,5,0,460,0,0,0,2
65,235,-5,5,0,460,0,0,0,2
60,240,-5,5,0,460,0,0,0,2
55,245,-5,5,0,460,0,0,0,2
50,250,-5,5,0,460,0,0,0,2
45,255,-5,5,0,460,0,0,0,2
40,260,-5,5,0,460,0,0,0,2
35,265,-5,5,0,460,0,0,0,2
30,270,-5,5,0,460,0,0,0,2
25,275,-5,5,0,460,0,0,0,2
20,280,-5,5,0,460,0,0,0,2
15,285,-5,5,0,460,0,0,0,2
10,290,-5,5,0,460,0,0,0,2
5,295,-5,5,0,460,0,0,0,2
0,300,-5,5,0,460,0,0,0,2
405,305,5,5,250,250,0,0,0,0
410,310,5,5,250,257,0,1,0,0
415,315,5,5,250,264,0,1,0,0
420,320,5,5,250,271,0,1,0,0
425,325,5,5,250,264,0,-1,0,0
430,330,5,5,250,271,0,1,0,0
435,335,5,5,250,278,0,1,0,0
440,340,5,5,250,285,0,1,0,0
445,345,5,5,250,292,0,1,0,0
450,350,5,5,250,299,0,1,0,0
455,355,5,5,250,299,0,0,0,0
460,360,5,5,250,306,0,1,0,0
465,365,5,5,250,313,0,1,0,0
470,370,5,5,250,320,0,1,0,0
475,375,5,5,250,320,0,0,0,0
480,380,5,5,250,327,0,1,0,0
485,385,5,5,250,334,0,1,0,0
490,390,5,5,250,341,0,1,0,0
495,395,5,5,250,334,0,-1,0,0
500,400,5,5,250,341,0,1,0,0
505,405,5,5,250,348,0,1,0,0
510,410,5,5,250,355,0,1,0,0
515,415,5,5,250,362,0,1,0,0
520,420,5,5,250,369,0,1,0,0
525,425,5,5,250,376,0,1,0,0
530,430,5,5,250,376,0,0,0,0
535,435,5,5,250,383,0,1,0,0
540,440,5,5,250,390,0,1,0,0
545,445,5,5,250,390,0,0,0,0
550,450,5,5,250,397,0,1,0,0
555,455,5,5,250,404,0,1,0,0
560,460,5,5,250,411,0,1,0,0
565,465,5,5,250,404,0,-1,0,0
570,470,5,5,250,404,0,0,0,0
575,475,5,5,250,411,0,1,0,0
580,480,5,5,250,418,0,1,0,0
585,485,5,5,250,425,0,1,0,0
590,490,5,5,250,432,0,1,0,0
595,495,5,5,250,439,0,1,0,0
600,500,5,5,250,446,0,1,0,0
605,505,5,5,250,453,0,1,0,0
610,510,5,5,250,460,0,1,0,0
615,515,5,5,250,460,0,0,0,0
620,520,5,5,250,467,0,1,0,0
625,525,5,5,250,474,0,1,0,0
630,530,5,5,250,481,0,1,0,0
635,535,5,5,250,474,0,-1,0,0
640,540,5,5,250,481,0,1,0,0
645,545,5,5,250,488,0,1,0,0
650,550,5,5,260,495,1,1,0,0
655,555,5,5,270,502,1,1,0,0
660,560,5,5,280,502,1,0,0,0
665,565,5,5,290,509,1,1,0,0
670,570,5,5,300,516,1,1,0,0
675,575,5,5,310,523,1,1,0,0
680,580,5,5,320,530,1,1,0,0
685,585,5,5,330,530,1,0,0,0
690,590,5,-5,340,537,1,1,0,0
695,585,5,-5,350,544,1,1,0,0
700,580,5,-5,360,537,1,-1,0,0
705,575,5,-5,370,530,1,-1,0,0
710,570,5,-5,380,523,1,-1,0,0
715,565,5,-5,390,516,1,-1,0,0
720,560,5,-5,400,509,1,-1,0,0
725,555,5,-5,410,516,1,1,0,0
730,550,5,-5,420,509,1,-1,0,0
735,545,5,-5,430,502,1,-1,0,0
740,540,5,-5,440,495,1,-1,0,0
745,535,5,-5,450,488,1,-1,0,0
750,530,5,-5,460,481,1,-1,0,0
755,525,5,-5,470,474,1,-1,0,0
760,520,5,-5,470,474,0,0,0,0
765,515,5,-5,470,467,0,-1,0,0
770,510,5,-5,470,460,0,-1,0,0
775,505,5,-5,470,460,0,0,0,0
780,500,-5,-5,470,453,0,-1,0,0
775,495,-5,-5,470,453,0,0,0,0
770,490,-5,-5,470,453,0,0,0,0
765,485,-5,-5,470,453,0,0,0,0
760,480,-5,-5,470,453,0,0,0,0
755,475,-5,-5,470,453,0,0,0,0
750,470,-5,-5,470,453,0,0,0,0
745,465,-5,-5,460,453,-1,0,0,0
740,460,-5,-5,450,453,-1,0,0,0
735,455,-5,-5,440,453,-1,0,0,0
730,450,-5,-5,430,453,-1,0,0,0
725,445,-5,-5,420,453,-1,0,0,0
720,440,-5,-5,410,453,-1,0,0,0
715,435,-5,-5,400,453,-1,0,0,0
710,430,-5,-5,390,453,-1,0,0,0
705,425,-5,-5,380,453,-1,0,0,0
700,420,-5,-5,370,453,-1,0,0,0
695,415,-5,-5,360,453,-1,0,0,0
690,410,-5,-5,350,453,-1,0,0,0
685,405,-5,-5,340,453,-1,0,0,0
680,400,-5,-5,330,453,-1,0,0,0
675,395,-5,-5,320,453,-1,0,0,0
670,390,-5,-5,310,453,-1,0,0,0
665,385,-5,-5,300,453,-1,0,0,0
660,380,-5,-5,290,453,-1,0,0,0
655,375,-5,-5,280,453,-1,0,0,0
650,370,-5,-5,270,453,-1,0,0,0
645,365,-5,-5,260,453,-1,0,0,0
640,360,-5,-5,250,453,-1,0,0,0
635,355,-5,-5,240,453,-1,0,0,0
630,350,-5,-5,230,453,-1,0,0,0
625,345,-5,-5,220,453,-1,0,0,0
620,340,-5,-5,210,453,-1,0,0,0
615,335,-5,-5,200,453,-1,0,0,0
610,330,-5,-5,190,453,-1,0,0,0
605,325,-5,-5,180,453,-1,0,0,0
600,320,-5,-5,170,453,-1,0,0,0
595,315,-5,-5,160,453,-1,0,0,0
590,310,-5,-5,150,453,-1,0,0,0
585,305,-5,-5,140,453,-1,0,0,0
580,300,-5,-5,130,453,-1,0,0,0
575,295,-5,-5,120,453,-1,0,0,0
570,290,-5,-5,110,453,-1,0,0,0
565,285,-5,-5,100,453,-1,0,0,0
560,280,-5,-5,90,453,-1,0,0,0
555,275,-5,-5,80,453,-1,0,0,0
550,270,-5,-5,70,453,-1,0,0,0
545,265,-5,-5,60,453,-1,0,0,0
540,260,-5,-5,50,453,-1,0,0,0
535,255,-5,-5,40,453,-1,0,0,0
530,250,-5,-5,30,453,-1,0,0,0
525,245,-5,-5,20,453,-1,0,0,0
520,240,-5,-5,10,453,-1,0,0,0
515,235,-5,-5,10,453,0,0,0,0
510,230,-5,-5,10,453,0,0,0,0
505,225,-5,-5,10,453,0,0,0,0
500,220,-5,-5,10,453,0,0,0,0
495,215,-5,-5,10,453,0,0,0,0
490,210,-5,-5,10,453,0,0,0,0
485,205,-5,-5,10,453,0,0,0,0
480,200,-5,-5,10,453,0,0,0,0
475,195,-5,-5,10,453,0,0,0,0
470,190,-5,-5,10,453,0,0,0,0
465,185,-5,-5,10,453,0,0,0,0
460,180,-5,-5,10,453,0,0,0,0
455,175,-5,-5,20,453,1,0,0,0
450,170,-5,-5,30,453,1,0,0,0
445,165,-5,-5,40,453,1,0,0,0
440,160,-5,-5,50,453,1,0,0,0
435,155,-5,-5,60,453,1,0,0,0
430,150,-5,-5,70,453,1,0,0,0
425,145,-5,-5,80,453,1,0,0,0
420,140,-5,-5,90,453,1,0,0,0
415,135,-5,-5,100,453,1,0,0,0
410,130,-5,-5,110,453,1,0,0,0
405,125,-5,-5,120,453,1,0,0,0
400,120,-5,-5,130,453,1,0,0,0
395,115,-5,-5,140,453,1,0,0,0
390,110,-5,-5,150,453,1,0,0,0
385,105,-5,-5,160,453,1,0,0,0
380,100,-5,-5,170,453,1,0,0,0
375,95,-5,-5,180,453,1,0,0,0
370,90,-5,-5,190,453,1,0,0,0
365,85,-5,-5,200,453,1,0,0,0
360,80,-5,-5,210,453,1,0,0,0
355,75,-5,-5,220,453,1,0,0,0
350,70,-5,-5,230,453,1,0,0,0
345,65,-5,-5,240,453,1,0,0,0
340,60,-5,-5,250,453,1,0,0,0
335,55,-5,-5,260,453,1,0,0,0
330,50,-5,-5,270,453,1,0,0,0
325,45,-5,-5,280,453,1,0,0,0
320,40,-5,-5,290,453,1,0,0,0
315,35,-5,-5,300,453,1,0,0,0
310,30,-5,-5,310,453,1,0,0,0
305,25,-5,-5,320,453,1,0,0,0
300,20,-5,-5,330,453,1,0,0,0
295,15,-5,-5,340,453,1,0,0,0
290,10,-5,5,350,453,1,0,0,0
285,15,-5,5,360,453,1,0,0,0
280,20,-5,5,370,453,1,0,0,0
275,25,-5,5,380,453,1,0,0,0
270,30,-5,5,380,453,0,0,0,0
265,35,-5,5,380,453,0,0,0,0
260,40,-5,5,380,453,0,0,0,0
255,45,-5,5,380,453,0,0,0,0
250,50,-5,5,380,453,0,0,0,0
245,55,-5,5,380,453,0,0,0,0
240,60,-5,5,380,453,0,0,0,0
235,65,-5,5,380,453,0,0,0,0
230,70,-5,5,380,453,0,0,0,0
225,75,-5,5,380,453,0,0,0,0
220,80,-5,5,380,453,0,0,0,0
215,85,-5,5,380,453,0,0,0,0
210,90,-5,5,380,453,0,0,0,0
205,95,-5,5,380,453,0,0,0,0
200,100,-5,5,380,453,0,0,0,0
195,105,-5,5,380,453,0,0,0,0
190,110,-5,5,380,453,0,0,0,0
185,115,-5,5,380,453,0,0,0,0
180,120,-5,5,380,453,0,0,0,0
175,125,-5,5,380,453,0,0,0,0
170,130,-5,5,380,453,0,0,0,0
165,135,-5,5,370,453,-1,0,0,0
160,140,-5,5,360,453,-1,0,0,0
155,145,-5,5,350,453,-1,0,0,0
150,150,-5,5,340,453,-1,0,0,0
145,155,-5,5,330,453,-1,0,0,0
140,160,-5,5,320,453,-1,0,0,0
135,165,-5,5,310,453,-1,0,0,0
130,170,-5,5,300,453,-1,0,0,0
125,175,-5,5,290,453,-1,0,0,0
120,180,-5,5,280,453,-1,0,0,0
115,185,-5,5,270,453,-1,0,0,0
110,190,-5,5,260,453,-1,0,0,0
105,195,-5,5,250,453,-1,0,0,0
100,200,-5,5,240,453,-1,0,0,0
95,205,-5,5,230,453,-1,0,0,0
90,210,-5,5,220,453,-1,0,0,0
85,215,-5,5,210,453,-1,0,0,0
80,220,-5,5,200,453,-1,0,0,0
75,225,-5,5,190,453,-1,0,0,0
70,230,-5,5,180,453,-1,0,0,0
65,235,-5,5,180,453,0,0,0,0
60,240,-5,5,180,453,0,0,0,0
55,245,-5,5,180,453,0,0,0,0
50,250,-5,5,180,453,0,0,0,0
45,255,-5,5,180,453,0,0,0,0
40,260,-5,5,180,453,0,0,0,0
35,265,-5,5,180,453,0,0,0,0
30,270,-5,5,180,453,0,0,0,0
25,275,-5,5,180,453,0,0,0,0
20,280,5,5,180,453,0,0,0,0
25,285,5,5,180,446,0,-1,0,0
30,290,5,5,180,439,0,-1,0,0
35,295,5,5,180,432,0,-1,0,0
40,300,5,5,180,425,0,-1,0,0
45,305,5,5,180,418,0,-1,0,0
50,310,5,5,180,411,0,-1,0,0
55,315,5,5,180,411,0,0,0,0
60,320,5,5,180,404,0,-1,0,0
65,325,5,5,190,397,1,-1,0,0
70,330,5,5,200,390,1,-1,0,0
75,335,5,5,210,383,1,-1,0,0
80,340,5,5,220,376,1,-1,0,0
85,345,5,5,230,369,1,-1,0,0
90,350,5,5,240,362,1,-1,0,0
95,355,5,5,250,362,1,0,0,0
100,360,5,5,260,355,1,-1,0,0
105,365,5,5,270,348,1,-1,0,0
110,370,5,5,280,341,1,-1,0,0
115,375,5,5,290,334,1,-1,0,0
120,380,5,5,300,327,1,-1,0,0
125,385,5,5,310,334,1,1,0,0
130,390,5,5,320,341,1,1,0,0
135,395,5,5,330,334,1,-1,0,0
140,400,5,5,340,341,1,1,0,0
145,405,5,5,350,348,1,1,0,0
150,410,5,5,360,355,1,1,0,0
155,415,5,5,370,362,1,1,0,0
160,420,5,5,380,369,1,1,0,0
165,425,5,5,390,376,1,1,0,0
170,430,5,5,400,369,1,-1,0,0
175,435,5,5,410,376,1,1,0,0
180,440,5,5,420,383,1,1,0,0
185,445,5,5,430,390,1,1,0,0
190,450,5,5,440,397,1,1,0,0
195,455,5,5,450,404,1,1,0,0
200,460,5,5,460,411,1,1,0,0
205,465,5,5,470,404,1,-1,0,0
210,470,5,5,480,411,1,1,0,0
215,475,5,5,490,418,1,1,0,0
220,480,5,5,500,425,1,1,0,0
225,485,5,5,500,432,0,1,0,0
230,490,5,5,500,439,0,1,0,0
235,495,5,5,500,446,0,1,0,0
240,500,5,5,500,439,0,-1,0,0
245,505,5,5,500,446,0,1,0,0
250,510,5,5,500,453,0,1,0,0
255,515,5,5,500,460,0,1,0,0
260,520,5,5,500,467,0,1,0,0
265,525,5,5,500,474,0,1,0,0
270,530,5,5,500,481,0,1,0,0
275,535,5,5,500,474,0,-1,0,0
280,540,5,5,500,481,0,1,0,0
285,545,5,5,500,488,0,1,0,0
290,550,5,5,500,495,0,1,0,0
295,555,5,5,500,502,0,1,0,0
300,560,5,5,500,509,0,1,0,0
305,565,5,5,500,516,0,1,0,0
310,570,5,5,500,509,0,-1,0,0
315,575,5,5,500,516,0,1,0,0
320,580,5,5,500,523,0,1,0,0
325,585,5,5,500,530,0,1,0,0
330,590,5,-5,490,537,-1,1,0,0
335,585,5,-5,480,544,-1,1,0,0
340,580,5,-5,470,537,-1,-1,0,0
345,575,5,-5,460,530,-1,-1,0,0
350,570,5,-5,450,523,-1,-1,0,0
355,565,5,-5,440,516,-1,-1,0,0
360,560,5,-5,430,509,-1,-1,0,0
365,555,5,-5,420,516,-1,1,0,0
370,550,5,-5,410,509,-1,-1,0,0
375,545,5,-5,400,502,-1,-1,0,0
380,540,5,-5,390,495,-1,-1,0,0
385,535,5,-5,380,488,-1,-1,0,0
390,530,5,-5,370,481,-1,-1,0,0
395,525,5,-5,360,474,-1,-1,0,0
400,520,5,-5,350,481,-1,1,0,0
405,515,5,-5,340,474,-1,-1,0,0
410,510,5,-5,330,467,-1,-1,0,0
415,505,5,-5,320,460,-1,-1,0,0
420,500,5,-5,310,453,-1,-1,0,0
425,495,5,-5,300,446,-1,-1,0,0
430,490,5,-5,290,439,-1,-1,0,0
435,485,5,-5,280,446,-1,1,0,0
440,480,5,-5,270,439,-1,-1,0,0
445,475,5,-5,260,432,-1,-1,0,0
450,470,5,-5,250,425,-1,-1,0,0
455,465,5,-5,240,418,-1,-1,0,0
460,460,5,-5,230,411,-1,-1,0,0
465,455,5,-5,220,404,-1,-1,0,0
470,450,5,-5,210,411,-1,1,0,0
475,445,5,-5,200,411,-1,0,0,0
480,440,5,-5,190,404,-1,-1,0,0
485,435,5,-5,180,404,-1,0,0,0
490,430,5,-5,170,397,-1,-1,0,0
495,425,5,-5,160,390,-1,-1,0,0
500,420,5,-5,150,390,-1,0,0,0
505,415,5,-5,140,383,-1,-1,0,0
510,410,5,-5,130,376,-1,-1,0,0
515,405,5,-5,120,369,-1,-1,0,0
520,400,5,-5,110,362,-1,-1,0,0
525,395,5,-5,100,355,-1,-1,0,0
530,390,5,-5,90,348,-1,-1,0,0
535,385,5,-5,80,341,-1,-1,0,0
540,380,5,-5,70,341,-1,0,0,0
545,375,5,-5,60,341,-1,0,0,0
550,370,5,-5,50,334,-1,-1,0,0
555,365,5,-5,40,327,-1,-1,0,0
560,360,5,-5,30,320,-1,-1,0,0
565,355,5,-5,20,313,-1,-1,0,0
570,350,5,-5,10,306,-1,-1,0,0
575,345,5,-5,0,299,-1,-1,0,0
580,340,5,-5,0,292,0,-1,0,0
585,335,5,-5,0,285,0,-1,0,0
590,330,5,-5,0,285,0,0,0,0
595,325,5,-5,0,278,0,-1,0,0
600,320,5,-5,0,271,0,-1,0,0
605,315,5,-5,0,264,0,-1,0,0
610,310,5,-5,0,264,0,0,0,0
615,305,5,-5,0,257,0,-1,0,0
620,300,5,-5,0,250,0,-1,0,0
625,295,5,-5,0,250,0,0,0,0
630,290,5,-5,0,243,0,-1,0,0
635,285,5,-5,0,236,0,-1,0,0
640,280,5,-5,0,236,0,0,0,0
645,275,5,-5,0,236,0,0,0,0
650,270,5,-5,0,229,0,-1,0,0
655,265,5,-5,0,222,0,-1,0,0
660,260,5,-5,0,222,0,0,0,0
665,255,5,-5,0,215,0,-1,0,0
670,250,5,-5,0,208,0,-1,0,0
675,245,5,-5,0,201,0,-1,0,0
680,240,5,-5,0,194,0,-1,0,0
685,235,5,-5,0,187,0,-1,0,0
690,230,5,-5,0,180,0,-1,0,0
695,225,5,-5,0,180,0,0,0,0
700,220,5,-5,0,173,0,-1,0,0
705,215,5,-5,0,166,0,-1,0,0
710,210,5,-5,0,159,0,-1,0,0
715,205,5,-5,0,166,0,1,0,0
720,200,5,-5,0,159,0,-1,0,0
725,195,5,-5,0,152,0,-1,0,0
730,190,5,-5,0,145,0,-1,0,0
735,185,5,-5,0,145,0,0,0,0
740,180,5,-5,0,138,0,-1,0,0
745,175,5,-5,0,131,0,-1,0,0
750,170,5,-5,0,124,0,-1,0,0
755,165,5,-5,0,117,0,-1,0,0
760,160,5,-5,0,110,0,-1,0,0
765,155,5,-5,0,110,0,0,0,0
770,150,5,-5,0,103,0,-1,0,0
775,145,5,-5,0,96,0,-1,0,0
780,140,-5,-5,0,89,0,-1,0,0
775,135,-5,-5,0,89,0,0,0,0
770,130,-5,-5,0,89,0,0,0,0
765,125,-5,-5,0,89,0,0,0,0
760,120,-5,-5,0,89,0,0,0,0
755,115,-5,-5,0,89,0,0,0,0
750,110,-5,-5,0,89,0,0,0,0
745,105,-5,-5,0,89,0,0,0,0
740,100,-5,-5,0,89,0,0,0,0
735,95,-5,-5,0,89,0,0,0,0
730,90,-5,-5,0,89,0,0,0,0
725,85,-5,-5,0,89,0,0,0,0
720,80,-5,-5,0,89,0,0,0,0
715,75,-5,-5,0,89,0,0,0,0
710,70,-5,-5,0,89,0,0,0,0
705,65,-5,-5,0,89,0,0,0,0
700,60,-5,-5,0,89,0,0,0,0
695,55,-5,-5,0,89,0,0,0,0
690,50,-5,-5,0,89,0,0,0,0
685,45,-5,-5,0,89,0,0,0,0
680,40,-5,-5,0,89,0,0,0,0
675,35,-5,-5,0,89,0,0,0,0
670,30,-5,-5,0,89,0,0,0,0
665,25,-5,-5,0,89,0,0,0,0
660,20,-5,-5,0,89,0,0,0,0
655,15,-5,-5,0,89,0,0,0,0
650,10,-5,5,0,89,0,0,0,0
645,15,-5,5,0,89,0,0,0,0
640,20,-5,5,0,89,0,0,0,0
635,25,-5,5,0,89,0,0,0,0
630,30,-5,5,0,89,0,0,0,0
625,35,-5,5,0,89,0,0,0,0
620,40,-5,5,0,89,0,0,0,0
615,45,-5,5,0,89,0,0,0,0
610,50,-5,5,0,89,0,0,0,0
605,55,-5,5,0,89,0,0,0,0
600,60,-5,5,0,89,0,0,0,0
595,65,-5,5,0,89,0,0,0,0
590,70,-5,5,0,89,0,0,0,0
585,75,-5,5,0,89,0,0,0,0
580,80,-5,5,0,89,0,0,0,0
575,85,-5,5,0,89,0,0,0,0
570,90,-5,5,0,89,0,0,0,0
565,95,-5,5,0,89,0,0,0,0
560,100,-5,5,0,89,0,0,0,0
555,105,-5,5,0,89,0,0,0,0
550,110,-5,5,0,89,0,0,0,0
545,115,-5,5,0,89,0,0,0,0
540,120,-5,5,0,89,0,0,0,0
535,125,-5,5,0,89,0,0,0,0
530,130,-5,5,0,89,0,0,0,0
525,135,-5,5,0,89,0,0,0,0
520,140,-5,5,0,89,0,0,0,0
515,145,-5,5,0,89,0,0,0,0
510,150,-5,5,0,89,0,0,0,0
505,155,-5,5,0,89,0,0,0,0
500,160,-5,5,0,89,0,0,0,0
495,165,-5,5,0,89,0,0,0,0
490,170,-5,5,0,89,0,0,0,0
485,175,-5,5,0,89,0,0,0,0
480,180,-5,5,0,89,0,0,0,0
475,185,-5,5,0,89,0,0,0,0
470,190,-5,5,0,89,0,0,0,0
465,195,-5,5,0,89,0,0,0,0
460,200,-5,5,0,89,0,0,0,0
455,205,-5,5,0,89,0,0,0,0
450,210,-5,5,0,89,0,0,0,0
445,215,-5,5,0,89,0,0,0,0
440,220,-5,5,0,89,0,0,0,0
435,225,-5,5,0,89,0,0,0,0
430,230,-5,5,0,89,0,0,0,0
ball_x,ball_y,ball_dx,ball_dy,paddle1_y,paddle2_y,paddle1_action,paddle2_action,score1,score2
395,305,-5,5,250,250,0,0,0,0
390,310,-5,5,250,250,0,0,0,0
385,315,-5,5,250,250,0,0,0,0
380,320,-5,5,250,250,0,0,0,0
375,325,-5,5,250,250,0,0,0,0
370,330,-5,5,250,250,0,0,0,0
365,335,-5,5,250,250,0,0,0,0
360,340,-5,5,250,250,0,0,0,0
355,345,-5,5,250,250,0,0,0,0
350,350,-5,5,250,250,0,0,0,0
345,355,-5,5,250,250,0,0,0,0
340,360,-5,5,250,250,0,0,0,0
335,365,-5,5,250,250,0,0,0,0
330,370,-5,5,250,250,0,0,0,0
325,375,-5,5,250,250,0,0,0,0
320,380,-5,5,250,250,0,0,0,0
315,385,-5,5,250,250,0,0,0,0
310,390,-5,5,250,250,0,0,0,0
305,395,-5,5,250,250,0,0,0,0
300,400,-5,5,250,250,0,0,0,0
295,405,-5,5,250,250,0,0,0,0
290,410,-5,5,250,250,0,0,0,0
285,415,-5,5,250,250,0,0,0,0
280,420,-5,5,250,250,0,0,0,0
275,425,-5,5,250,250,0,0,0,0
270,430,-5,5,250,250,0,0,0,0
265,435,-5,5,250,250,0,0,0,0
260,440,-5,5,250,250,0,0,0,0
255,445,-5,5,250,250,0,0,0,0
250,450,-5,5,250,250,0,0,0,0
245,455,-5,5,250,250,0,0,0,0
240,460,-5,5,240,250,-1,0,0,0
235,465,-5,5,230,250,-1,0,0,0
230,470,-5,5,220,250,-1,0,0,0
225,475,-5,5,210,250,-1,0,0,0
220,480,-5,5,200,250,-1,0,0,0
215,485,-5,5,190,250,-1,0,0,0
210,490,-5,5,180,250,-1,0,0,0
205,495,-5,5,170,250,-1,0,0,0
200,500,-5,5,160,250,-1,0,0,0
195,505,-5,5,150,250,-1,0,0,0
190,510,-5,5,140,250,-1,0,0,0
185,515,-5,5,130,250,-1,0,0,0
180,520,-5,5,120,250,-1,0,0,0
175,525,-5,5,110,250,-1,0,0,0
170,530,-5,5,100,250,-1,0,0,0
165,535,-5,5,90,250,-1,0,0,0
160,540,-5,5,90,250,0,0,0,0
155,545,-5,5,90,250,0,0,0,0
150,550,-5,5,90,250,0,0,0,0
145,555,-5,5,90,250,0,0,0,0
140,560,-5,5,90,250,0,0,0,0
135,565,-5,5,90,250,0,0,0,0
130,570,-5,5,100,250,1,0,0,0
125,575,-5,5,110,250,1,0,0,0
120,580,-5,5,120,250,1,0,0,0
115,585,-5,5,130,250,1,0,0,0
110,590,-5,-5,140,250,1,0,0,0
105,585,-5,-5,150,250,1,0,0,0
100,580,-5,-5,160,250,1,0,0,0
95,575,-5,-5,170,250,1,0,0,0
90,570,-5,-5,180,250,1,0,0,0
85,565,-5,-5,190,250,1,0,0,0
80,560,-5,-5,200,250,1,0,0,0
75,555,-5,-5,210,250,1,0,0,0
70,550,-5,-5,220,250,1,0,0,0
65,545,-5,-5,230,250,1,0,0,0
60,540,-5,-5,240,250,1,0,0,0
55,535,-5,-5,250,250,1,0,0,0
50,530,-5,-5,260,250,1,0,0,0
45,525,-5,-5,270,250,1,0,0,0
40,520,-5,-5,280,250,1,0,0,0
35,515,-5,-5,290,250,1,0,0,0
30,510,-5,-5,300,250,1,0,0,0
25,505,-5,-5,310,250,1,0,0,0
20,500,-5,-5,320,250,1,0,0,0
15,495,-5,-5,330,250,1,0,0,0
10,490,-5,-5,340,250,1,0,0,0
5,485,-5,-5,350,250,1,0,0,0
0,480,-5,-5,360,250,1,0,0,0
400,300,5,-5,370,250,1,0,0,1
405,295,5,-5,380,250,1,0,0,1
410,290,5,-5,390,243,1,-1,0,1
415,285,5,-5,400,243,1,0,0,1
420,280,5,-5,410,236,1,-1,0,1
425,275,5,-5,420,229,1,-1,0,1
430,270,5,-5,430,222,1,-1,0,1
435,265,5,-5,440,215,1,-1,0,1
440,260,5,-5,450,215,1,0,0,1
445,255,5,-5,460,208,1,-1,0,1
450,250,5,-5,470,201,1,-1,0,1
455,245,5,-5,480,194,1,-1,0,1
460,240,5,-5,490,201,1,1,0,1
465,235,5,-5,500,194,1,-1,0,1
470,230,5,-5,500,187,0,-1,0,1
475,225,5,-5,500,187,0,0,0,1
480,220,5,-5,500,180,0,-1,0,1
485,215,5,-5,500,173,0,-1,0,1
490,210,5,-5,500,166,0,-1,0,1
495,205,5,-5,500,166,0,0,0,1
500,200,5,-5,500,159,0,-1,0,1
505,195,5,-5,500,152,0,-1,0,1
510,190,5,-5,500,145,0,-1,0,1
515,185,5,-5,500,138,0,-1,0,1
520,180,5,-5,500,131,0,-1,0,1
525,175,5,-5,500,131,0,0,0,1
530,170,5,-5,500,124,0,-1,0,1
535,165,5,-5,500,117,0,-1,0,1
540,160,5,-5,500,110,0,-1,0,1
545,155,5,-5,500,110,0,0,0,1
550,150,5,-5,500,103,0,-1,0,1
555,145,5,-5,500,96,0,-1,0,1
560,140,5,-5,500,89,0,-1,0,1
565,135,5,-5,500,96,0,1,0,1
570,130,5,-5,500,89,0,-1,0,1
575,125,5,-5,500,82,0,-1,0,1
580,120,5,-5,500,75,0,-1,0,1
585,115,5,-5,490,68,-1,-1,0,1
590,110,5,-5,480,61,-1,-1,0,1
595,105,5,-5,470,54,-1,-1,0,1
600,100,5,-5,460,61,-1,1,0,1
605,95,5,-5,450,54,-1,-1,0,1
610,90,5,-5,440,47,-1,-1,0,1
615,85,5,-5,430,40,-1,-1,0,1
620,80,5,-5,420,33,-1,-1,0,1
625,75,5,-5,410,26,-1,-1,0,1
630,70,5,-5,400,19,-1,-1,0,1
635,65,5,-5,390,26,-1,1,0,1
640,60,5,-5,380,19,-1,-1,0,1
645,55,5,-5,370,19,-1,0,0,1
650,50,5,-5,360,12,-1,-1,0,1
655,45,5,-5,350,5,-1,-1,0,1
660,40,5,-5,340,-2,-1,-1,0,1
665,35,5,-5,330,-9,-1,-1,0,1
670,30,5,-5,320,-9,-1,0,0,1
675,25,5,-5,310,-16,-1,-1,0,1
680,20,5,-5,300,-16,-1,0,0,1
685,15,5,-5,290,-23,-1,-1,0,1
690,10,5,5,280,-30,-1,-1,0,1
695,15,5,5,270,-37,-1,-1,0,1
700,20,5,5,260,-30,-1,1,0,1
705,25,5,5,250,-30,-1,0,0,1
710,30,5,5,240,-23,-1,1,0,1
715,35,5,5,230,-16,-1,1,0,1
720,40,5,5,220,-9,-1,1,0,1
725,45,5,5,220,-16,0,-1,0,1
730,50,5,5,220,-9,0,1,0,1
735,55,5,5,220,-2,0,1,0,1
740,60,5,5,220,5,0,1,0,1
745,65,5,5,220,12,0,1,0,1
750,70,5,5,220,19,0,1,0,1
755,75,5,5,220,26,0,1,0,1
760,80,5,5,220,19,0,-1,0,1
765,85,5,5,220,19,0,0,0,1
770,90,5,5,220,26,0,1,0,1
775,95,5,5,220,33,0,1,0,1
780,100,-5,5,220,40,0,1,0,1
775,105,-5,5,220,40,0,0,0,1
770,110,-5,5,220,40,0,0,0,1
765,115,-5,5,220,40,0,0,0,1
760,120,-5,5,220,40,0,0,0,1
755,125,-5,5,230,40,1,0,0,1
750,130,-5,5,240,40,1,0,0,1
745,135,-5,5,250,40,1,0,0,1
740,140,-5,5,260,40,1,0,0,1
735,145,-5,5,270,40,1,0,0,1
730,150,-5,5,280,40,1,0,0,1
725,155,-5,5,290,40,1,0,0,1
720,160,-5,5,300,40,1,0,0,1
715,165,-5,5,310,40,1,0,0,1
710,170,-5,5,320,40,1,0,0,1
705,175,-5,5,330,40,1,0,0,1
700,180,-5,5,340,40,1,0,0,1
695,185,-5,5,350,40,1,0,0,1
690,190,-5,5,360,40,1,0,0,1
685,195,-5,5,370,40,1,0,0,1
680,200,-5,5,380,40,1,0,0,1
675,205,-5,5,390,40,1,0,0,1
670,210,-5,5,400,40,1,0,0,1
665,215,-5,5,410,40,1,0,0,1
660,220,-5,5,420,40,1,0,0,1
655,225,-5,5,430,40,1,0,0,1
650,230,-5,5,440,40,1,0,0,1
645,235,-5,5,450,40,1,0,0,1
640,240,-5,5,460,40,1,0,0,1
635,245,-5,5,470,40,1,0,0,1
630,250,-5,5,480,40,1,0,0,1
625,255,-5,5,490,40,1,0,0,1
620,260,-5,5,500,40,1,0,0,1
615,265,-5,5,500,40,0,0,0,1
610,270,-5,5,500,40,0,0,0,1
605,275,-5,5,500,40,0,0,0,1
600,280,-5,5,500,40,0,0,0,1
595,285,-5,5,500,40,0,0,0,1
590,290,-5,5,500,40,0,0,0,1
585,295,-5,5,500,40,0,0,0,1
580,300,-5,5,500,40,0,0,0,1
575,305,-5,5,500,40,0,0,0,1
570,310,-5,5,500,40,0,0,0,1
565,315,-5,5,500,40,0,0,0,1
560,320,-5,5,500,40,0,0,0,1
555,325,-5,5,500,40,0,0,0,1
550,330,-5,5,500,40,0,0,0,1
545,335,-5,5,500,40,0,0,0,1
540,340,-5,5,500,40,0,0,0,1
535,345,-5,5,500,40,0,0,0,1
530,350,-5,5,500,40,0,0,0,1
525,355,-5,5,500,40,0,0,0,1
520,360,-5,5,490,40,-1,0,0,1
515,365,-5,5,480,40,-1,0,0,1
510,370,-5,5,470,40,-1,0,0,1
505,375,-5,5,460,40,-1,0,0,1
500,380,-5,5,450,40,-1,0,0,1
495,385,-5,5,440,40,-1,0,0,1
490,390,-5,5,430,40,-1,0,0,1
485,395,-5,5,420,40,-1,0,0,1
480,400,-5,5,410,40,-1,0,0,1
475,405,-5,5,400,40,-1,0,0,1
470,410,-5,5,390,40,-1,0,0,1
465,415,-5,5,380,40,-1,0,0,1
460,420,-5,5,370,40,-1,0,0,1
455,425,-5,5,360,40,-1,0,0,1
450,430,-5,5,350,40,-1,0,0,1
445,435,-5,5,340,40,-1,0,0,1
440,440,-5,5,340,40,0,0,0,1
435,445,-5,5,340,40,0,0,0,1
430,450,-5,5,340,40,0,0,0,1
425,455,-5,5,340,40,0,0,0,1
420,460,-5,5,340,40,0,0,0,1
415,465,-5,5,340,40,0,0,0,1
410,470,-5,5,340,40,0,0,0,1
405,475,-5,5,340,40,0,0,0,1
400,480,-5,5,340,40,0,0,0,1
395,485,-5,5,340,40,0,0,0,1
390,490,-5,5,340,40,0,0,0,1
385,495,-5,5,340,40,0,0,0,1
380,500,-5,5,340,40,0,0,0,1
375,505,-5,5,350,40,1,0,0,1
370,510,-5,5,360,40,1,0,0,1
365,515,-5,5,370,40,1,0,0,1
360,520,-5,5,380,40,1,0,0,1
355,525,-5,5,390,40,1,0,0,1
350,530,-5,5,400,40,1,0,0,1
345,535,-5,5,410,40,1,0,0,1
340,540,-5,5,420,40,1,0,0,1
335,545,-5,5,430,40,1,0,0,1
330,550,-5,5,440,40,1,0,0,1
325,555,-5,5,450,40,1,0,0,1
320,560,-5,5,460,40,1,0,0,1
315,565,-5,5,470,40,1,0,0,1
310,570,-5,5,480,40,1,0,0,1
305,575,-5,5,490,40,1,0,0,1
300,580,-5,5,490,40,0,0,0,1
295,585,-5,5,490,40,0,0,0,1
290,590,-5,-5,490,40,0,0,0,1
285,585,-5,-5,490,40,0,0,0,1
280,580,-5,-5,490,40,0,0,0,1
275,575,-5,-5,490,40,0,0,0,1
270,570,-5,-5,490,40,0,0,0,1
265,565,-5,-5,490,40,0,0,0,1
260,560,-5,-5,490,40,0,0,0,1
255,555,-5,-5,490,40,0,0,0,1
250,550,-5,-5,490,40,0,0,0,1
245,545,-5,-5,490,40,0,0,0,1
240,540,-5,-5,490,40,0,0,0,1
235,535,-5,-5,490,40,0,0,0,1
230,530,-5,-5,490,40,0,0,0,1
225,525,-5,-5,490,40,0,0,0,1
220,520,-5,-5,490,40,0,0,0,1
215,515,-5,-5,490,40,0,0,0,1
210,510,-5,-5,490,40,0,0,0,1
205,505,-5,-5,490,40,0,0,0,1
200,500,-5,-5,490,40,0,0,0,1
195,495,-5,-5,490,40,0,0,0,1
190,490,-5,-5,490,40,0,0,0,1
185,485,-5,-5,480,40,-1,0,0,1
180,480,-5,-5,470,40,-1,0,0,1
175,475,-5,-5,460,40,-1,0,0,1
170,470,-5,-5,450,40,-1,0,0,1
165,465,-5,-5,440,40,-1,0,0,1
160,460,-5,-5,430,40,-1,0,0,1
155,455,-5,-5,420,40,-1,0,0,1
150,450,-5,-5,410,40,-1,0,0,1
145,445,-5,-5,400,40,-1,0,0,1
140,440,-5,-5,390,40,-1,0,0,1
135,435,-5,-5,380,40,-1,0,0,1
130,430,-5,-5,370,40,-1,0,0,1
125,425,-5,-5,360,40,-1,0,0,1
120,420,-5,-5,350,40,-1,0,0,1
115,415,-5,-5,340,40,-1,0,0,1
110,410,-5,-5,330,40,-1,0,0,1
105,405,-5,-5,320,40,-1,0,0,1
100,400,-5,-5,310,40,-1,0,0,1
95,395,-5,-5,310,40,0,0,0,1
90,390,-5,-5,310,40,0,0,0,1
85,385,-5,-5,310,40,0,0,0,1
80,380,-5,-5,310,40,0,0,0,1
75,375,-5,-5,310,40,0,0,0,1
70,370,-5,-5,310,40,0,0,0,1
65,365,-5,-5,310,40,0,0,0,1
60,360,-5,-5,310,40,0,0,0,1
55,355,-5,-5,310,40,0,0,0,1
50,350,-5,-5,310,40,0,0,0,1
45,345,-5,-5,310,40,0,0,0,1
40,340,-5,-5,310,40,0,0,0,1
35,335,-5,-5,310,40,0,0,0,1
30,330,-5,-5,310,40,0,0,0,1
25,325,-5,-5,310,40,0,0,0,1
20,320,5,-5,310,40,0,0,0,1
25,315,5,-5,310,47,0,1,0,1
30,310,5,-5,310,54,0,1,0,1
35,305,5,-5,310,61,0,1,0,1
40,300,5,-5,310,68,0,1,0,1
45,295,5,-5,300,75,-1,1,0,1
50,290,5,-5,290,82,-1,1,0,1
55,285,5,-5,280,89,-1,1,0,1
60,280,5,-5,270,89,-1,0,0,1
65,275,5,-5,260,96,-1,1,0,1
70,270,5,-5,250,103,-1,1,0,1
75,265,5,-5,240,110,-1,1,0,1
80,260,5,-5,230,117,-1,1,0,1
85,255,5,-5,220,124,-1,1,0,1
90,250,5,-5,210,131,-1,1,0,1
95,245,5,-5,200,138,-1,1,0,1
100,240,5,-5,190,145,-1,1,0,1
105,235,5,-5,180,152,-1,1,0,1
110,230,5,-5,170,159,-1,1,0,1
115,225,5,-5,160,166,-1,1,0,1
120,220,5,-5,150,173,-1,1,0,1
125,215,5,-5,140,166,-1,-1,0,1
130,210,5,-5,130,159,-1,-1,0,1
135,205,5,-5,120,166,-1,1,0,1
140,200,5,-5,110,159,-1,-1,0,1
145,195,5,-5,100,152,-1,-1,0,1
150,190,5,-5,90,145,-1,-1,0,1
155,185,5,-5,80,138,-1,-1,0,1
160,180,5,-5,70,131,-1,-1,0,1
165,175,5,-5,60,124,-1,-1,0,1
170,170,5,-5,50,131,-1,1,0,1
175,165,5,-5,40,131,-1,0,0,1
180,160,5,-5,30,131,-1,0,0,1
185,155,5,-5,20,124,-1,-1,0,1
190,150,5,-5,10,117,-1,-1,0,1
195,145,5,-5,0,110,-1,-1,0,1
200,140,5,-5,0,103,0,-1,0,1
205,135,5,-5,0,96,0,-1,0,1
210,130,5,-5,0,89,0,-1,0,1
215,125,5,-5,0,82,0,-1,0,1
220,120,5,-5,0,75,0,-1,0,1
225,115,5,-5,0,68,0,-1,0,1
230,110,5,-5,0,61,0,-1,0,1
235,105,5,-5,0,54,0,-1,0,1
240,100,5,-5,0,61,0,1,0,1
245,95,5,-5,0,54,0,-1,0,1
250,90,5,-5,0,47,0,-1,0,1
255,85,5,-5,0,40,0,-1,0,1
260,80,5,-5,0,33,0,-1,0,1
265,75,5,-5,0,26,0,-1,0,1
270,70,5,-5,0,19,0,-1,0,1
275,65,5,-5,0,26,0,1,0,1
280,60,5,-5,0,19,0,-1,0,1
285,55,5,-5,0,12,0,-1,0,1
290,50,5,-5,0,5,0,-1,0,1
295,45,5,-5,10,-2,1,-1,0,1
300,40,5,-5,20,-9,1,-1,0,1
305,35,5,-5,30,-16,1,-1,0,1
310,30,5,-5,40,-9,1,1,0,1
315,25,5,-5,50,-16,1,-1,0,1
320,20,5,-5,60,-23,1,-1,0,1
325,15,5,-5,70,-30,1,-1,0,1
330,10,5,5,80,-37,1,-1,0,1
335,15,5,5,90,-37,1,0,0,1
340,20,5,5,100,-30,1,1,0,1
345,25,5,5,110,-30,1,0,0,1
350,30,5,5,120,-23,1,1,0,1
355,35,5,5,130,-16,1,1,0,1
360,40,5,5,140,-16,1,0,0,1
365,45,5,5,150,-9,1,1,0,1
370,50,5,5,160,-2,1,1,0,1
375,55,5,5,170,5,1,1,0,1
380,60,5,5,180,5,1,0,0,1
385,65,5,5,190,12,1,1,0,1
390,70,5,5,200,19,1,1,0,1
395,75,5,5,210,26,1,1,0,1
400,80,5,5,220,19,1,-1,0,1
405,85,5,5,230,26,1,1,0,1
410,90,5,5,240,33,1,1,0,1
415,95,5,5,250,40,1,1,0,1
420,100,5,5,260,47,1,1,0,1
425,105,5,5,270,54,1,1,0,1
430,110,5,5,280,61,1,1,0,1
435,115,5,5,290,54,1,-1,0,1
440,120,5,5,300,61,1,1,0,1
445,125,5,5,310,68,1,1,0,1
450,130,5,5,320,75,1,1,0,1
455,135,5,5,330,82,1,1,0,1
460,140,5,5,340,89,1,1,0,1
465,145,5,5,350,96,1,1,0,1
470,150,5,5,360,89,1,-1,0,1
475,155,5,5,370,96,1,1,0,1
480,160,5,5,380,103,1,1,0,1
485,165,5,5,390,110,1,1,0,1
490,170,5,5,400,117,1,1,0,1
495,175,5,5,410,124,1,1,0,1
500,180,5,5,420,131,1,1,0,1
505,185,5,5,430,131,1,0,0,1
510,190,5,5,440,138,1,1,0,1
515,195,5,5,450,145,1,1,0,1
520,200,5,5,460,145,1,0,0,1
525,205,5,5,470,145,1,0,0,1
530,210,5,5,480,152,1,1,0,1
535,215,5,5,490,159,1,1,0,1
540,220,5,5,500,166,1,1,0,1
545,225,5,5,500,173,0,1,0,1
550,230,5,5,500,180,0,1,0,1
555,235,5,5,500,180,0,0,0,1
560,240,5,5,500,187,0,1,0,1
565,245,5,5,500,194,0,1,0,1
570,250,5,5,500,201,0,1,0,1
575,255,5,5,500,194,0,-1,0,1
580,260,5,5,500,201,0,1,0,1
585,265,5,5,500,208,0,1,0,1
590,270,5,5,500,215,0,1,0,1
595,275,5,5,500,222,0,1,0,1
600,280,5,5,500,229,0,1,0,1
605,285,5,5,500,236,0,1,0,1
610,290,5,5,500,229,0,-1,0,1
615,295,5,5,500,236,0,1,0,1
620,300,5,5,500,243,0,1,0,1
625,305,5,5,500,250,0,1,0,1
630,310,5,5,500,257,0,1,0,1
635,315,5,5,500,264,0,1,0,1
640,320,5,5,500,271,0,1,0,1
645,325,5,5,500,264,0,-1,0,1
650,330,5,5,500,271,0,1,0,1
655,335,5,5,500,278,0,1,0,1
660,340,5,5,500,285,0,1,0,1
665,345,5,5,500,292,0,1,0,1
670,350,5,5,500,299,0,1,0,1
675,355,5,5,500,306,0,1,0,1
680,360,5,5,500,299,0,-1,0,1
685,365,5,5,500,306,0,1,0,1
690,370,5,5,500,313,0,1,0,1
695,375,5,5,500,313,0,0,0,1
700,380,5,5,500,320,0,1,0,1
705,385,5,5,500,327,0,1,0,1
710,390,5,5,500,334,0,1,0,1
715,395,5,5,500,341,0,1,0,1
720,400,5,5,500,348,0,1,0,1
725,405,5,5,490,355,-1,1,0,1
730,410,5,5,480,355,-1,0,0,1
735,415,5,5,470,355,-1,0,0,1
740,420,5,5,460,362,-1,1,0,1
745,425,5,5,450,369,-1,1,0,1
750,430,5,5,440,376,-1,1,0,1
755,435,5,5,430,376,-1,0,0,1
760,440,5,5,420,383,-1,1,0,1
765,445,5,5,410,390,-1,1,0,1
770,450,5,5,400,397,-1,1,0,1
775,455,5,5,390,404,-1,1,0,1
780,460,-5,5,380,411,-1,1,0,1
775,465,-5,5,370,411,-1,0,0,1
770,470,-5,5,360,411,-1,0,0,1
765,475,-5,5,350,411,-1,0,0,1
760,480,-5,5,340,411,-1,0,0,1
755,485,-5,5,330,411,-1,0,0,1
750,490,-5,5,320,411,-1,0,0,1
745,495,-5,5,310,411,-1,0,0,1
740,500,-5,5,300,411,-1,0,0,1
735,505,-5,5,290,411,-1,0,0,1
730,510,-5,5,280,411,-1,0,0,1
725,515,-5,5,270,411,-1,0,0,1
720,520,-5,5,260,411,-1,0,0,1
715,525,-5,5,250,411,-1,0,0,1
710,530,-5,5,240,411,-1,0,0,1
705,535,-5,5,230,411,-1,0,0,1
700,540,-5,5,220,411,-1,0,0,1
695,545,-5,5,210,411,-1,0,0,1
690,550,-5,5,200,411,-1,0,0,1
685,555,-5,5,190,411,-1,0,0,1
680,560,-5,5,180,411,-1,0,0,1
675,565,-5,5,170,411,-1,0,0,1
670,570,-5,5,160,411,-1,0,0,1
665,575,-5,5,150,411,-1,0,0,1
660,580,-5,5,140,411,-1,0,0,1
655,585,-5,5,130,411,-1,0,0,1
650,590,-5,-5,120,411,-1,0,0,1
645,585,-5,-5,110,411,-1,0,0,1
640,580,-5,-5,100,411,-1,0,0,1
635,575,-5,-5,90,411,-1,0,0,1
630,570,-5,-5,80,411,-1,0,0,1
625,565,-5,-5,70,411,-1,0,0,1
620,560,-5,-5,60,411,-1,0,0,1
615,555,-5,-5,50,411,-1,0,0,1
610,550,-5,-5,40,411,-1,0,0,1
605,545,-5,-5,30,411,-1,0,0,1
600,540,-5,-5,20,411,-1,0,0,1
595,535,-5,-5,20,411,0,0,0,1
590,530,-5,-5,20,411,0,0,0,1
585,525,-5,-5,20,411,0,0,0,1
580,520,-5,-5,20,411,0,0,0,1
575,515,-5,-5,20,411,0,0,0,1
570,510,-5,-5,20,411,0,0,0,1
565,505,-5,-5,20,411,0,0,0,1
560,500,-5,-5,20,411,0,0,0,1
555,495,-5,-5,20,411,0,0,0,1
550,490,-5,-5,20,411,0,0,0,1
545,485,-5,-5,20,411,0,0,0,1
540,480,-5,-5,20,411,0,0,0,1
535,475,-5,-5,20,411,0,0,0,1
530,470,-5,-5,30,411,1,0,0,1
525,465,-5,-5,40,411,1,0,0,1
520,460,-5,-5,50,411,1,0,0,1
515,455,-5,-5,60,411,1,0,0,1
510,450,-5,-5,70,411,1,0,0,1
505,445,-5,-5,80,411,1,0,0,1
500,440,-5,-5,90,411,1,0,0,1
495,435,-5,-5,100,411,1,0,0,1
490,430,-5,-5,110,411,1,0,0,1
485,425,-5,-5,120,411,1,0,0,1
480,420,-5,-5,130,411,1,0,0,1
475,415,-5,-5,140,411,1,0,0,1
470,410,-5,-5,150,411,1,0,0,1
465,405,-5,-5,160,411,1,0,0,1
460,400,-5,-5,170,411,1,0,0,1
455,395,-5,-5,180,411,1,0,0,1
450,390,-5,-5,180,411,0,0,0,1
445,385,-5,-5,180,411,0,0,0,1
440,380,-5,-5,180,411,0,0,0,1
435,375,-5,-5,180,411,0,0,0,1
430,370,-5,-5,180,411,0,0,0,1
425,365,-5,-5,180,411,0,0,0,1
420,360,-5,-5,180,411,0,0,0,1
415,355,-5,-5,180,411,0,0,0,1
410,350,-5,-5,180,411,0,0,0,1
405,345,-5,-5,180,411,0,0,0,1
400,340,-5,-5,180,411,0,0,0,1
395,335,-5,-5,180,411,0,0,0,1
390,330,-5,-5,180,411,0,0,0,1
385,325,-5,-5,180,411,0,0,0,1
380,320,-5,-5,180,411,0,0,0,1
375,315,-5,-5,170,411,-1,0,0,1
370,310,-5,-5,160,411,-1,0,0,1
365,305,-5,-5,150,411,-1,0,0,1
360,300,-5,-5,140,411,-1,0,0,1
355,295,-5,-5,130,411,-1,0,0,1
350,290,-5,-5,120,411,-1,0,0,1
345,285,-5,-5,110,411,-1,0,0,1
340,280,-5,-5,100,411,-1,0,0,1
335,275,-5,-5,90,411,-1,0,0,1
330,270,-5,-5,80,411,-1,0,0,1
325,265,-5,-5,70,411,-1,0,0,1
320,260,-5,-5,60,411,-1,0,0,1
315,255,-5,-5,50,411,-1,0,0,1
310,250,-5,-5,50,411,0,0,0,1
305,245,-5,-5,50,411,0,0,0,1
300,240,-5,-5,50,411,0,0,0,1
295,235,-5,-5,50,411,0,0,0,1
290,230,-5,-5,50,411,0,0,0,1
285,225,-5,-5,50,411,0,0,0,1
280,220,-5,-5,50,411,0,0,0,1
275,215,-5,-5,50,411,0,0,0,1
270,210,-5,-5,50,411,0,0,0,1
265,205,-5,-5,50,411,0,0,0,1
260,200,-5,-5,50,411,0,0,0,1
255,195,-5,-5,50,411,0,0,0,1
250,190,-5,-5,50,411,0,0,0,1
245,185,-5,-5,50,411,0,0,0,1
240,180,-5,-5,50,411,0,0,0,1
235,175,-5,-5,50,411,0,0,0,1
230,170,-5,-5,50,411,0,0,0,1
225,165,-5,-5,50,411,0,0,0,1
220,160,-5,-5,50,411,0,0,0,1
215,155,-5,-5,50,411,0,0,0,1
210,150,-5,-5,50,411,0,0,0,1
205,145,-5,-5,50,411,0,0,0,1
200,140,-5,-5,50,411,0,0,0,1
195,135,-5,-5,50,411,0,0,0,1
190,130,-5,-5,50,411,0,0,0,1
185,125,-5,-5,50,411,0,0,0,1
180,120,-5,-5,50,411,0,0,0,1
175,115,-5,-5,50,411,0,0,0,1
170,110,-5,-5,50,411,0,0,0,1
165,105,-5,-5,50,411,0,0,0,1
160,100,-5,-5,40,411,-1,0,0,1
155,95,-5,-5,30,411,-1,0,0,1
150,90,-5,-5,20,411,-1,0,0,1
145,85,-5,-5,10,411,-1,0,0,1
140,80,-5,-5,0,411,-1,0,0,1
135,75,-5,-5,0,411,0,0,0,1
130,70,-5,-5,0,411,0,0,0,1
125,65,-5,-5,0,411,0,0,0,1
120,60,-5,-5,0,411,0,0,0,1
115,55,-5,-5,0,411,0,0,0,1
110,50,-5,-5,0,411,0,0,0,1
105,45,-5,-5,0,411,0,0,0,1
100,40,-5,-5,0,411,0,0,0,1
95,35,-5,-5,0,411,0,0,0,1
90,30,-5,-5,0,411,0,0,0,1
85,25,-5,-5,0,411,0,0,0,1
80,20,-5,-5,0,411,0,0,0,1
75,15,-5,-5,0,411,0,0,0,1
70,10,-5,5,0,411,0,0,0,1
65,15,-5,5,0,411,0,0,0,1
60,20,-5,5,0,411,0,0,0,1
55,25,-5,5,0,411,0,0,0,1
50,30,-5,5,0,411,0,0,0,1
45,35,-5,5,0,411,0,0,0,1
40,40,-5,5,0,411,0,0,0,1
35,45,-5,5,0,411,0,0,0,1
30,50,-5,5,0,411,0,0,0,1
25,55,-5,5,0,411,0,0,0,1
20,60,5,5,0,411,0,0,0,1
25,65,5,5,0,404,0,-1,0,1
30,70,5,5,0,397,0,-1,0,1
35,75,5,5,0,390,0,-1,0,1
40,80,5,5,0,390,0,0,0,1
45,85,5,5,0,383,0,-1,0,1
50,90,5,5,0,376,0,-1,0,1
55,95,5,5,0,369,0,-1,0,1
60,100,5,5,10,362,1,-1,0,1
65,105,5,5,20,355,1,-1,0,1
70,110,5,5,30,348,1,-1,0,1
75,115,5,5,40,348,1,0,0,1
80,120,5,5,50,341,1,-1,0,1
85,125,5,5,60,334,1,-1,0,1
90,130,5,5,70,327,1,-1,0,1
95,135,5,5,80,320,1,-1,0,1
100,140,5,5,90,313,1,-1,0,1
105,145,5,5,100,306,1,-1,0,1
110,150,5,5,110,299,1,-1,0,1
115,155,5,5,120,292,1,-1,0,1
120,160,5,5,130,285,1,-1,0,1
125,165,5,5,140,278,1,-1,0,1
130,170,5,5,150,271,1,-1,0,1
135,175,5,5,160,264,1,-1,0,1
140,180,5,5,170,257,1,-1,0,1
145,185,5,5,180,250,1,-1,0,1
150,190,5,5,190,243,1,-1,0,1
155,195,5,5,200,236,1,-1,0,1
160,200,5,5,210,229,1,-1,0,1
165,205,5,5,220,222,1,-1,0,1
170,210,5,5,230,215,1,-1,0,1
175,215,5,5,240,208,1,-1,0,1
180,220,5,5,250,201,1,-1,0,1
185,225,5,5,260,194,1,-1,0,1
190,230,5,5,270,187,1,-1,0,1
195,235,5,5,280,180,1,-1,0,1
200,240,5,5,290,187,1,1,0,1
205,245,5,5,300,194,1,1,0,1
210,250,5,5,310,201,1,1,0,1
215,255,5,5,320,194,1,-1,0,1
220,260,5,5,330,201,1,1,0,1
225,265,5,5,340,208,1,1,0,1
230,270,5,5,350,215,1,1,0,1
235,275,5,5,360,222,1,1,0,1
240,280,5,5,370,222,1,0,0,1
245,285,5,5,380,229,1,1,0,1
250,290,5,5,390,229,1,0,0,1
255,295,5,5,400,236,1,1,0,1
260,300,5,5,410,243,1,1,0,1
265,305,5,5,420,250,1,1,0,1
270,310,5,5,430,257,1,1,0,1
275,315,5,5,440,264,1,1,0,1
280,320,5,5,450,271,1,1,0,1
285,325,5,5,460,264,1,-1,0,1
290,330,5,5,470,271,1,1,0,1
295,335,5,5,480,278,1,1,0,1
300,340,5,5,490,285,1,1,0,1
305,345,5,5,500,292,1,1,0,1
310,350,5,5,500,299,0,1,0,1
315,355,5,5,500,306,0,1,0,1
320,360,5,5,500,299,0,-1,0,1
325,365,5,5,500,306,0,1,0,1
330,370,5,5,500,313,0,1,0,1
335,375,5,5,500,320,0,1,0,1
340,380,5,5,500,327,0,1,0,1
345,385,5,5,500,334,0,1,0,1
350,390,5,5,500,341,0,1,0,1
355,395,5,5,500,341,0,0,0,1
360,400,5,5,500,341,0,0,0,1
365,405,5,5,500,348,0,1,0,1
370,410,5,5,500,355,0,1,0,1
375,415,5,5,500,362,0,1,0,1
380,420,5,5,500,369,0,1,0,1
385,425,5,5,500,376,0,1,0,1
390,430,5,5,500,369,0,-1,0,1
395,435,5,5,500,376,0,1,0,1
400,440,5,5,500,383,0,1,0,1
405,445,5,5,500,390,0,1,0,1
410,450,5,5,500,397,0,1,0,1
415,455,5,5,500,404,0,1,0,1
420,460,5,5,500,411,0,1,0,1
425,465,5,5,500,404,0,-1,0,1
430,470,5,5,490,411,-1,1,0,1
435,475,5,5,480,418,-1,1,0,1
440,480,5,5,470,425,-1,1,0,1
445,485,5,5,460,432,-1,1,0,1
450,490,5,5,450,432,-1,0,0,1
455,495,5,5,440,439,-1,1,0,1
460,500,5,5,430,446,-1,1,0,1
465,505,5,5,420,453,-1,1,0,1
470,510,5,5,410,460,-1,1,0,1
475,515,5,5,400,460,-1,0,0,1
480,520,5,5,390,467,-1,1,0,1
485,525,5,5,380,474,-1,1,0,1
490,530,5,5,370,481,-1,1,0,1
495,535,5,5,360,474,-1,-1,0,1
500,540,5,5,350,474,-1,0,0,1
505,545,5,5,340,474,-1,0,0,1
510,550,5,5,330,481,-1,1,0,1
515,555,5,5,320,488,-1,1,0,1
520,560,5,5,310,495,-1,1,0,1
525,565,5,5,300,502,-1,1,0,1
530,570,5,5,290,502,-1,0,0,1
535,575,5,5,280,509,-1,1,0,1
540,580,5,5,270,516,-1,1,0,1
545,585,5,5,260,523,-1,1,0,1
550,590,5,-5,250,530,-1,1,0,1
555,585,5,-5,240,537,-1,1,0,1
560,580,5,-5,230,530,-1,-1,0,1
565,575,5,-5,220,530,-1,0,0,1
570,570,5,-5,210,523,-1,-1,0,1
575,565,5,-5,200,516,-1,-1,0,1
580,560,5,-5,190,509,-1,-1,0,1
585,555,5,-5,180,509,-1,0,0,1
590,550,5,-5,170,509,-1,0,0,1
595,545,5,-5,160,502,-1,-1,0,1
600,540,5,-5,150,495,-1,-1,0,1
605,535,5,-5,140,488,-1,-1,0,1
610,530,5,-5,130,481,-1,-1,0,1
615,525,5,-5,120,474,-1,-1,0,1
620,520,5,-5,110,481,-1,1,0,1
625,515,5,-5,100,474,-1,-1,0,1
630,510,5,-5,90,467,-1,-1,0,1
635,505,5,-5,80,460,-1,-1,0,1
640,500,5,-5,70,453,-1,-1,0,1
645,495,5,-5,60,446,-1,-1,0,1
650,490,5,-5,50,439,-1,-1,0,1
655,485,5,-5,50,446,0,1,0,1
660,480,5,-5,50,446,0,0,0,1
665,475,5,-5,50,439,0,-1,0,1
670,470,5,-5,50,432,0,-1,0,1
675,465,5,-5,50,432,0,0,0,1
680,460,5,-5,50,425,0,-1,0,1
685,455,5,-5,50,418,0,-1,0,1
690,450,5,-5,50,411,0,-1,0,1
695,445,5,-5,50,404,0,-1,0,1
700,440,5,-5,50,404,0,0,0,1
705,435,5,-5,50,397,0,-1,0,1
710,430,5,-5,50,390,0,-1,0,1
715,425,5,-5,50,383,0,-1,0,1
720,420,5,-5,50,376,0,-1,0,1
725,415,5,-5,50,369,0,-1,0,1
730,410,5,-5,50,362,0,-1,0,1
735,405,5,-5,50,355,0,-1,0,1
740,400,5,-5,50,355,0,0,0,1
745,395,5,-5,50,348,0,-1,0,1
750,390,5,-5,50,348,0,0,0,1
755,385,5,-5,50,341,0,-1,0,1
760,380,5,-5,50,334,0,-1,0,1
765,375,5,-5,50,327,0,-1,0,1
770,370,5,-5,50,320,0,-1,0,1
775,365,5,-5,50,320,0,0,0,1
780,360,-5,-5,50,313,0,-1,0,1
775,355,-5,-5,50,313,0,0,0,1
770,350,-5,-5,50,313,0,0,0,1
765,345,-5,-5,50,313,0,0,0,1
760,340,-5,-5,50,313,0,0,0,1
755,335,-5,-5,50,313,0,0,0,1
750,330,-5,-5,50,313,0,0,0,1
745,325,-5,-5,50,313,0,0,0,1
740,320,-5,-5,50,313,0,0,0,1
735,315,-5,-5,50,313,0,0,0,1
730,310,-5,-5,50,313,0,0,0,1
725,305,-5,-5,50,313,0,0,0,1
720,300,-5,-5,50,313,0,0,0,1
715,295,-5,-5,50,313,0,0,0,1
710,290,-5,-5,50,313,0,0,0,1
705,285,-5,-5,50,313,0,0,0,1
700,280,-5,-5,50,313,0,0,0,1
695,275,-5,-5,50,313,0,0,0,1
690,270,-5,-5,50,313,0,0,0,1
685,265,-5,-5,50,313,0,0,0,1
680,260,-5,-5,50,313,0,0,0,1
675,255,-5,-5,50,313,0,0,0,1
670,250,-5,-5,50,313,0,0,0,1
665,245,-5,-5,50,313,0,0,0,1
660,240,-5,-5,50,313,0,0,0,1
655,235,-5,-5,50,313,0,0,0,1
650,230,-5,-5,50,313,0,0,0,1
645,225,-5,-5,50,313,0,0,0,1
640,220,-5,-5,50,313,0,0,0,1
635,215,-5,-5,50,313,0,0,0,1
630,210,-5,-5,50,313,0,0,0,1
625,205,-5,-5,50,313,0,0,0,1
620,200,-5,-5,50,313,0,0,0,1
615,195,-5,-5,50,313,0,0,0,1
610,190,-5,-5,50,313,0,0,0,1
605,185,-5,-5,50,313,0,0,0,1
600,180,-5,-5,50,313,0,0,0,1
595,175,-5,-5,50,313,0,0,0,1
590,170,-5,-5,50,313,0,0,0,1
585,165,-5,-5,50,313,0,0,0,1
580,160,-5,-5,50,313,0,0,0,1
575,155,-5,-5,50,313,0,0,0,1
570,150,-5,-5,50,313,0,0,0,1
565,145,-5,-5,50,313,0,0,0,1
560,140,-5,-5,50,313,0,0,0,1
555,135,-5,-5,50,313,0,0,0,1
550,130,-5,-5,50,313,0,0,0,1
545,125,-5,-5,50,313,0,0,0,1
540,120,-5,-5,50,313,0,0,0,1
535,115,-5,-5,50,313,0,0,0,1
530,110,-5,-5,50,313,0,0,0,1
525,105,-5,-5,50,313,0,0,0,1
520,100,-5,-5,50,313,0,0,0,1
515,95,-5,-5,50,313,0,0,0,1
510,90,-5,-5,50,313,0,0,0,1
505,85,-5,-5,50,313,0,0,0,1
500,80,-5,-5,50,313,0,0,0,1
495,75,-5,-5,50,313,0,0,0,1
490,70,-5,-5,50,313,0,0,0,1
485,65,-5,-5,50,313,0,0,0,1
480,60,-5,-5,50,313,0,0,0,1
475,55,-5,-5,50,313,0,0,0,1
470,50,-5,-5,50,313,0,0,0,1
465,45,-5,-5,50,313,0,0,0,1
460,40,-5,-5,50,313,0,0,0,1
455,35,-5,-5,50,313,0,0,0,1
450,30,-5,-5,50,313,0,0,0,1
445,25,-5,-5,50,313,0,0,0,1
440,20,-5,-5,50,313,0,0,0,1
435,15,-5,-5,50,313,0,0,0,1
430,10,-5,5,50,313,0,0,0,1
425,15,-5,5,50,313,0,0,0,1
420,20,-5,5,50,313,0,0,0,1
415,25,-5,5,50,313,0,0,0,1
410,30,-5,5,50,313,0,0,0,1
405,35,-5,5,50,313,0,0,0,1
400,40,-5,5,60,313,1,0,0,1
395,45,-5,5,70,313,1,0,0,1
390,50,-5,5,80,313,1,0,0,1
385,55,-5,5,90,313,1,0,0,1
380,60,-5,5,100,313,1,0,0,1
375,65,-5,5,110,313,1,0,0,1
370,70,-5,5,120,313,1,0,0,1
365,75,-5,5,130,313,1,0,0,1
360,80,-5,5,140,313,1,0,0,1
355,85,-5,5,150,313,1,0,0,1
350,90,-5,5,160,313,1,0,0,1
345,95,-5,5,170,313,1,0,0,1
340,100,-5,5,180,313,1,0,0,1
335,105,-5,5,190,313,1,0,0,1
330,110,-5,5,200,313,1,0,0,1
325,115,-5,5,210,313,1,0,0,1
320,120,-5,5,220,313,1,0,0,1
315,125,-5,5,230,313,1,0,0,1
310,130,-5,5,240,313,1,0,0,1
305,135,-5,5,250,313,1,0,0,1
300,140,-5,5,260,313,1,0,0,1
295,145,-5,5,270,313,1,0,0,1
290,150,-5,5,280,313,1,0,0,1
285,155,-5,5,290,313,1,0,0,1
280,160,-5,5,300,313,1,0,0,1
275,165,-5,5,310,313,1,0,0,1
270,170,-5,5,320,313,1,0,0,1
265,175,-5,5,330,313,1,0,0,1
260,180,-5,5,340,313,1,0,0,1
255,185,-5,5,350,313,1,0,0,1
250,190,-5,5,350,313,0,0,0,1
245,195,-5,5,350,313,0,0,0,1
240,200,-5,5,350,313,0,0,0,1
235,205,-5,5,350,313,0,0,0,1
230,210,-5,5,350,313,0,0,0,1
225,215,-5,5,350,313,0,0,0,1
220,220,-5,5,350,313,0,0,0,1
215,225,-5,5,350,313,0,0,0,1
210,230,-5,5,350,313,0,0,0,1
205,235,-5,5,350,313,0,0,0,1
200,240,-5,5,350,313,0,0,0,1
195,245,-5,5,350,313,0,0,0,1
190,250,-5,5,350,313,0,0,0,1
185,255,-5,5,350,313,0,0,0,1
180,260,-5,5,350,313,0,0,0,1
175,265,-5,5,350,313,0,0,0,1
170,270,-5,5,350,313,0,0,0,1
165,275,-5,5,350,313,0,0,0,1
160,280,-5,5,350,313,0,0,0,1
155,285,-5,5,350,313,0,0,0,1
150,290,-5,5,350,313,0,0,0,1
145,295,-5,5,350,313,0,0,0,1
140,300,-5,5,350,313,0,0,0,1
135,305,-5,5,350,313,0,0,0,1
130,310,-5,5,350,313,0,0,0,1
125,315,-5,5,350,313,0,0,0,1
120,320,-5,5,350,313,0,0,0,1
115,325,-5,5,350,313,0,0,0,1
110,330,-5,5,350,313,0,0,0,1
105,335,-5,5,350,313,0,0,0,1
100,340,-5,5,350,313,0,0,0,1
95,345,-5,5,350,313,0,0,0,1
90,350,-5,5,350,313,0,0,0,1
85,355,-5,5,350,313,0,0,0,1
80,360,-5,5,350,313,0,0,0,1
75,365,-5,5,350,313,0,0,0,1
70,370,-5,5,350,313,0,0,0,1
65,375,-5,5,350,313,0,0,0,1
60,380,-5,5,350,313,0,0,0,1
55,385,-5,5,350,313,0,0,0,1
50,390,-5,5,350,313,0,0,0,1
45,395,-5,5,350,313,0,0,0,1
40,400,-5,5,350,313,0,0,0,1
35,405,-5,5,350,313,0,0,0,1
30,410,-5,5,350,313,0,0,0,1
25,415,-5,5,350,313,0,0,0,1
20,420,5,5,350,313,0,0,0,1
25,425,5,5,350,320,0,1,0,1
30,430,5,5,350,320,0,0,0,1
35,435,5,5,350,327,0,1,0,1
40,440,5,5,350,334,0,1,0,1
45,445,5,5,350,334,0,0,0,1
50,450,5,5,350,334,0,0,0,1
55,455,5,5,350,341,0,1,0,1
60,460,5,5,350,348,0,1,0,1
65,465,5,5,350,355,0,1,0,1
70,470,5,5,350,362,0,1,0,1
75,475,5,5,350,369,0,1,0,1
80,480,5,5,350,376,0,1,0,1
85,485,5,5,350,383,0,1,0,1
90,490,5,5,350,390,0,1,0,1
95,495,5,5,350,390,0,0,0,1
100,500,5,5,350,397,0,1,0,1
105,505,5,5,350,404,0,1,0,1
110,510,5,5,350,411,0,1,0,1
115,515,5,5,350,411,0,0,0,1
120,520,5,5,350,411,0,0,0,1
125,525,5,5,350,418,0,1,0,1
130,530,5,5,350,425,0,1,0,1
135,535,5,5,350,432,0,1,0,1
140,540,5,5,350,439,0,1,0,1
145,545,5,5,350,439,0,0,0,1
150,550,5,5,350,446,0,1,0,1
155,555,5,5,350,453,0,1,0,1
160,560,5,5,350,460,0,1,0,1
165,565,5,5,350,467,0,1,0,1
170,570,5,5,350,474,0,1,0,1
175,575,5,5,350,481,0,1,0,1
180,580,5,5,350,488,0,1,0,1
185,585,5,5,350,495,0,1,0,1
190,590,5,-5,350,502,0,1,0,1
195,585,5,-5,350,509,0,1,0,1
200,580,5,-5,350,516,0,1,0,1
205,575,5,-5,350,523,0,1,0,1
210,570,5,-5,350,530,0,1,0,1
215,565,5,-5,350,523,0,-1,0,1
220,560,5,-5,350,516,0,-1,0,1
225,555,5,-5,350,509,0,-1,0,1
230,550,5,-5,350,502,0,-1,0,1
235,545,5,-5,350,495,0,-1,0,1
240,540,5,-5,350,495,0,0,0,1
245,535,5,-5,350,488,0,-1,0,1
250,530,5,-5,350,481,0,-1,0,1
255,525,5,-5,350,474,0,-1,0,1
260,520,5,-5,350,481,0,1,0,1
265,515,5,-5,350,474,0,-1,0,1
270,510,5,-5,350,467,0,-1,0,1
275,505,5,-5,350,460,0,-1,0,1
280,500,5,-5,350,453,0,-1,0,1
285,495,5,-5,350,446,0,-1,0,1
290,490,5,-5,350,439,0,-1,0,1
295,485,5,-5,350,446,0,1,0,1
300,480,5,-5,350,439,0,-1,0,1
305,475,5,-5,350,432,0,-1,0,1
310,470,5,-5,350,432,0,0,0,1
315,465,5,-5,350,425,0,-1,0,1
320,460,5,-5,350,418,0,-1,0,1
325,455,5,-5,350,411,0,-1,0,1
330,450,5,-5,350,404,0,-1,0,1
335,445,5,-5,350,397,0,-1,0,1
340,440,5,-5,350,390,0,-1,0,1
345,435,5,-5,350,390,0,0,0,1
350,430,5,-5,350,383,0,-1,0,1
355,425,5,-5,350,376,0,-1,0,1
360,420,5,-5,350,369,0,-1,0,1
365,415,5,-5,350,376,0,1,0,1
370,410,5,-5,350,369,0,-1,0,1
375,405,5,-5,350,362,0,-1,0,1
380,400,5,-5,350,355,0,-1,0,1
385,395,5,-5,350,348,0,-1,0,1
390,390,5,-5,350,341,0,-1,0,1
395,385,5,-5,350,334,0,-1,0,1
400,380,5,-5,350,334,0,0,0,1
405,375,5,-5,350,327,0,-1,0,1
410,370,5,-5,350,320,0,-1,0,1
415,365,5,-5,350,320,0,0,0,1
420,360,5,-5,350,313,0,-1,0,1
425,355,5,-5,350,306,0,-1,0,1
430,350,5,-5,350,299,0,-1,0,1
435,345,5,-5,350,306,0,1,0,1
440,340,5,-5,350,299,0,-1,0,1
445,335,5,-5,350,292,0,-1,0,1
450,330,5,-5,350,285,0,-1,0,1
455,325,5,-5,350,278,0,-1,0,1
460,320,5,-5,350,271,0,-1,0,1
465,315,5,-5,350,264,0,-1,0,1
470,310,5,-5,350,271,0,1,0,1
475,305,5,-5,350,264,0,-1,0,1
480,300,5,-5,350,257,0,-1,0,1
485,295,5,-5,350,257,0,0,0,1
490,290,5,-5,350,250,0,-1,0,1
495,285,5,-5,350,243,0,-1,0,1
500,280,5,-5,350,236,0,-1,0,1
505,275,5,-5,350,229,0,-1,0,1
510,270,5,-5,350,229,0,0,0,1
515,265,5,-5,350,222,0,-1,0,1
520,260,5,-5,350,215,0,-1,0,1
525,255,5,-5,350,208,0,-1,0,1
530,250,5,-5,350,208,0,0,0,1
535,245,5,-5,350,208,0,0,0,1
540,240,5,-5,350,208,0,0,0,1
545,235,5,-5,350,201,0,-1,0,1
550,230,5,-5,350,194,0,-1,0,1
555,225,5,-5,350,187,0,-1,0,1
560,220,5,-5,350,180,0,-1,0,1
565,215,5,-5,350,173,0,-1,0,1
570,210,5,-5,350,166,0,-1,0,1
575,205,5,-5,350,159,0,-1,0,1
580,200,5,-5,350,152,0,-1,0,1
585,195,5,-5,350,145,0,-1,0,1
590,190,5,-5,350,145,0,0,0,1
595,185,5,-5,350,138,0,-1,0,1
600,180,5,-5,350,131,0,-1,0,1
605,175,5,-5,350,124,0,-1,0,1
610,170,5,-5,350,131,0,1,0,1
615,165,5,-5,350,124,0,-1,0,1
620,160,5,-5,350,117,0,-1,0,1
625,155,5,-5,350,117,0,0,0,1
630,150,5,-5,350,110,0,-1,0,1
635,145,5,-5,350,103,0,-1,0,1
640,140,5,-5,350,96,0,-1,0,1
645,135,5,-5,350,89,0,-1,0,1
650,130,5,-5,350,82,0,-1,0,1
655,125,5,-5,350,75,0,-1,0,1
660,120,5,-5,350,75,0,0,0,1
665,115,5,-5,350,68,0,-1,0,1
670,110,5,-5,350,61,0,-1,0,1
675,105,5,-5,350,54,0,-1,0,1
680,100,5,-5,350,61,0,1,0,1
685,95,5,-5,350,54,0,-1,0,1
690,90,5,-5,350,47,0,-1,0,1
695,85,5,-5,350,40,0,-1,0,1
700,80,5,-5,350,33,0,-1,0,1
705,75,5,-5,350,26,0,-1,0,1
710,70,5,-5,350,19,0,-1,0,1
715,65,5,-5,350,26,0,1,0,1
720,60,5,-5,350,19,0,-1,0,1
725,55,5,-5,350,12,0,-1,0,1
730,50,5,-5,350,5,0,-1,0,1
735,45,5,-5,350,-2,0,-1,0,1
740,40,5,-5,350,-9,0,-1,0,1
745,35,5,-5,350,-16,0,-1,0,1
750,30,5,-5,350,-9,0,1,0,1
755,25,5,-5,350,-16,0,-1,0,1
760,20,5,-5,350,-23,0,-1,0,1
765,15,5,-5,350,-30,0,-1,0,1
770,10,5,5,350,-37,0,-1,0,1
775,15,5,5,350,-44,0,-1,0,1
780,20,-5,5,350,-44,0,0,0,1
775,25,-5,5,350,-44,0,0,0,1
770,30,-5,5,350,-44,0,0,0,1
765,35,-5,5,350,-44,0,0,0,1
760,40,-5,5,350,-44,0,0,0,1
755,45,-5,5,350,-44,0,0,0,1
750,50,-5,5,350,-44,0,0,0,1
745,55,-5,5,350,-44,0,0,0,1
740,60,-5,5,350,-44,0,0,0,1
735,65,-5,5,350,-44,0,0,0,1
730,70,-5,5,350,-44,0,0,0,1
725,75,-5,5,350,-44,0,0,0,1
720,80,-5,5,350,-44,0,0,0,1
715,85,-5,5,350,-44,0,0,0,1
710,90,-5,5,350,-44,0,0,0,1
705,95,-5,5,350,-44,0,0,0,1
700,100,-5,5,350,-44,0,0,0,1
695,105,-5,5,350,-44,0,0,0,1
690,110,-5,5,350,-44,0,0,0,1
685,115,-5,5,350,-44,0,0,0,1
680,120,-5,5,350,-44,0,0,0,1
675,125,-5,5,350,-44,0,0,0,1
670,130,-5,5,350,-44,0,0,0,1
665,135,-5,5,350,-44,0,0,0,1
660,140,-5,5,350,-44,0,0,0,1
655,145,-5,5,350,-44,0,0,0,1
650,150,-5,5,350,-44,0,0,0,1
645,155,-5,5,350,-44,0,0,0,1
640,160,-5,5,350,-44,0,0,0,1
635,165,-5,5,350,-44,0,0,0,1
630,170,-5,5,350,-44,0,0,0,1
625,175,-5,5,350,-44,0,0,0,1
620,180,-5,5,350,-44,0,0,0,1
615,185,-5,5,350,-44,0,0,0,1
610,190,-5,5,350,-44,0,0,0,1
605,195,-5,5,350,-44,0,0,0,1
600,200,-5,5,350,-44,0,0,0,1
595,205,-5,5,350,-44,0,0,0,1
590,210,-5,5,350,-44,0,0,0,1
585,215,-5,5,350,-44,0,0,0,1
580,220,-5,5,350,-44,0,0,0,1
575,225,-5,5,350,-44,0,0,0,1
570,230,-5,5,350,-44,0,0,0,1
565,235,-5,5,350,-44,0,0,0,1
560,240,-5,5,350,-44,0,0,0,1
555,245,-5,5,350,-44,0,0,0,1
550,250,-5,5,350,-44,0,0,0,1
545,255,-5,5,350,-44,0,0,0,1
540,260,-5,5,350,-44,0,0,0,1
535,265,-5,5,350,-44,0,0,0,1
530,270,-5,5,350,-44,0,0,0,1
525,275,-5,5,350,-44,0,0,0,1
520,280,-5,5,350,-44,0,0,0,1
515,285,-5,5,350,-44,0,0,0,1
510,290,-5,5,350,-44,0,0,0,1
505,295,-5,5,360,-44,1,0,0,1
500,300,-5,5,370,-44,1,0,0,1
495,305,-5,5,380,-44,1,0,0,1
490,310,-5,5,390,-44,1,0,0,1
485,315,-5,5,400,-44,1,0,0,1
480,320,-5,5,410,-44,1,0,0,1
475,325,-5,5,420,-44,1,0,0,1
470,330,-5,5,430,-44,1,0,0,1
465,335,-5,5,440,-44,1,0,0,1
460,340,-5,5,450,-44,1,0,0,1
455,345,-5,5,460,-44,1,0,0,1
450,350,-5,5,470,-44,1,0,0,1
445,355,-5,5,480,-44,1,0,0,1
440,360,-5,5,490,-44,1,0,0,1
435,365,-5,5,500,-44,1,0,0,1
430,370,-5,5,500,-44,0,0,0,1
425,375,-5,5,500,-44,0,0,0,1
420,380,-5,5,500,-44,0,0,0,1
415,385,-5,5,500,-44,0,0,0,1
410,390,-5,5,500,-44,0,0,0,1
405,395,-5,5,500,-44,0,0,0,1
400,400,-5,5,500,-44,0,0,0,1
395,405,-5,5,500,-44,0,0,0,1
390,410,-5,5,500,-44,0,0,0,1
385,415,-5,5,500,-44,0,0,0,1
380,420,-5,5,500,-44,0,0,0,1
375,425,-5,5,500,-44,0,0,0,1
370,430,-5,5,500,-44,0,0,0,1
365,435,-5,5,500,-44,0,0,0,1
360,440,-5,5,500,-44,0,0,0,1
355,445,-5,5,500,-44,0,0,0,1
350,450,-5,5,500,-44,0,0,0,1
345,455,-5,5,500,-44,0,0,0,1
340,460,-5,5,500,-44,0,0,0,1
335,465,-5,5,500,-44,0,0,0,1
330,470,-5,5,500,-44,0,0,0,1
325,475,-5,5,500,-44,0,0,0,1
320,480,-5,5,500,-44,0,0,0,1
315,485,-5,5,500,-44,0,0,0,1
310,490,-5,5,500,-44,0,0,0,1
305,495,-5,5,500,-44,0,0,0,1
300,500,-5,5,500,-44,0,0,0,1
295,505,-5,5,500,-44,0,0,0,1
290,510,-5,5,500,-44,0,0,0,1
285,515,-5,5,500,-44,0,0,0,1
280,520,-5,5,500,-44,0,0,0,1
275,525,-5,5,500,-44,0,0,0,1
270,530,-5,5,500,-44,0,0,0,1
265,535,-5,5,500,-44,0,0,0,1
260,540,-5,5,500,-44,0,0,0,1
255,545,-5,5,500,-44,0,0,0,1
250,550,-5,5,500,-44,0,0,0,1
245,555,-5,5,500,-44,0,0,0,1
240,560,-5,5,500,-44,0,0,0,1
235,565,-5,5,500,-44,0,0,0,1
230,570,-5,5,500,-44,0,0,0,1
225,575,-5,5,500,-44,0,0,0,1
220,580,-5,5,500,-44,0,0,0,1
215,585,-5,5,500,-44,0,0,0,1
210,590,-5,-5,500,-44,0,0,0,1
205,585,-5,-5,500,-44,0,0,0,1
200,580,-5,-5,500,-44,0,0,0,1
195,575,-5,-5,500,-44,0,0,0,1
190,570,-5,-5,500,-44,0,0,0,1
185,565,-5,-5,500,-44,0,0,0,1
180,560,-5,-5,500,-44,0,0,0,1
175,555,-5,-5,500,-44,0,0,0,1
170,550,-5,-5,500,-44,0,0,0,1
165,545,-5,-5,500,-44,0,0,0,1
160,540,-5,-5,500,-44,0,0,0,1
155,535,-5,-5,500,-44,0,0,0,1
150,530,-5,-5,500,-44,0,0,0,1
145,525,-5,-5,500,-44,0,0,0,1
140,520,-5,-5,500,-44,0,0,0,1
135,515,-5,-5,500,-44,0,0,0,1
130,510,-5,-5,500,-44,0,0,0,1
125,505,-5,-5,500,-44,0,0,0,1
120,500,-5,-5,500,-44,0,0,0,1
115,495,-5,-5,500,-44,0,0,0,1
110,490,-5,-5,500,-44,0,0,0,1
105,485,-5,-5,500,-44,0,0,0,1
100,480,-5,-5,500,-44,0,0,0,1
95,475,-5,-5,500,-44,0,0,0,1
90,470,-5,-5,500,-44,0,0,0,1
85,465,-5,-5,490,-44,-1,0,0,1
80,460,-5,-5,480,-44,-1,0,0,1
75,455,-5,-5,470,-44,-1,0,0,1
70,450,-5,-5,460,-44,-1,0,0,1
65,445,-5,-5,450,-44,-1,0,0,1
60,440,-5,-5,440,-44,-1,0,0,1
55,435,-5,-5,430,-44,-1,0,0,1
50,430,-5,-5,420,-44,-1,0,0,1
45,425,-5,-5,410,-44,-1,0,0,1
40,420,-5,-5,400,-44,-1,0,0,1
35,415,-5,-5,390,-44,-1,0,0,1
30,410,-5,-5,380,-44,-1,0,0,1
25,405,-5,-5,370,-44,-1,0,0,1
20,400,5,-5,360,-44,-1,0,0,1
25,395,5,-5,350,-37,-1,1,0,1
30,390,5,-5,340,-30,-1,1,0,1
35,385,5,-5,330,-23,-1,1,0,1
40,380,5,-5,320,-16,-1,1,0,1
45,375,5,-5,310,-9,-1,1,0,1
50,370,5,-5,300,-2,-1,1,0,1
55,365,5,-5,290,5,-1,1,0,1
60,360,5,-5,280,12,-1,1,0,1
65,355,5,-5,270,19,-1,1,0,1
70,350,5,-5,260,26,-1,1,0,1
75,345,5,-5,250,33,-1,1,0,1
80,340,5,-5,240,40,-1,1,0,1
85,335,5,-5,230,47,-1,1,0,1
90,330,5,-5,220,54,-1,1,0,1
95,325,5,-5,210,61,-1,1,0,1
100,320,5,-5,200,68,-1,1,0,1
105,315,5,-5,190,75,-1,1,0,1
110,310,5,-5,180,82,-1,1,0,1
115,305,5,-5,170,89,-1,1,0,1
120,300,5,-5,160,96,-1,1,0,1
125,295,5,-5,150,103,-1,1,0,1
130,290,5,-5,140,110,-1,1,0,1
135,285,5,-5,130,117,-1,1,0,1
140,280,5,-5,120,124,-1,1,0,1
145,275,5,-5,110,131,-1,1,0,1
150,270,5,-5,100,138,-1,1,0,1
155,265,5,-5,90,138,-1,0,0,1
160,260,5,-5,80,145,-1,1,0,1
165,255,5,-5,70,152,-1,1,0,1
170,250,5,-5,60,159,-1,1,0,1
175,245,5,-5,50,159,-1,0,0,1
180,240,5,-5,40,159,-1,0,0,1
185,235,5,-5,30,159,-1,0,0,1
190,230,5,-5,20,159,-1,0,0,1
195,225,5,-5,10,166,-1,1,0,1
200,220,5,-5,0,173,-1,1,0,1
205,215,5,-5,0,166,0,-1,0,1
210,210,5,-5,0,159,0,-1,0,1
215,205,5,-5,0,166,0,1,0,1
220,200,5,-5,0,166,0,0,0,1
225,195,5,-5,0,159,0,-1,0,1
230,190,5,-5,0,152,0,-1,0,1
235,185,5,-5,0,145,0,-1,0,1
240,180,5,-5,0,138,0,-1,0,1
245,175,5,-5,0,131,0,-1,0,1
250,170,5,-5,0,124,0,-1,0,1
255,165,5,-5,0,117,0,-1,0,1
260,160,5,-5,0,110,0,-1,0,1
265,155,5,-5,0,110,0,0,0,1
270,150,5,-5,0,103,0,-1,0,1
275,145,5,-5,0,96,0,-1,0,1
280,140,5,-5,0,89,0,-1,0,1
285,135,5,-5,0,96,0,1,0,1
290,130,5,-5,0,89,0,-1,0,1
295,125,5,-5,0,82,0,-1,0,1
300,120,5,-5,0,75,0,-1,0,1
305,115,5,-5,0,68,0,-1,0,1
310,110,5,-5,0,61,0,-1,0,1
315,105,5,-5,0,54,0,-1,0,1
320,100,5,-5,0,61,0,1,0,1
325,95,5,-5,0,54,0,-1,0,1
330,90,5,-5,0,54,0,0,0,1
335,85,5,-5,0,47,0,-1,0,1
340,80,5,-5,0,40,0,-1,0,1
345,75,5,-5,0,33,0,-1,0,1
350,70,5,-5,0,26,0,-1,0,1
355,65,5,-5,0,19,0,-1,0,1
360,60,5,-5,0,12,0,-1,0,1
365,55,5,-5,0,5,0,-1,0,1
370,50,5,-5,0,5,0,0,0,1
375,45,5,-5,0,-2,0,-1,0,1
380,40,5,-5,0,-9,0,-1,0,1
385,35,5,-5,0,-16,0,-1,0,1
390,30,5,-5,0,-9,0,1,0,1
395,25,5,-5,0,-16,0,-1,0,1
400,20,5,-5,0,-23,0,-1,0,1
405,15,5,-5,0,-30,0,-1,0,1
410,10,5,5,0,-37,0,-1,0,1
415,15,5,5,0,-44,0,-1,0,1
420,20,5,5,0,-44,0,0,0,1
425,25,5,5,0,-37,0,1,0,1
430,30,5,5,0,-30,0,1,0,1
435,35,5,5,0,-23,0,1,0,1
440,40,5,5,0,-23,0,0,0,1
445,45,5,5,0,-16,0,1,0,1
450,50,5,5,0,-9,0,1,0,1
455,55,5,5,0,-2,0,1,0,1
460,60,5,5,0,5,0,1,0,1
465,65,5,5,0,12,0,1,0,1
470,70,5,5,0,19,0,1,0,1
475,75,5,5,0,26,0,1,0,1
480,80,5,5,10,19,1,-1,0,1
485,85,5,5,20,26,1,1,0,1
490,90,5,5,30,33,1,1,0,1
495,95,5,5,40,33,1,0,0,1
500,100,5,5,50,40,1,1,0,1
505,105,5,5,60,47,1,1,0,1
510,110,5,5,70,54,1,1,0,1
515,115,5,5,80,61,1,1,0,1
520,120,5,5,90,61,1,0,0,1
525,125,5,5,100,61,1,0,0,1
530,130,5,5,110,68,1,1,0,1
535,135,5,5,120,75,1,1,0,1
540,140,5,5,130,75,1,0,0,1
545,145,5,5,140,82,1,1,0,1
550,150,5,5,150,89,1,1,0,1
555,155,5,5,160,96,1,1,0,1
560,160,5,5,170,103,1,1,0,1
565,165,5,5,180,110,1,1,0,1
570,170,5,5,190,117,1,1,0,1
575,175,5,5,200,124,1,1,0,1
580,180,5,5,210,131,1,1,0,1
585,185,5,5,220,124,1,-1,0,1
590,190,5,5,230,131,1,1,0,1
595,195,5,5,240,138,1,1,0,1
600,200,5,5,250,145,1,1,0,1
605,205,5,5,260,152,1,1,0,1
610,210,5,5,270,159,1,1,0,1
615,215,5,5,280,166,1,1,0,1
620,220,5,5,290,159,1,-1,0,1
625,225,5,5,300,159,1,0,0,1
630,230,5,5,310,166,1,1,0,1
635,235,5,5,320,173,1,1,0,1
640,240,5,5,330,180,1,1,0,1
645,245,5,5,340,187,1,1,0,1
650,250,5,5,350,194,1,1,0,1
655,255,5,5,360,201,1,1,0,1
660,260,5,5,370,208,1,1,0,1
665,265,5,5,380,215,1,1,0,1
670,270,5,5,390,215,1,0,0,1
675,275,5,5,400,215,1,0,0,1
680,280,5,5,410,222,1,1,0,1
685,285,5,5,420,229,1,1,0,1
690,290,5,5,430,236,1,1,0,1
695,295,5,5,440,243,1,1,0,1
700,300,5,5,450,250,1,1,0,1
705,305,5,5,460,250,1,0,0,1
710,310,5,5,470,257,1,1,0,1
715,315,5,5,480,264,1,1,0,1
720,320,5,5,490,271,1,1,0,1
725,325,5,5,500,264,1,-1,0,1
730,330,5,5,500,264,0,0,0,1
735,335,5,5,500,271,0,1,0,1
740,340,5,5,500,278,0,1,0,1
745,345,5,5,500,285,0,1,0,1
750,350,5,5,500,292,0,1,0,1
755,355,5,5,500,299,0,1,0,1
760,360,5,5,500,306,0,1,0,1
765,365,5,5,500,313,0,1,0,1
770,370,5,5,500,320,0,1,0,1
775,375,5,5,500,320,0,0,0,1
780,380,-5,5,500,320,0,0,0,1
775,385,-5,5,500,320,0,0,0,1
770,390,-5,5,500,320,0,0,0,1
765,395,-5,5,500,320,0,0,0,1
760,400,-5,5,500,320,0,0,0,1
755,405,-5,5,500,320,0,0,0,1
750,410,-5,5,500,320,0,0,0,1
745,415,-5,5,500,320,0,0,0,1
740,420,-5,5,500,320,0,0,0,1
735,425,-5,5,500,320,0,0,0,1
730,430,-5,5,500,320,0,0,0,1
725,435,-5,5,500,320,0,0,0,1
720,440,-5,5,500,320,0,0,0,1
715,445,-5,5,500,320,0,0,0,1
710,450,-5,5,500,320,0,0,0,1
705,455,-5,5,500,320,0,0,0,1
700,460,-5,5,500,320,0,0,0,1
695,465,-5,5,500,320,0,0,0,1
690,470,-5,5,500,320,0,0,0,1
685,475,-5,5,500,320,0,0,0,1
680,480,-5,5,500,320,0,0,0,1
675,485,-5,5,500,320,0,0,0,1
670,490,-5,5,500,320,0,0,0,1
665,495,-5,5,500,320,0,0,0,1
660,500,-5,5,500,320,0,0,0,1
655,505,-5,5,500,320,0,0,0,1
650,510,-5,5,500,320,0,0,0,1
645,515,-5,5,500,320,0,0,0,1
640,520,-5,5,500,320,0,0,0,1
635,525,-5,5,500,320,0,0,0,1
630,530,-5,5,500,320,0,0,0,1
625,535,-5,5,500,320,0,0,0,1
620,540,-5,5,500,320,0,0,0,1
615,545,-5,5,500,320,0,0,0,1
610,550,-5,5,500,320,0,0,0,1
605,555,-5,5,500,320,0,0,0,1
600,560,-5,5,500,320,0,0,0,1
595,565,-5,5,500,320,0,0,0,1
590,570,-5,5,500,320,0,0,0,1
585,575,-5,5,500,320,0,0,0,1
580,580,-5,5,500,320,0,0,0,1
575,585,-5,5,500,320,0,0,0,1
570,590,-5,-5,500,320,0,0,0,1
565,585,-5,-5,490,320,-1,0,0,1
560,580,-5,-5,480,320,-1,0,0,1
555,575,-5,-5,470,320,-1,0,0,1
550,570,-5,-5,460,320,-1,0,0,1
545,565,-5,-5,450,320,-1,0,0,1
540,560,-5,-5,440,320,-1,0,0,1
535,555,-5,-5,430,320,-1,0,0,1
530,550,-5,-5,420,320,-1,0,0,1
525,545,-5,-5,410,320,-1,0,0,1
520,540,-5,-5,400,320,-1,0,0,1
515,535,-5,-5,390,320,-1,0,0,1
510,530,-5,-5,380,320,-1,0,0,1
505,525,-5,-5,370,320,-1,0,0,1
500,520,-5,-5,360,320,-1,0,0,1
495,515,-5,-5,350,320,-1,0,0,1
490,510,-5,-5,340,320,-1,0,0,1
485,505,-5,-5,330,320,-1,0,0,1
480,500,-5,-5,320,320,-1,0,0,1
475,495,-5,-5,310,320,-1,0,0,1
470,490,-5,-5,300,320,-1,0,0,1
465,485,-5,-5,290,320,-1,0,0,1
460,480,-5,-5,280,320,-1,0,0,1
455,475,-5,-5,270,320,-1,0,0,1
450,470,-5,-5,260,320,-1,0,0,1
445,465,-5,-5,250,320,-1,0,0,1
440,460,-5,-5,240,320,-1,0,0,1
435,455,-5,-5,230,320,-1,0,0,1
430,450,-5,-5,220,320,-1,0,0,1
425,445,-5,-5,210,320,-1,0,0,1
420,440,-5,-5,200,320,-1,0,0,1
415,435,-5,-5,190,320,-1,0,0,1
410,430,-5,-5,180,320,-1,0,0,1
405,425,-5,-5,170,320,-1,0,0,1
400,420,-5,-5,160,320,-1,0,0,1
395,415,-5,-5,150,320,-1,0,0,1
390,410,-5,-5,140,320,-1,0,0,1
385,405,-5,-5,130,320,-1,0,0,1
380,400,-5,-5,120,320,-1,0,0,1
375,395,-5,-5,110,320,-1,0,0,1
370,390,-5,-5,100,320,-1,0,0,1
365,385,-5,-5,90,320,-1,0,0,1
360,380,-5,-5,80,320,-1,0,0,1
355,375,-5,-5,70,320,-1,0,0,1
350,370,-5,-5,60,320,-1,0,0,1
345,365,-5,-5,50,320,-1,0,0,1
340,360,-5,-5,40,320,-1,0,0,1
335,355,-5,-5,30,320,-1,0,0,1
330,350,-5,-5,20,320,-1,0,0,1
325,345,-5,-5,10,320,-1,0,0,1
320,340,-5,-5,0,320,-1,0,0,1
315,335,-5,-5,0,320,0,0,0,1
310,330,-5,-5,0,320,0,0,0,1
305,325,-5,-5,0,320,0,0,0,1
300,320,-5,-5,0,320,0,0,0,1
295,315,-5,-5,0,320,0,0,0,1
290,310,-5,-5,0,320,0,0,0,1
285,305,-5,-5,0,320,0,0,0,1
280,300,-5,-5,0,320,0,0,0,1
275,295,-5,-5,0,320,0,0,0,1
270,290,-5,-5,0,320,0,0,0,1
265,285,-5,-5,0,320,0,0,0,1
260,280,-5,-5,0,320,0,0,0,1
255,275,-5,-5,0,320,0,0,0,1
250,270,-5,-5,0,320,0,0,0,1
245,265,-5,-5,0,320,0,0,0,1
240,260,-5,-5,0,320,0,0,0,1
235,255,-5,-5,0,320,0,0,0,1
230,250,-5,-5,0,320,0,0,0,1
225,245,-5,-5,0,320,0,0,0,1
220,240,-5,-5,0,320,0,0,0,1
215,235,-5,-5,0,320,0,0,0,1
210,230,-5,-5,0,320,0,0,0,1
205,225,-5,-5,0,320,0,0,0,1
200,220,-5,-5,0,320,0,0,0,1
195,215,-5,-5,0,320,0,0,0,1
190,210,-5,-5,0,320,0,0,0,1
185,205,-5,-5,0,320,0,0,0,1
180,200,-5,-5,0,320,0,0,0,1
175,195,-5,-5,0,320,0,0,0,1
170,190,-5,-5,0,320,0,0,0,1
165,185,-5,-5,0,320,0,0,0,1
160,180,-5,-5,0,320,0,0,0,1
155,175,-5,-5,0,320,0,0,0,1
150,170,-5,-5,0,320,0,0,0,1
145,165,-5,-5,0,320,0,0,0,1
140,160,-5,-5,0,320,0,0,0,1
135,155,-5,-5,0,320,0,0,0,1
130,150,-5,-5,0,320,0,0,0,1
125,145,-5,-5,0,320,0,0,0,1
120,140,-5,-5,0,320,0,0,0,1
115,135,-5,-5,0,320,0,0,0,1
110,130,-5,-5,0,320,0,0,0,1
105,125,-5,-5,0,320,0,0,0,1
100,120,-5,-5,0,320,0,0,0,1
95,115,-5,-5,0,320,0,0,0,1
90,110,-5,-5,0,320,0,0,0,1
85,105,-5,-5,0,320,0,0,0,1
80,100,-5,-5,0,320,0,0,0,1
75,95,-5,-5,0,320,0,0,0,1
70,90,-5,-5,0,320,0,0,0,1
65,85,-5,-5,0,320,0,0,0,1
60,80,-5,-5,0,320,0,0,0,1
55,75,-5,-5,0,320,0,0,0,1
50,70,-5,-5,0,320,0,0,0,1
45,65,-5,-5,0,320,0,0,0,1
40,60,-5,-5,0,320,0,0,0,1
35,55,-5,-5,0,320,0,0,0,1
30,50,-5,-5,0,320,0,0,0,1
25,45,-5,-5,0,320,0,0,0,1
20,40,5,-5,0,320,0,0,0,1
25,35,5,-5,0,313,0,-1,0,1
30,30,5,-5,0,306,0,-1,0,1
35,25,5,-5,0,299,0,-1,0,1
40,20,5,-5,0,292,0,-1,0,1
45,15,5,-5,0,285,0,-1,0,1
50,10,5,5,0,278,0,-1,0,1
55,15,5,5,0,271,0,-1,0,1
60,20,5,5,0,264,0,-1,0,1
65,25,5,5,10,257,1,-1,0,1
70,30,5,5,20,257,1,0,0,1
75,35,5,5,30,250,1,-1,0,1
80,40,5,5,40,243,1,-1,0,1
85,45,5,5,50,236,1,-1,0,1
90,50,5,5,60,236,1,0,0,1
95,55,5,5,70,229,1,-1,0,1
100,60,5,5,80,222,1,-1,0,1
105,65,5,5,90,222,1,0,0,1
110,70,5,5,100,215,1,-1,0,1
115,75,5,5,110,208,1,-1,0,1
120,80,5,5,120,201,1,-1,0,1
125,85,5,5,130,194,1,-1,0,1
130,90,5,5,140,187,1,-1,0,1
135,95,5,5,150,180,1,-1,0,1
140,100,5,5,160,173,1,-1,0,1
145,105,5,5,170,166,1,-1,0,1
150,110,5,5,180,159,1,-1,0,1
155,115,5,5,190,159,1,0,0,1
160,120,5,5,200,152,1,-1,0,1
165,125,5,5,210,145,1,-1,0,1
170,130,5,5,220,138,1,-1,0,1
175,135,5,5,230,138,1,0,0,1
180,140,5,5,240,131,1,-1,0,1
185,145,5,5,250,124,1,-1,0,1
190,150,5,5,260,117,1,-1,0,1
195,155,5,5,270,110,1,-1,0,1
200,160,5,5,280,103,1,-1,0,1
205,165,5,5,290,110,1,1,0,1
210,170,5,5,300,117,1,1,0,1
215,175,5,5,310,124,1,1,0,1
220,180,5,5,320,131,1,1,0,1
225,185,5,5,330,124,1,-1,0,1
230,190,5,5,340,131,1,1,0,1
235,195,5,5,350,138,1,1,0,1
240,200,5,5,360,145,1,1,0,1
245,205,5,5,370,152,1,1,0,1
250,210,5,5,380,159,1,1,0,1
255,215,5,5,390,159,1,0,0,1
260,220,5,5,400,166,1,1,0,1
265,225,5,5,410,173,1,1,0,1
270,230,5,5,420,180,1,1,0,1
275,235,5,5,430,180,1,0,0,1
280,240,5,5,440,187,1,1,0,1
285,245,5,5,450,194,1,1,0,1
290,250,5,5,460,201,1,1,0,1
295,255,5,5,470,194,1,-1,0,1
300,260,5,5,480,201,1,1,0,1
305,265,5,5,490,208,1,1,0,1
310,270,5,5,500,215,1,1,0,1
315,275,5,5,500,215,0,0,0,1
320,280,5,5,500,222,0,1,0,1
325,285,5,5,500,229,0,1,0,1
330,290,5,5,500,236,0,1,0,1
335,295,5,5,500,243,0,1,0,1
340,300,5,5,500,250,0,1,0,1
345,305,5,5,500,250,0,0,0,1
350,310,5,5,500,257,0,1,0,1
355,315,5,5,500,264,0,1,0,1
360,320,5,5,500,271,0,1,0,1
365,325,5,5,500,264,0,-1,0,1
370,330,5,5,500,271,0,1,0,1
375,335,5,5,500,278,0,1,0,1
380,340,5,5,500,285,0,1,0,1
385,345,5,5,500,292,0,1,0,1
390,350,5,5,500,299,0,1,0,1
395,355,5,5,500,306,0,1,0,1
400,360,5,5,500,299,0,-1,0,1
405,365,5,5,500,306,0,1,0,1
410,370,5,5,500,313,0,1,0,1
415,375,5,5,500,320,0,1,0,1
420,380,5,5,500,327,0,1,0,1
425,385,5,5,500,334,0,1,0,1
430,390,5,5,500,341,0,1,0,1
435,395,5,5,500,334,0,-1,0,1
440,400,5,5,500,341,0,1,0,1
445,405,5,5,500,348,0,1,0,1
450,410,5,5,500,355,0,1,0,1
455,415,5,5,500,362,0,1,0,1
460,420,5,5,500,369,0,1,0,1
465,425,5,5,500,376,0,1,0,1
470,430,5,5,500,369,0,-1,0,1
475,435,5,5,500,376,0,1,0,1
480,440,5,5,500,383,0,1,0,1
485,445,5,5,500,390,0,1,0,1
490,450,5,5,500,397,0,1,0,1
495,455,5,5,500,404,0,1,0,1
500,460,5,5,500,411,0,1,0,1
505,465,5,5,500,404,0,-1,0,1
510,470,5,5,500,411,0,1,0,1
515,475,5,5,500,418,0,1,0,1
520,480,5,5,500,418,0,0,0,1
525,485,5,5,500,425,0,1,0,1
530,490,5,5,500,432,0,1,0,1
535,495,5,5,500,439,0,1,0,1
540,500,5,5,500,446,0,1,0,1
545,505,5,5,500,453,0,1,0,1
550,510,5,5,500,460,0,1,0,1
555,515,5,5,500,460,0,0,0,1
560,520,5,5,500,467,0,1,0,1
565,525,5,5,500,474,0,1,0,1
570,530,5,5,500,481,0,1,0,1
575,535,5,5,500,474,0,-1,0,1
580,540,5,5,500,481,0,1,0,1
585,545,5,5,500,488,0,1,0,1
590,550,5,5,500,488,0,0,0,1
595,555,5,5,500,495,0,1,0,1
600,560,5,5,500,502,0,1,0,1
605,565,5,5,500,509,0,1,0,1
610,570,5,5,500,509,0,0,0,1
615,575,5,5,500,516,0,1,0,1
620,580,5,5,500,523,0,1,0,1
625,585,5,5,500,530,0,1,0,1
630,590,5,-5,500,537,0,1,0,1
635,585,5,-5,500,544,0,1,0,1
640,580,5,-5,500,537,0,-1,0,1
645,575,5,-5,500,530,0,-1,0,1
650,570,5,-5,500,523,0,-1,0,1
655,565,5,-5,500,516,0,-1,0,1
660,560,5,-5,500,509,0,-1,0,1
665,555,5,-5,500,516,0,1,0,1
670,550,5,-5,500,509,0,-1,0,1
675,545,5,-5,500,502,0,-1,0,1
680,540,5,-5,500,495,0,-1,0,1
685,535,5,-5,500,488,0,-1,0,1
690,530,5,-5,500,481,0,-1,0,1
695,525,5,-5,500,474,0,-1,0,1
700,520,5,-5,500,481,0,1,0,1
705,515,5,-5,500,474,0,-1,0,1
710,510,5,-5,500,467,0,-1,0,1
715,505,5,-5,500,460,0,-1,0,1
720,500,5,-5,500,453,0,-1,0,1
725,495,5,-5,500,446,0,-1,0,1
730,490,5,-5,500,439,0,-1,0,1
735,485,5,-5,500,446,0,1,0,1
740,480,5,-5,500,439,0,-1,0,1
745,475,5,-5,500,432,0,-1,0,1
750,470,5,-5,500,425,0,-1,0,1
755,465,5,-5,500,418,0,-1,0,1
760,460,5,-5,500,411,0,-1,0,1
765,455,5,-5,500,404,0,-1,0,1
770,450,5,-5,500,411,0,1,0,1
775,445,5,-5,500,404,0,-1,0,1
780,440,-5,-5,490,397,-1,-1,0,1
775,435,-5,-5,480,397,-1,0,0,1
770,430,-5,-5,470,397,-1,0,0,1
765,425,-5,-5,460,397,-1,0,0,1
760,420,-5,-5,450,397,-1,0,0,1
755,415,-5,-5,440,397,-1,0,0,1
750,410,-5,-5,430,397,-1,0,0,1
745,405,-5,-5,420,397,-1,0,0,1
740,400,-5,-5,410,397,-1,0,0,1
735,395,-5,-5,400,397,-1,0,0,1
730,390,-5,-5,390,397,-1,0,0,1
725,385,-5,-5,380,397,-1,0,0,1
720,380,-5,-5,370,397,-1,0,0,1
715,375,-5,-5,360,397,-1,0,0,1
710,370,-5,-5,350,397,-1,0,0,1
705,365,-5,-5,340,397,-1,0,0,1
700,360,-5,-5,330,397,-1,0,0,1
695,355,-5,-5,320,397,-1,0,0,1
690,350,-5,-5,310,397,-1,0,0,1
685,345,-5,-5,300,397,-1,0,0,1
680,340,-5,-5,290,397,-1,0,0,1
675,335,-5,-5,280,397,-1,0,0,1
670,330,-5,-5,270,397,-1,0,0,1
665,325,-5,-5,260,397,-1,0,0,1
660,320,-5,-5,250,397,-1,0,0,1
655,315,-5,-5,240,397,-1,0,0,1
650,310,-5,-5,230,397,-1,0,0,1
645,305,-5,-5,220,397,-1,0,0,1
640,300,-5,-5,210,397,-1,0,0,1
635,295,-5,-5,200,397,-1,0,0,1
630,290,-5,-5,190,397,-1,0,0,1
625,285,-5,-5,180,397,-1,0,0,1
620,280,-5,-5,170,397,-1,0,0,1
615,275,-5,-5,160,397,-1,0,0,1
610,270,-5,-5,150,397,-1,0,0,1
605,265,-5,-5,140,397,-1,0,0,1
600,260,-5,-5,130,397,-1,0,0,1
595,255,-5,-5,120,397,-1,0,0,1
590,250,-5,-5,110,397,-1,0,0,1
585,245,-5,-5,100,397,-1,0,0,1
580,240,-5,-5,90,397,-1,0,0,1
575,235,-5,-5,80,397,-1,0,0,1
570,230,-5,-5,70,397,-1,0,0,1
565,225,-5,-5,60,397,-1,0,0,1
560,220,-5,-5,50,397,-1,0,0,1
555,215,-5,-5,40,397,-1,0,0,1
550,210,-5,-5,30,397,-1,0,0,1
545,205,-5,-5,20,397,-1,0,0,1
540,200,-5,-5,10,397,-1,0,0,1
535,195,-5,-5,0,397,-1,0,0,1
530,190,-5,-5,0,397,0,0,0,1
525,185,-5,-5,0,397,0,0,0,1
520,180,-5,-5,0,397,0,0,0,1
515,175,-5,-5,0,397,0,0,0,1
510,170,-5,-5,0,397,0,0,0,1
505,165,-5,-5,0,397,0,0,0,1
500,160,-5,-5,0,397,0,0,0,1
495,155,-5,-5,0,397,0,0,0,1
490,150,-5,-5,0,397,0,0,0,1
485,145,-5,-5,0,397,0,0,0,1
480,140,-5,-5,0,397,0,0,0,1
475,135,-5,-5,0,397,0,0,0,1
470,130,-5,-5,0,397,0,0,0,1
465,125,-5,-5,0,397,0,0,0,1
460,120,-5,-5,0,397,0,0,0,1
455,115,-5,-5,0,397,0,0,0,1
450,110,-5,-5,0,397,0,0,0,1
445,105,-5,-5,0,397,0,0,0,1
440,100,-5,-5,0,397,0,0,0,1
435,95,-5,-5,10,397,1,0,0,1
430,90,-5,-5,20,397,1,0,0,1
425,85,-5,-5,30,397,1,0,0,1
420,80,-5,-5,40,397,1,0,0,1
415,75,-5,-5,50,397,1,0,0,1
410,70,-5,-5,60,397,1,0,0,1
405,65,-5,-5,70,397,1,0,0,1
400,60,-5,-5,80,397,1,0,0,1
395,55,-5,-5,90,397,1,0,0,1
390,50,-5,-5,100,397,1,0,0,1
385,45,-5,-5,110,397,1,0,0,1
380,40,-5,-5,120,397,1,0,0,1
375,35,-5,-5,130,397,1,0,0,1
370,30,-5,-5,140,397,1,0,0,1
365,25,-5,-5,150,397,1,0,0,1
360,20,-5,-5,160,397,1,0,0,1
355,15,-5,-5,170,397,1,0,0,1
350,10,-5,5,180,397,1,0,0,1
345,15,-5,5,190,397,1,0,0,1
340,20,-5,5,200,397,1,0,0,1
335,25,-5,5,210,397,1,0,0,1
330,30,-5,5,220,397,1,0,0,1
325,35,-5,5,230,397,1,0,0,1
320,40,-5,5,240,397,1,0,0,1
315,45,-5,5,250,397,1,0,0,1
310,50,-5,5,260,397,1,0,0,1
305,55,-5,5,270,397,1,0,0,1
300,60,-5,5,280,397,1,0,0,1
295,65,-5,5,290,397,1,0,0,1
290,70,-5,5,300,397,1,0,0,1
285,75,-5,5,310,397,1,0,0,1
280,80,-5,5,320,397,1,0,0,1
275,85,-5,5,330,397,1,0,0,1
270,90,-5,5,340,397,1,0,0,1
265,95,-5,5,350,397,1,0,0,1
260,100,-5,5,360,397,1,0,0,1
255,105,-5,5,370,397,1,0,0,1
250,110,-5,5,380,397,1,0,0,1
245,115,-5,5,390,397,1,0,0,1
240,120,-5,5,400,397,1,0,0,1
235,125,-5,5,410,397,1,0,0,1
230,130,-5,5,420,397,1,0,0,1
225,135,-5,5,430,397,1,0,0,1
220,140,-5,5,440,397,1,0,0,1
215,145,-5,5,440,397,0,0,0,1
210,150,-5,5,440,397,0,0,0,1
205,155,-5,5,440,397,0,0,0,1
200,160,-5,5,440,397,0,0,0,1
195,165,-5,5,440,397,0,0,0,1
190,170,-5,5,440,397,0,0,0,1
185,175,-5,5,440,397,0,0,0,1
180,180,-5,5,440,397,0,0,0,1
175,185,-5,5,440,397,0,0,0,1
170,190,-5,5,440,397,0,0,0,1
165,195,-5,5,430,397,-1,0,0,1
160,200,-5,5,420,397,-1,0,0,1
155,205,-5,5,410,397,-1,0,0,1
150,210,-5,5,400,397,-1,0,0,1
145,215,-5,5,390,397,-1,0,0,1
140,220,-5,5,380,397,-1,0,0,1
135,225,-5,5,370,397,-1,0,0,1
130,230,-5,5,360,397,-1,0,0,1
125,235,-5,5,350,397,-1,0,0,1
120,240,-5,5,340,397,-1,0,0,1
115,245,-5,5,330,397,-1,0,0,1
110,250,-5,5,320,397,-1,0,0,1
105,255,-5,5,310,397,-1,0,0,1
100,260,-5,5,300,397,-1,0,0,1
95,265,-5,5,290,397,-1,0,0,1
90,270,-5,5,280,397,-1,0,0,1
85,275,-5,5,270,397,-1,0,0,1
80,280,-5,5,260,397,-1,0,0,1
75,285,-5,5,250,397,-1,0,0,1
70,290,-5,5,240,397,-1,0,0,1
65,295,-5,5,230,397,-1,0,0,1
60,300,-5,5,220,397,-1,0,0,1
55,305,-5,5,210,397,-1,0,0,1
50,310,-5,5,210,397,0,0,0,1
45,315,-5,5,210,397,0,0,0,1
40,320,-5,5,210,397,0,0,0,1
35,325,-5,5,210,397,0,0,0,1
30,330,-5,5,210,397,0,0,0,1
25,335,-5,5,210,397,0,0,0,1
20,340,-5,5,210,397,0,0,0,1
15,345,-5,5,210,397,0,0,0,1
10,350,-5,5,210,397,0,0,0,1
5,355,-5,5,210,397,0,0,0,1
0,360,-5,5,210,397,0,0,0,1
400,300,5,5,210,397,0,0,0,2
405,305,5,5,210,390,0,-1,0,2
410,310,5,5,210,383,0,-1,0,2
415,315,5,5,210,376,0,-1,0,2
420,320,5,5,210,369,0,-1,0,2
425,325,5,5,210,362,0,-1,0,2
430,330,5,5,210,355,0,-1,0,2
435,335,5,5,220,348,1,-1,0,2
440,340,5,5,230,341,1,-1,0,2
445,345,5,5,240,334,1,-1,0,2
450,350,5,5,250,327,1,-1,0,2
455,355,5,5,260,320,1,-1,0,2
460,360,5,5,270,313,1,-1,0,2
465,365,5,5,280,306,1,-1,0,2
470,370,5,5,290,313,1,1,0,2
475,375,5,5,300,320,1,1,0,2
480,380,5,5,310,327,1,1,0,2
485,385,5,5,320,334,1,1,0,2
490,390,5,5,330,341,1,1,0,2
495,395,5,5,340,341,1,0,0,2
500,400,5,5,350,348,1,1,0,2
505,405,5,5,360,355,1,1,0,2
510,410,5,5,370,355,1,0,0,2
515,415,5,5,380,362,1,1,0,2
520,420,5,5,390,369,1,1,0,2
525,425,5,5,400,376,1,1,0,2
530,430,5,5,410,369,1,-1,0,2
535,435,5,5,420,369,1,0,0,2
540,440,5,5,430,376,1,1,0,2
545,445,5,5,440,383,1,1,0,2
550,450,5,5,450,390,1,1,0,2
555,455,5,5,460,397,1,1,0,2
560,460,5,5,470,404,1,1,0,2
565,465,5,5,480,411,1,1,0,2
570,470,5,5,490,418,1,1,0,2
575,475,5,5,500,425,1,1,0,2
580,480,5,5,500,425,0,0,0,2
585,485,5,5,500,432,0,1,0,2
590,490,5,5,500,439,0,1,0,2
595,495,5,5,500,446,0,1,0,2
600,500,5,5,500,446,0,0,0,2
605,505,5,5,500,453,0,1,0,2
610,510,5,5,500,460,0,1,0,2
615,515,5,5,500,460,0,0,0,2
620,520,5,5,500,467,0,1,0,2
625,525,5,5,500,467,0,0,0,2
630,530,5,5,500,474,0,1,0,2
635,535,5,5,500,481,0,1,0,2
640,540,5,5,500,488,0,1,0,2
645,545,5,5,500,495,0,1,0,2
650,550,5,5,500,495,0,0,0,2
655,555,5,5,500,502,0,1,0,2
660,560,5,5,500,509,0,1,0,2
665,565,5,5,500,516,0,1,0,2
670,570,5,5,500,509,0,-1,0,2
675,575,5,5,490,516,-1,1,0,2
680,580,5,5,480,523,-1,1,0,2
685,585,5,5,470,530,-1,1,0,2
690,590,5,-5,460,537,-1,1,0,2
695,585,5,-5,450,544,-1,1,0,2
700,580,5,-5,440,537,-1,-1,0,2
705,575,5,-5,430,530,-1,-1,0,2
710,570,5,-5,420,530,-1,0,0,2
715,565,5,-5,410,530,-1,0,0,2
720,560,5,-5,400,523,-1,-1,0,2
725,555,5,-5,390,516,-1,-1,0,2
730,550,5,-5,380,509,-1,-1,0,2
735,545,5,-5,370,509,-1,0,0,2
740,540,5,-5,360,502,-1,-1,0,2
745,535,5,-5,350,495,-1,-1,0,2
750,530,5,-5,340,488,-1,-1,0,2
755,525,5,-5,330,481,-1,-1,0,2
760,520,5,-5,320,474,-1,-1,0,2
765,515,5,-5,310,467,-1,-1,0,2
770,510,5,-5,300,460,-1,-1,0,2
775,505,5,-5,290,460,-1,0,0,2
780,500,-5,-5,280,453,-1,-1,0,2
775,495,-5,-5,270,453,-1,0,0,2
770,490,-5,-5,260,453,-1,0,0,2
765,485,-5,-5,250,453,-1,0,0,2
760,480,-5,-5,240,453,-1,0,0,2
755,475,-5,-5,230,453,-1,0,0,2
750,470,-5,-5,220,453,-1,0,0,2
745,465,-5,-5,210,453,-1,0,0,2
740,460,-5,-5,200,453,-1,0,0,2
735,455,-5,-5,190,453,-1,0,0,2
730,450,-5,-5,180,453,-1,0,0,2
725,445,-5,-5,170,453,-1,0,0,2
720,440,-5,-5,160,453,-1,0,0,2
715,435,-5,-5,150,453,-1,0,0,2
710,430,-5,-5,140,453,-1,0,0,2
705,425,-5,-5,140,453,0,0,0,2
700,420,-5,-5,140,453,0,0,0,2
695,415,-5,-5,140,453,0,0,0,2
690,410,-5,-5,140,453,0,0,0,2
685,405,-5,-5,140,453,0,0,0,2
680,400,-5,-5,140,453,0,0,0,2
675,395,-5,-5,140,453,0,0,0,2
670,390,-5,-5,140,453,0,0,0,2
665,385,-5,-5,140,453,0,0,0,2
660,380,-5,-5,140,453,0,0,0,2
655,375,-5,-5,140,453,0,0,0,2
650,370,-5,-5,140,453,0,0,0,2
645,365,-5,-5,140,453,0,0,0,2
640,360,-5,-5,140,453,0,0,0,2
635,355,-5,-5,140,453,0,0,0,2
630,350,-5,-5,140,453,0,0,0,2
625,345,-5,-5,140,453,0,0,0,2
620,340,-5,-5,140,453,0,0,0,2
615,335,-5,-5,140,453,0,0,0,2
610,330,-5,-5,140,453,0,0,0,2
605,325,-5,-5,140,453,0,0,0,2
600,320,-5,-5,140,453,0,0,0,2
595,315,-5,-5,130,453,-1,0,0,2
590,310,-5,-5,120,453,-1,0,0,2
585,305,-5,-5,110,453,-1,0,0,2
580,300,-5,-5,100,453,-1,0,0,2
575,295,-5,-5,90,453,-1,0,0,2
570,290,-5,-5,80,453,-1,0,0,2
565,285,-5,-5,70,453,-1,0,0,2
560,280,-5,-5,60,453,-1,0,0,2
555,275,-5,-5,50,453,-1,0,0,2
550,270,-5,-5,40,453,-1,0,0,2
545,265,-5,-5,30,453,-1,0,0,2
540,260,-5,-5,20,453,-1,0,0,2
535,255,-5,-5,10,453,-1,0,0,2
530,250,-5,-5,0,453,-1,0,0,2
525,245,-5,-5,0,453,0,0,0,2
520,240,-5,-5,0,453,0,0,0,2
515,235,-5,-5,0,453,0,0,0,2
510,230,-5,-5,0,453,0,0,0,2
505,225,-5,-5,0,453,0,0,0,2
500,220,-5,-5,0,453,0,0,0,2
495,215,-5,-5,0,453,0,0,0,2
490,210,-5,-5,0,453,0,0,0,2
485,205,-5,-5,0,453,0,0,0,2
480,200,-5,-5,0,453,0,0,0,2
475,195,-5,-5,0,453,0,0,0,2
470,190,-5,-5,0,453,0,0,0,2
465,185,-5,-5,0,453,0,0,0,2
460,180,-5,-5,0,453,0,0,0,2
455,175,-5,-5,0,453,0,0,0,2
450,170,-5,-5,0,453,0,0,0,2
445,165,-5,-5,0,453,0,0,0,2
440,160,-5,-5,10,453,1,0,0,2
435,155,-5,-5,20,453,1,0,0,2
430,150,-5,-5,30,453,1,0,0,2
425,145,-5,-5,40,453,1,0,0,2
420,140,-5,-5,50,453,1,0,0,2
415,135,-5,-5,60,453,1,0,0,2
410,130,-5,-5,70,453,1,0,0,2
405,125,-5,-5,80,453,1,0,0,2
400,120,-5,-5,90,453,1,0,0,2
395,115,-5,-5,100,453,1,0,0,2
390,110,-5,-5,110,453,1,0,0,2
385,105,-5,-5,120,453,1,0,0,2
380,100,-5,-5,130,453,1,0,0,2
375,95,-5,-5,140,453,1,0,0,2
370,90,-5,-5,150,453,1,0,0,2
365,85,-5,-5,160,453,1,0,0,2
360,80,-5,-5,170,453,1,0,0,2
355,75,-5,-5,180,453,1,0,0,2
350,70,-5,-5,190,453,1,0,0,2
345,65,-5,-5,200,453,1,0,0,2
340,60,-5,-5,210,453,1,0,0,2
335,55,-5,-5,220,453,1,0,0,2
330,50,-5,-5,230,453,1,0,0,2
325,45,-5,-5,240,453,1,0,0,2
320,40,-5,-5,250,453,1,0,0,2
315,35,-5,-5,260,453,1,0,0,2
310,30,-5,-5,270,453,1,0,0,2
305,25,-5,-5,280,453,1,0,0,2
300,20,-5,-5,290,453,1,0,0,2
295,15,-5,-5,300,453,1,0,0,2
290,10,-5,5,310,453,1,0,0,2
285,15,-5,5,320,453,1,0,0,2
280,20,-5,5,330,453,1,0,0,2
275,25,-5,5,340,453,1,0,0,2
270,30,-5,5,340,453,0,0,0,2
265,35,-5,5,340,453,0,0,0,2
260,40,-5,5,340,453,0,0,0,2
255,45,-5,5,340,453,0,0,0,2
250,50,-5,5,340,453,0,0,0,2
245,55,-5,5,340,453,0,0,0,2
240,60,-5,5,340,453,0,0,0,2
235,65,-5,5,340,453,0,0,0,2
230,70,-5,5,340,453,0,0,0,2
225,75,-5,5,340,453,0,0,0,2
220,80,-5,5,340,453,0,0,0,2
215,85,-5,5,340,453,0,0,0,2
210,90,-5,5,340,453,0,0,0,2
205,95,-5,5,340,453,0,0,0,2
200,100,-5,5,330,453,-1,0,0,2
195,105,-5,5,320,453,-1,0,0,2
190,110,-5,5,310,453,-1,0,0,2
185,115,-5,5,300,453,-1,0,0,2
180,120,-5,5,290,453,-1,0,0,2
175,125,-5,5,280,453,-1,0,0,2
170,130,-5,5,270,453,-1,0,0,2
165,135,-5,5,260,453,-1,0,0,2
160,140,-5,5,250,453,-1,0,0,2
155,145,-5,5,240,453,-1,0,0,2
150,150,-5,5,230,453,-1,0,0,2
145,155,-5,5,220,453,-1,0,0,2
140,160,-5,5,210,453,-1,0,0,2
135,165,-5,5,200,453,-1,0,0,2
130,170,-5,5,190,453,-1,0,0,2
125,175,-5,5,180,453,-1,0,0,2
120,180,-5,5,170,453,-1,0,0,2
115,185,-5,5,160,453,-1,0,0,2
110,190,-5,5,150,453,-1,0,0,2
105,195,-5,5,150,453,0,0,0,2
100,200,-5,5,150,453,0,0,0,2
95,205,-5,5,150,453,0,0,0,2
90,210,-5,5,150,453,0,0,0,2
85,215,-5,5,150,453,0,0,0,2
80,220,-5,5,150,453,0,0,0,2
75,225,-5,5,150,453,0,0,0,2
70,230,-5,5,150,453,0,0,0,2
65,235,-5,5,150,453,0,0,0,2
60,240,-5,5,150,453,0,0,0,2
55,245,-5,5,150,453,0,0,0,2
50,250,-5,5,150,453,0,0,0,2
45,255,-5,5,150,453,0,0,0,2
40,260,-5,5,150,453,0,0,0,2
35,265,-5,5,160,453,1,0,0,2
30,270,-5,5,170,453,1,0,0,2
25,275,-5,5,180,453,1,0,0,2
20,280,5,5,190,453,1,0,0,2
25,285,5,5,200,446,1,-1,0,2
30,290,5,5,210,439,1,-1,0,2
35,295,5,5,220,432,1,-1,0,2
40,300,5,5,230,425,1,-1,0,2
45,305,5,5,240,418,1,-1,0,2
50,310,5,5,250,411,1,-1,0,2
55,315,5,5,260,404,1,-1,0,2
60,320,5,5,270,397,1,-1,0,2
65,325,5,5,280,390,1,-1,0,2
70,330,5,5,290,383,1,-1,0,2
75,335,5,5,300,376,1,-1,0,2
80,340,5,5,310,369,1,-1,0,2
85,345,5,5,320,362,1,-1,0,2
90,350,5,5,330,362,1,0,0,2
95,355,5,5,340,355,1,-1,0,2
100,360,5,5,350,348,1,-1,0,2
105,365,5,5,360,341,1,-1,0,2
110,370,5,5,370,334,1,-1,0,2
115,375,5,5,380,334,1,0,0,2
120,380,5,5,390,327,1,-1,0,2
125,385,5,5,400,334,1,1,0,2
130,390,5,5,410,341,1,1,0,2
135,395,5,5,420,334,1,-1,0,2
140,400,5,5,430,341,1,1,0,2
145,405,5,5,440,348,1,1,0,2
150,410,5,5,450,355,1,1,0,2
155,415,5,5,460,362,1,1,0,2
160,420,5,5,470,369,1,1,0,2
165,425,5,5,480,376,1,1,0,2
170,430,5,5,490,369,1,-1,0,2
175,435,5,5,500,376,1,1,0,2
180,440,5,5,500,383,0,1,0,2
185,445,5,5,500,390,0,1,0,2
190,450,5,5,500,397,0,1,0,2
195,455,5,5,500,404,0,1,0,2
200,460,5,5,500,411,0,1,0,2
205,465,5,5,500,404,0,-1,0,2
210,470,5,5,500,411,0,1,0,2
215,475,5,5,500,418,0,1,0,2
220,480,5,5,500,418,0,0,0,2
225,485,5,5,500,425,0,1,0,2
230,490,5,5,500,432,0,1,0,2
235,495,5,5,500,439,0,1,0,2
240,500,5,5,500,446,0,1,0,2
245,505,5,5,500,453,0,1,0,2
250,510,5,5,500,460,0,1,0,2
255,515,5,5,500,460,0,0,0,2
260,520,5,5,500,467,0,1,0,2
265,525,5,5,500,467,0,0,0,2
270,530,5,5,500,474,0,1,0,2
275,535,5,5,490,481,-1,1,0,2
280,540,5,5,480,488,-1,1,0,2
285,545,5,5,470,495,-1,1,0,2
290,550,5,5,460,495,-1,0,0,2
295,555,5,5,450,495,-1,0,0,2
300,560,5,5,440,502,-1,1,0,2
305,565,5,5,430,509,-1,1,0,2
310,570,5,5,420,516,-1,1,0,2
315,575,5,5,410,523,-1,1,0,2
320,580,5,5,400,530,-1,1,0,2
325,585,5,5,390,530,-1,0,0,2
330,590,5,-5,380,537,-1,1,0,2
335,585,5,-5,370,544,-1,1,0,2
340,580,5,-5,360,537,-1,-1,0,2
345,575,5,-5,350,530,-1,-1,0,2
350,570,5,-5,340,530,-1,0,0,2
355,565,5,-5,330,523,-1,-1,0,2
360,560,5,-5,320,516,-1,-1,0,2
365,555,5,-5,310,509,-1,-1,0,2
370,550,5,-5,300,509,-1,0,0,2
375,545,5,-5,290,502,-1,-1,0,2
380,540,5,-5,280,495,-1,-1,0,2
385,535,5,-5,270,488,-1,-1,0,2
390,530,5,-5,260,481,-1,-1,0,2
395,525,5,-5,250,481,-1,0,0,2
400,520,5,-5,240,474,-1,-1,0,2
405,515,5,-5,230,467,-1,-1,0,2
410,510,5,-5,220,460,-1,-1,0,2
415,505,5,-5,210,460,-1,0,0,2
420,500,5,-5,200,453,-1,-1,0,2
425,495,5,-5,190,446,-1,-1,0,2
430,490,5,-5,180,439,-1,-1,0,2
435,485,5,-5,170,446,-1,1,0,2
440,480,5,-5,160,439,-1,-1,0,2
445,475,5,-5,150,432,-1,-1,0,2
450,470,5,-5,140,425,-1,-1,0,2
455,465,5,-5,130,418,-1,-1,0,2
460,460,5,-5,120,411,-1,-1,0,2
465,455,5,-5,110,404,-1,-1,0,2
470,450,5,-5,100,411,-1,1,0,2
475,445,5,-5,90,404,-1,-1,0,2
480,440,5,-5,80,397,-1,-1,0,2
485,435,5,-5,70,390,-1,-1,0,2
490,430,5,-5,60,383,-1,-1,0,2
495,425,5,-5,50,376,-1,-1,0,2
500,420,5,-5,40,369,-1,-1,0,2
505,415,5,-5,30,376,-1,1,0,2
510,410,5,-5,20,369,-1,-1,0,2
515,405,5,-5,10,362,-1,-1,0,2
520,400,5,-5,0,362,-1,0,0,2
525,395,5,-5,0,355,0,-1,0,2
530,390,5,-5,0,348,0,-1,0,2
535,385,5,-5,0,341,0,-1,0,2
540,380,5,-5,0,334,0,-1,0,2
545,375,5,-5,0,327,0,-1,0,2
550,370,5,-5,0,320,0,-1,0,2
555,365,5,-5,0,320,0,0,0,2
560,360,5,-5,0,313,0,-1,0,2
565,355,5,-5,0,306,0,-1,0,2
570,350,5,-5,0,299,0,-1,0,2
575,345,5,-5,0,306,0,1,0,2
580,340,5,-5,0,306,0,0,0,2
585,335,5,-5,0,299,0,-1,0,2
590,330,5,-5,0,292,0,-1,0,2
595,325,5,-5,0,285,0,-1,0,2
600,320,5,-5,0,278,0,-1,0,2
605,315,5,-5,0,271,0,-1,0,2
610,310,5,-5,0,264,0,-1,0,2
615,305,5,-5,0,257,0,-1,0,2
620,300,5,-5,0,250,0,-1,0,2
625,295,5,-5,0,250,0,0,0,2
630,290,5,-5,0,243,0,-1,0,2
635,285,5,-5,0,236,0,-1,0,2
640,280,5,-5,0,236,0,0,0,2
645,275,5,-5,0,236,0,0,0,2
650,270,5,-5,0,229,0,-1,0,2
655,265,5,-5,0,222,0,-1,0,2
660,260,5,-5,0,215,0,-1,0,2
665,255,5,-5,0,208,0,-1,0,2
670,250,5,-5,0,201,0,-1,0,2
675,245,5,-5,0,194,0,-1,0,2
680,240,5,-5,0,201,0,1,0,2
685,235,5,-5,0,194,0,-1,0,2
690,230,5,-5,0,187,0,-1,0,2
695,225,5,-5,0,180,0,-1,0,2
700,220,5,-5,0,173,0,-1,0,2
705,215,5,-5,0,166,0,-1,0,2
710,210,5,-5,0,159,0,-1,0,2
715,205,5,-5,0,166,0,1,0,2
720,200,5,-5,0,159,0,-1,0,2
725,195,5,-5,0,152,0,-1,0,2
730,190,5,-5,0,145,0,-1,0,2
735,185,5,-5,0,138,0,-1,0,2
740,180,5,-5,0,131,0,-1,0,2
745,175,5,-5,0,124,0,-1,0,2
750,170,5,-5,0,131,0,1,0,2
755,165,5,-5,0,124,0,-1,0,2
760,160,5,-5,0,117,0,-1,0,2
765,155,5,-5,0,110,0,-1,0,2
770,150,5,-5,0,103,0,-1,0,2
775,145,5,-5,0,96,0,-1,0,2
780,140,-5,-5,0,89,0,-1,0,2
775,135,-5,-5,0,89,0,0,0,2
770,130,-5,-5,0,89,0,0,0,2
765,125,-5,-5,0,89,0,0,0,2
760,120,-5,-5,0,89,0,0,0,2
755,115,-5,-5,0,89,0,0,0,2
750,110,-5,-5,0,89,0,0,0,2
745,105,-5,-5,0,89,0,0,0,2
740,100,-5,-5,0,89,0,0,0,2
735,95,-5,-5,0,89,0,0,0,2
730,90,-5,-5,0,89,0,0,0,2
725,85,-5,-5,0,89,0,0,0,2
720,80,-5,-5,0,89,0,0,0,2
715,75,-5,-5,0,89,0,0,0,2
710,70,-5,-5,0,89,0,0,0,2
705,65,-5,-5,0,89,0,0,0,2
700,60,-5,-5,0,89,0,0,0,2
695,55,-5,-5,0,89,0,0,0,2
690,50,-5,-5,0,89,0,0,0,2
685,45,-5,-5,0,89,0,0,0,2
680,40,-5,-5,0,89,0,0,0,2
675,35,-5,-5,0,89,0,0,0,2
670,30,-5,-5,0,89,0,0,0,2
665,25,-5,-5,0,89,0,0,0,2
660,20,-5,-5,0,89,0,0,0,2
655,15,-5,-5,0,89,0,0,0,2
650,10,-5,5,0,89,0,0,0,2
645,15,-5,5,10,89,1,0,0,2
640,20,-5,5,20,89,1,0,0,2
635,25,-5,5,30,89,1,0,0,2
630,30,-5,5,40,89,1,0,0,2
625,35,-5,5,50,89,1,0,0,2
620,40,-5,5,60,89,1,0,0,2
615,45,-5,5,70,89,1,0,0,2
610,50,-5,5,80,89,1,0,0,2
605,55,-5,5,90,89,1,0,0,2
600,60,-5,5,100,89,1,0,0,2
595,65,-5,5,110,89,1,0,0,2
590,70,-5,5,120,89,1,0,0,2
585,75,-5,5,130,89,1,0,0,2
580,80,-5,5,140,89,1,0,0,2
575,85,-5,5,150,89,1,0,0,2
570,90,-5,5,160,89,1,0,0,2
565,95,-5,5,170,89,1,0,0,2
560,100,-5,5,180,89,1,0,0,2
555,105,-5,5,190,89,1,0,0,2
550,110,-5,5,200,89,1,0,0,2
545,115,-5,5,210,89,1,0,0,2
540,120,-5,5,220,89,1,0,0,2
535,125,-5,5,230,89,1,0,0,2
530,130,-5,5,240,89,1,0,0,2
525,135,-5,5,250,89,1,0,0,2
520,140,-5,5,260,89,1,0,0,2
515,145,-5,5,270,89,1,0,0,2
510,150,-5,5,280,89,1,0,0,2
505,155,-5,5,290,89,1,0,0,2
500,160,-5,5,300,89,1,0,0,2
495,165,-5,5,310,89,1,0,0,2
490,170,-5,5,320,89,1,0,0,2
485,175,-5,5,330,89,1,0,0,2
480,180,-5,5,340,89,1,0,0,2
475,185,-5,5,350,89,1,0,0,2
470,190,-5,5,360,89,1,0,0,2
465,195,-5,5,370,89,1,0,0,2
460,200,-5,5,380,89,1,0,0,2
455,205,-5,5,390,89,1,0,0,2
450,210,-5,5,400,89,1,0,0,2
445,215,-5,5,410,89,1,0,0,2
440,220,-5,5,420,89,1,0,0,2
435,225,-5,5,430,89,1,0,0,2
430,230,-5,5,440,89,1,0,0,2
425,235,-5,5,450,89,1,0,0,2
420,240,-5,5,460,89,1,0,0,2
415,245,-5,5,460,89,0,0,0,2
410,250,-5,5,460,89,0,0,0,2
405,255,-5,5,460,89,0,0,0,2
400,260,-5,5,460,89,0,0,0,2
395,265,-5,5,460,89,0,0,0,2
390,270,-5,5,460,89,0,0,0,2
385,275,-5,5,460,89,0,0,0,2
380,280,-5,5,460,89,0,0,0,2
375,285,-5,5,460,89,0,0,0,2
370,290,-5,5,460,89,0,0,0,2
365,295,-5,5,460,89,0,0,0,2
360,300,-5,5,460,89,0,0,0,2
355,305,-5,5,460,89,0,0,0,2
350,310,-5,5,460,89,0,0,0,2
345,315,-5,5,460,89,0,0,0,2
340,320,-5,5,460,89,0,0,0,2
335,325,-5,5,460,89,0,0,0,2
330,330,-5,5,460,89,0,0,0,2
325,335,-5,5,460,89,0,0,0,2
320,340,-5,5,460,89,0,0,0,2
315,345,-5,5,460,89,0,0,0,2
310,350,-5,5,460,89,0,0,0,2
305,355,-5,5,460,89,0,0,0,2
300,360,-5,5,460,89,0,0,0,2
295,365,-5,5,460,89,0,0,0,2
290,370,-5,5,460,89,0,0,0,2
285,375,-5,5,460,89,0,0,0,2
280,380,-5,5,460,89,0,0,0,2
275,385,-5,5,460,89,0,0,0,2
270,390,-5,5,460,89,0,0,0,2
265,395,-5,5,460,89,0,0,0,2
260,400,-5,5,460,89,0,0,0,2
255,405,-5,5,460,89,0,0,0,2
250,410,-5,5,460,89,0,0,0,2
245,415,-5,5,460,89,0,0,0,2
240,420,-5,5,460,89,0,0,0,2
235,425,-5,5,460,89,0,0,0,2
230,430,-5,5,460,89,0,0,0,2
225,435,-5,5,460,89,0,0,0,2
220,440,-5,5,460,89,0,0,0,2
215,445,-5,5,460,89,0,0,0,2
210,450,-5,5,470,89,1,0,0,2
205,455,-5,5,480,89,1,0,0,2
200,460,-5,5,490,89,1,0,0,2
195,465,-5,5,500,89,1,0,0,2
190,470,-5,5,500,89,0,0,0,2
185,475,-5,5,500,89,0,0,0,2
180,480,-5,5,500,89,0,0,0,2
175,485,-5,5,500,89,0,0,0,2
170,490,-5,5,500,89,0,0,0,2
165,495,-5,5,500,89,0,0,0,2
160,500,-5,5,500,89,0,0,0,2
155,505,-5,5,500,89,0,0,0,2
150,510,-5,5,500,89,0,0,0,2
145,515,-5,5,500,89,0,0,0,2
140,520,-5,5,500,89,0,0,0,2
135,525,-5,5,500,89,0,0,0,2
130,530,-5,5,500,89,0,0,0,2
125,535,-5,5,500,89,0,0,0,2
120,540,-5,5,500,89,0,0,0,2
115,545,-5,5,500,89,0,0,0,2
110,550,-5,5,500,89,0,0,0,2
105,555,-5,5,500,89,0,0,0,2
100,560,-5,5,500,89,0,0,0,2
95,565,-5,5,500,89,0,0,0,2
90,570,-5,5,500,89,0,0,0,2
85,575,-5,5,500,89,0,0,0,2
80,580,-5,5,500,89,0,0,0,2
75,585,-5,5,500,89,0,0,0,2
70,590,-5,-5,500,89,0,0,0,2
65,585,-5,-5,500,89,0,0,0,2
60,580,-5,-5,500,89,0,0,0,2
55,575,-5,-5,500,89,0,0,0,2
50,570,-5,-5,500,89,0,0,0,2
45,565,-5,-5,500,89,0,0,0,2
40,560,-5,-5,500,89,0,0,0,2
35,555,-5,-5,500,89,0,0,0,2
30,550,-5,-5,500,89,0,0,0,2
25,545,-5,-5,500,89,0,0,0,2
20,540,5,-5,500,89,0,0,0,2
25,535,5,-5,500,89,0,0,0,2
30,530,5,-5,500,96,0,1,0,2
35,525,5,-5,500,103,0,1,0,2
40,520,5,-5,500,103,0,0,0,2
45,515,5,-5,500,110,0,1,0,2
50,510,5,-5,500,117,0,1,0,2
55,505,5,-5,500,124,0,1,0,2
60,500,5,-5,500,131,0,1,0,2
65,495,5,-5,500,138,0,1,0,2
70,490,5,-5,500,145,0,1,0,2
75,485,5,-5,500,152,0,1,0,2
80,480,5,-5,500,159,0,1,0,2
85,475,5,-5,500,166,0,1,0,2
90,470,5,-5,500,173,0,1,0,2
95,465,5,-5,500,180,0,1,0,2
100,460,5,-5,500,187,0,1,0,2
105,455,5,-5,500,194,0,1,0,2
110,450,5,-5,500,201,0,1,0,2
115,445,5,-5,500,208,0,1,0,2
120,440,5,-5,500,215,0,1,0,2
125,435,5,-5,500,215,0,0,0,2
130,430,5,-5,500,215,0,0,0,2
135,425,5,-5,500,222,0,1,0,2
140,420,5,-5,500,229,0,1,0,2
145,415,5,-5,500,236,0,1,0,2
150,410,5,-5,500,236,0,0,0,2
155,405,5,-5,500,243,0,1,0,2
160,400,5,-5,500,250,0,1,0,2
165,395,5,-5,500,257,0,1,0,2
170,390,5,-5,500,264,0,1,0,2
175,385,5,-5,500,264,0,0,0,2
180,380,5,-5,490,271,-1,1,0,2
185,375,5,-5,480,278,-1,1,0,2
190,370,5,-5,470,285,-1,1,0,2
195,365,5,-5,460,292,-1,1,0,2
200,360,5,-5,450,299,-1,1,0,2
205,355,5,-5,440,306,-1,1,0,2
210,350,5,-5,430,299,-1,-1,0,2
215,345,5,-5,420,306,-1,1,0,2
220,340,5,-5,410,299,-1,-1,0,2
225,335,5,-5,400,292,-1,-1,0,2
230,330,5,-5,390,285,-1,-1,0,2
235,325,5,-5,380,278,-1,-1,0,2
240,320,5,-5,370,271,-1,-1,0,2
245,315,5,-5,360,264,-1,-1,0,2
250,310,5,-5,350,264,-1,0,0,2
255,305,5,-5,340,257,-1,-1,0,2
260,300,5,-5,330,250,-1,-1,0,2
265,295,5,-5,320,250,-1,0,0,2
270,290,5,-5,310,243,-1,-1,0,2
275,285,5,-5,300,236,-1,-1,0,2
280,280,5,-5,290,229,-1,-1,0,2
285,275,5,-5,280,229,-1,0,0,2
290,270,5,-5,270,222,-1,-1,0,2
295,265,5,-5,260,222,-1,0,0,2
300,260,5,-5,250,215,-1,-1,0,2
305,255,5,-5,240,208,-1,-1,0,2
310,250,5,-5,230,201,-1,-1,0,2
315,245,5,-5,220,194,-1,-1,0,2
320,240,5,-5,210,194,-1,0,0,2
325,235,5,-5,200,187,-1,-1,0,2
330,230,5,-5,190,180,-1,-1,0,2
335,225,5,-5,180,180,-1,0,0,2
340,220,5,-5,170,173,-1,-1,0,2
345,215,5,-5,160,173,-1,0,0,2
350,210,5,-5,150,166,-1,-1,0,2
355,205,5,-5,140,159,-1,-1,0,2
360,200,5,-5,130,152,-1,-1,0,2
365,195,5,-5,120,145,-1,-1,0,2
370,190,5,-5,110,145,-1,0,0,2
375,185,5,-5,100,138,-1,-1,0,2
380,180,5,-5,90,131,-1,-1,0,2
385,175,5,-5,80,124,-1,-1,0,2
390,170,5,-5,70,131,-1,1,0,2
395,165,5,-5,60,124,-1,-1,0,2
400,160,5,-5,50,117,-1,-1,0,2
405,155,5,-5,40,110,-1,-1,0,2
410,150,5,-5,30,103,-1,-1,0,2
415,145,5,-5,20,96,-1,-1,0,2
420,140,5,-5,10,89,-1,-1,0,2
425,135,5,-5,0,96,-1,1,0,2
430,130,5,-5,0,89,0,-1,0,2
435,125,5,-5,0,82,0,-1,0,2
440,120,5,-5,0,75,0,-1,0,2
445,115,5,-5,0,68,0,-1,0,2
450,110,5,-5,0,61,0,-1,0,2
455,105,5,-5,0,54,0,-1,0,2
460,100,5,-5,0,61,0,1,0,2
465,95,5,-5,0,54,0,-1,0,2
470,90,5,-5,0,47,0,-1,0,2
475,85,5,-5,0,40,0,-1,0,2
480,80,5,-5,0,33,0,-1,0,2
485,75,5,-5,0,26,0,-1,0,2
490,70,5,-5,0,19,0,-1,0,2
495,65,5,-5,0,26,0,1,0,2
500,60,5,-5,0,19,0,-1,0,2
505,55,5,-5,0,12,0,-1,0,2
510,50,5,-5,0,12,0,0,0,2
515,45,5,-5,0,12,0,0,0,2
520,40,5,-5,0,5,0,-1,0,2
525,35,5,-5,0,-2,0,-1,0,2
530,30,5,-5,0,-9,0,-1,0,2
535,25,5,-5,0,-16,0,-1,0,2
540,20,5,-5,0,-23,0,-1,0,2
545,15,5,-5,0,-30,0,-1,0,2
550,10,5,5,0,-37,0,-1,0,2
555,15,5,5,0,-44,0,-1,0,2
560,20,5,5,0,-37,0,1,0,2
565,25,5,5,0,-37,0,0,0,2
570,30,5,5,0,-30,0,1,0,2
575,35,5,5,0,-23,0,1,0,2
580,40,5,5,0,-16,0,1,0,2
585,45,5,5,0,-9,0,1,0,2
590,50,5,5,0,-2,0,1,0,2
595,55,5,5,0,5,0,1,0,2
600,60,5,5,0,5,0,0,0,2
605,65,5,5,0,12,0,1,0,2
610,70,5,5,0,19,0,1,0,2
615,75,5,5,0,26,0,1,0,2
620,80,5,5,0,19,0,-1,0,2
625,85,5,5,0,19,0,0,0,2
630,90,5,5,0,26,0,1,0,2
635,95,5,5,0,33,0,1,0,2
640,100,5,5,0,40,0,1,0,2
645,105,5,5,0,47,0,1,0,2
650,110,5,5,0,54,0,1,0,2
655,115,5,5,0,54,0,0,0,2
660,120,5,5,0,61,0,1,0,2
665,125,5,5,0,68,0,1,0,2
670,130,5,5,0,75,0,1,0,2
675,135,5,5,0,82,0,1,0,2
680,140,5,5,0,89,0,1,0,2
685,145,5,5,0,96,0,1,0,2
690,150,5,5,0,89,0,-1,0,2
695,155,5,5,0,89,0,0,0,2
700,160,5,5,0,96,0,1,0,2
705,165,5,5,0,103,0,1,0,2
710,170,5,5,0,110,0,1,0,2
715,175,5,5,0,117,0,1,0,2
720,180,5,5,0,124,0,1,0,2
725,185,5,5,0,131,0,1,0,2
730,190,5,5,0,138,0,1,0,2
735,195,5,5,0,145,0,1,0,2
740,200,5,5,10,145,1,0,0,2
745,205,5,5,20,145,1,0,0,2
750,210,5,5,30,152,1,1,0,2
755,215,5,5,40,159,1,1,0,2
760,220,5,5,50,166,1,1,0,2
765,225,5,5,60,173,1,1,0,2
770,230,5,5,70,180,1,1,0,2
775,235,5,5,80,180,1,0,0,2
780,240,-5,5,90,187,1,1,0,2
775,245,-5,5,100,187,1,0,0,2
770,250,-5,5,110,187,1,0,0,2
765,255,-5,5,120,187,1,0,0,2
760,260,-5,5,130,187,1,0,0,2
755,265,-5,5,140,187,1,0,0,2
750,270,-5,5,150,187,1,0,0,2
745,275,-5,5,160,187,1,0,0,2
740,280,-5,5,170,187,1,0,0,2
735,285,-5,5,180,187,1,0,0,2
730,290,-5,5,190,187,1,0,0,2
725,295,-5,5,200,187,1,0,0,2
720,300,-5,5,210,187,1,0,0,2
715,305,-5,5,220,187,1,0,0,2
710,310,-5,5,230,187,1,0,0,2
705,315,-5,5,240,187,1,0,0,2
700,320,-5,5,250,187,1,0,0,2
695,325,-5,5,260,187,1,0,0,2
690,330,-5,5,270,187,1,0,0,2
685,335,-5,5,280,187,1,0,0,2
680,340,-5,5,290,187,1,0,0,2
675,345,-5,5,300,187,1,0,0,2
670,350,-5,5,310,187,1,0,0,2
665,355,-5,5,320,187,1,0,0,2
660,360,-5,5,330,187,1,0,0,2
655,365,-5,5,340,187,1,0,0,2
650,370,-5,5,350,187,1,0,0,2
645,375,-5,5,360,187,1,0,0,2
640,380,-5,5,370,187,1,0,0,2
635,385,-5,5,380,187,1,0,0,2
630,390,-5,5,390,187,1,0,0,2
625,395,-5,5,400,187,1,0,0,2
620,400,-5,5,410,187,1,0,0,2
615,405,-5,5,420,187,1,0,0,2
610,410,-5,5,430,187,1,0,0,2
605,415,-5,5,440,187,1,0,0,2
600,420,-5,5,450,187,1,0,0,2
595,425,-5,5,460,187,1,0,0,2
590,430,-5,5,470,187,1,0,0,2
585,435,-5,5,480,187,1,0,0,2
580,440,-5,5,480,187,0,0,0,2
575,445,-5,5,480,187,0,0,0,2
570,450,-5,5,480,187,0,0,0,2
565,455,-5,5,480,187,0,0,0,2
560,460,-5,5,480,187,0,0,0,2
555,465,-5,5,480,187,0,0,0,2
550,470,-5,5,480,187,0,0,0,2
545,475,-5,5,480,187,0,0,0,2
540,480,-5,5,480,187,0,0,0,2
535,485,-5,5,480,187,0,0,0,2
530,490,-5,5,480,187,0,0,0,2
525,495,-5,5,480,187,0,0,0,2
520,500,-5,5,480,187,0,0,0,2
515,505,-5,5,480,187,0,0,0,2
510,510,-5,5,480,187,0,0,0,2
505,515,-5,5,480,187,0,0,0,2
500,520,-5,5,480,187,0,0,0,2
495,525,-5,5,480,187,0,0,0,2
490,530,-5,5,480,187,0,0,0,2
485,535,-5,5,470,187,-1,0,0,2
480,540,-5,5,460,187,-1,0,0,2
475,545,-5,5,450,187,-1,0,0,2
470,550,-5,5,440,187,-1,0,0,2
465,555,-5,5,430,187,-1,0,0,2
460,560,-5,5,420,187,-1,0,0,2
455,565,-5,5,410,187,-1,0,0,2
450,570,-5,5,400,187,-1,0,0,2
445,575,-5,5,390,187,-1,0,0,2
440,580,-5,5,380,187,-1,0,0,2
435,585,-5,5,370,187,-1,0,0,2
430,590,-5,-5,360,187,-1,0,0,2
425,585,-5,-5,350,187,-1,0,0,2
420,580,-5,-5,340,187,-1,0,0,2
415,575,-5,-5,330,187,-1,0,0,2
410,570,-5,-5,320,187,-1,0,0,2
405,565,-5,-5,310,187,-1,0,0,2
400,560,-5,-5,300,187,-1,0,0,2
395,555,-5,-5,290,187,-1,0,0,2
390,550,-5,-5,280,187,-1,0,0,2
385,545,-5,-5,270,187,-1,0,0,2
380,540,-5,-5,260,187,-1,0,0,2
375,535,-5,-5,250,187,-1,0,0,2
370,530,-5,-5,240,187,-1,0,0,2
365,525,-5,-5,240,187,0,0,0,2
360,520,-5,-5,240,187,0,0,0,2
355,515,-5,-5,240,187,0,0,0,2
350,510,-5,-5,240,187,0,0,0,2
345,505,-5,-5,240,187,0,0,0,2
340,500,-5,-5,240,187,0,0,0,2
335,495,-5,-5,240,187,0,0,0,2
330,490,-5,-5,240,187,0,0,0,2
325,485,-5,-5,240,187,0,0,0,2
320,480,-5,-5,240,187,0,0,0,2
315,475,-5,-5,240,187,0,0,0,2
310,470,-5,-5,240,187,0,0,0,2
305,465,-5,-5,240,187,0,0,0,2
300,460,-5,-5,240,187,0,0,0,2
295,455,-5,-5,240,187,0,0,0,2
290,450,-5,-5,240,187,0,0,0,2
285,445,-5,-5,240,187,0,0,0,2
280,440,-5,-5,240,187,0,0,0,2
275,435,-5,-5,230,187,-1,0,0,2
270,430,-5,-5,220,187,-1,0,0,2
265,425,-5,-5,210,187,-1,0,0,2
260,420,-5,-5,200,187,-1,0,0,2
255,415,-5,-5,190,187,-1,0,0,2
250,410,-5,-5,180,187,-1,0,0,2
245,405,-5,-5,170,187,-1,0,0,2
240,400,-5,-5,160,187,-1,0,0,2
235,395,-5,-5,150,187,-1,0,0,2
230,390,-5,-5,140,187,-1,0,0,2
225,385,-5,-5,130,187,-1,0,0,2
220,380,-5,-5,120,187,-1,0,0,2
215,375,-5,-5,110,187,-1,0,0,2
210,370,-5,-5,100,187,-1,0,0,2
205,365,-5,-5,90,187,-1,0,0,2
200,360,-5,-5,90,187,0,0,0,2
195,355,-5,-5,90,187,0,0,0,2
190,350,-5,-5,90,187,0,0,0,2
185,345,-5,-5,90,187,0,0,0,2
180,340,-5,-5,90,187,0,0,0,2
175,335,-5,-5,90,187,0,0,0,2
170,330,-5,-5,90,187,0,0,0,2
165,325,-5,-5,90,187,0,0,0,2
160,320,-5,-5,90,187,0,0,0,2
155,315,-5,-5,90,187,0,0,0,2
150,310,-5,-5,90,187,0,0,0,2
145,305,-5,-5,90,187,0,0,0,2
140,300,-5,-5,90,187,0,0,0,2
135,295,-5,-5,90,187,0,0,0,2
130,290,-5,-5,90,187,0,0,0,2
125,285,-5,-5,90,187,0,0,0,2
120,280,-5,-5,90,187,0,0,0,2
115,275,-5,-5,100,187,1,0,0,2
110,270,-5,-5,110,187,1,0,0,2
105,265,-5,-5,120,187,1,0,0,2
100,260,-5,-5,130,187,1,0,0,2
95,255,-5,-5,140,187,1,0,0,2
90,250,-5,-5,150,187,1,0,0,2
85,245,-5,-5,160,187,1,0,0,2
80,240,-5,-5,170,187,1,0,0,2
75,235,-5,-5,180,187,1,0,0,2
70,230,-5,-5,190,187,1,0,0,2
65,225,-5,-5,200,187,1,0,0,2
60,220,-5,-5,210,187,1,0,0,2
55,215,-5,-5,220,187,1,0,0,2
50,210,-5,-5,230,187,1,0,0,2
45,205,-5,-5,240,187,1,0,0,2
40,200,-5,-5,240,187,0,0,0,2
35,195,-5,-5,240,187,0,0,0,2
30,190,-5,-5,240,187,0,0,0,2
25,185,-5,-5,240,187,0,0,0,2
20,180,-5,-5,240,187,0,0,0,2
15,175,-5,-5,240,187,0,0,0,2
10,170,-5,-5,240,187,0,0,0,2
5,165,-5,-5,240,187,0,0,0,2
0,160,-5,-5,240,187,0,0,0,2
405,295,5,-5,250,250,0,0,0,0
410,290,5,-5,250,243,0,-1,0,0
415,285,5,-5,250,236,0,-1,0,0
420,280,5,-5,250,229,0,-1,0,0
425,275,5,-5,250,236,0,1,0,0
430,270,5,-5,250,229,0,-1,0,0
435,265,5,-5,250,222,0,-1,0,0
440,260,5,-5,250,215,0,-1,0,0
445,255,5,-5,250,208,0,-1,0,0
450,250,5,-5,250,208,0,0,0,0
455,245,5,-5,250,201,0,-1,0,0
460,240,5,-5,250,194,0,-1,0,0
465,235,5,-5,250,187,0,-1,0,0
470,230,5,-5,250,180,0,-1,0,0
475,225,5,-5,250,180,0,0,0,0
480,220,5,-5,250,173,0,-1,0,0
485,215,5,-5,250,166,0,-1,0,0
490,210,5,-5,250,159,0,-1,0,0
495,205,5,-5,250,166,0,1,0,0
500,200,5,-5,250,159,0,-1,0,0
505,195,5,-5,250,152,0,-1,0,0
510,190,5,-5,250,145,0,-1,0,0
515,185,5,-5,250,138,0,-1,0,0
520,180,5,-5,250,131,0,-1,0,0
525,175,5,-5,250,124,0,-1,0,0
530,170,5,-5,250,131,0,1,0,0
535,165,5,-5,250,124,0,-1,0,0
540,160,5,-5,250,117,0,-1,0,0
545,155,5,-5,250,110,0,-1,0,0
550,150,5,-5,250,103,0,-1,0,0
555,145,5,-5,250,103,0,0,0,0
560,140,5,-5,250,96,0,-1,0,0
565,135,5,-5,250,96,0,0,0,0
570,130,5,-5,250,89,0,-1,0,0
575,125,5,-5,250,82,0,-1,0,0
580,120,5,-5,250,82,0,0,0,0
585,115,5,-5,250,75,0,-1,0,0
590,110,5,-5,250,68,0,-1,0,0
595,105,5,-5,250,61,0,-1,0,0
600,100,5,-5,250,54,0,-1,0,0
605,95,5,-5,250,47,0,-1,0,0
610,90,5,-5,250,40,0,-1,0,0
615,85,5,-5,250,40,0,0,0,0
620,80,5,-5,250,33,0,-1,0,0
625,75,5,-5,250,26,0,-1,0,0
630,70,5,-5,250,19,0,-1,0,0
635,65,5,-5,250,26,0,1,0,0
640,60,5,-5,250,19,0,-1,0,0
645,55,5,-5,250,12,0,-1,0,0
650,50,5,-5,250,5,0,-1,0,0
655,45,5,-5,250,-2,0,-1,0,0
660,40,5,-5,250,-9,0,-1,0,0
665,35,5,-5,250,-9,0,0,0,0
670,30,5,-5,250,-16,0,-1,0,0
675,25,5,-5,250,-23,0,-1,0,0
680,20,5,-5,250,-30,0,-1,0,0
685,15,5,-5,250,-30,0,0,0,0
690,10,5,5,250,-37,0,-1,0,0
695,15,5,5,250,-44,0,-1,0,0
700,20,5,5,250,-37,0,1,0,0
705,25,5,5,250,-37,0,0,0,0
710,30,5,5,250,-30,0,1,0,0
715,35,5,5,250,-23,0,1,0,0
720,40,5,5,250,-16,0,1,0,0
725,45,5,5,250,-9,0,1,0,0
730,50,5,5,250,-2,0,1,0,0
735,55,5,5,250,5,0,1,0,0
740,60,5,5,250,5,0,0,0,0
745,65,5,5,250,5,0,0,0,0
750,70,5,5,250,12,0,1,0,0
755,75,5,5,250,19,0,1,0,0
760,80,5,5,250,26,0,1,0,0
765,85,5,5,250,33,0,1,0,0
770,90,5,5,250,40,0,1,0,0
775,95,5,5,250,40,0,0,0,0
780,100,-5,5,250,47,0,1,0,0
775,105,-5,5,250,47,0,0,0,0
770,110,-5,5,250,47,0,0,0,0
765,115,-5,5,250,47,0,0,0,0
760,120,-5,5,250,47,0,0,0,0
755,125,-5,5,250,47,0,0,0,0
750,130,-5,5,250,47,0,0,0,0
745,135,-5,5,250,47,0,0,0,0
740,140,-5,5,250,47,0,0,0,0
735,145,-5,5,250,47,0,0,0,0
730,150,-5,5,250,47,0,0,0,0
725,155,-5,5,250,47,0,0,0,0
720,160,-5,5,250,47,0,0,0,0
715,165,-5,5,250,47,0,0,0,0
710,170,-5,5,250,47,0,0,0,0
705,175,-5,5,250,47,0,0,0,0
700,180,-5,5,250,47,0,0,0,0
695,185,-5,5,250,47,0,0,0,0
690,190,-5,5,250,47,0,0,0,0
685,195,-5,5,250,47,0,0,0,0
680,200,-5,5,250,47,0,0,0,0
675,205,-5,5,250,47,0,0,0,0
670,210,-5,5,250,47,0,0,0,0
665,215,-5,5,250,47,0,0,0,0
660,220,-5,5,250,47,0,0,0,0
655,225,-5,5,250,47,0,0,0,0
650,230,-5,5,250,47,0,0,0,0
645,235,-5,5,250,47,0,0,0,0
640,240,-5,5,250,47,0,0,0,0
635,245,-5,5,250,47,0,0,0,0
630,250,-5,5,250,47,0,0,0,0
625,255,-5,5,250,47,0,0,0,0
620,260,-5,5,250,47,0,0,0,0
615,265,-5,5,250,47,0,0,0,0
610,270,-5,5,250,47,0,0,0,0
605,275,-5,5,250,47,0,0,0,0
600,280,-5,5,250,47,0,0,0,0
595,285,-5,5,250,47,0,0,0,0
590,290,-5,5,250,47,0,0,0,0
585,295,-5,5,250,47,0,0,0,0
580,300,-5,5,250,47,0,0,0,0
575,305,-5,5,250,47,0,0,0,0
570,310,-5,5,250,47,0,0,0,0
565,315,-5,5,250,47,0,0,0,0
560,320,-5,5,250,47,0,0,0,0
555,325,-5,5,250,47,0,0,0,0
550,330,-5,5,250,47,0,0,0,0
545,335,-5,5,250,47,0,0,0,0
540,340,-5,5,250,47,0,0,0,0
535,345,-5,5,250,47,0,0,0,0
530,350,-5,5,250,47,0,0,0,0
525,355,-5,5,250,47,0,0,0,0
520,360,-5,5,250,47,0,0,0,0
515,365,-5,5,250,47,0,0,0,0
510,370,-5,5,250,47,0,0,0,0
505,375,-5,5,250,47,0,0,0,0
500,380,-5,5,250,47,0,0,0,0
495,385,-5,5,250,47,0,0,0,0
490,390,-5,5,250,47,0,0,0,0
485,395,-5,5,250,47,0,0,0,0
480,400,-5,5,250,47,0,0,0,0
475,405,-5,5,250,47,0,0,0,0
470,410,-5,5,250,47,0,0,0,0
465,415,-5,5,250,47,0,0,0,0
460,420,-5,5,250,47,0,0,0,0
455,425,-5,5,250,47,0,0,0,0
450,430,-5,5,250,47,0,0,0,0
445,435,-5,5,250,47,0,0,0,0
440,440,-5,5,250,47,0,0,0,0
435,445,-5,5,250,47,0,0,0,0
430,450,-5,5,250,47,0,0,0,0
425,455,-5,5,250,47,0,0,0,0
420,460,-5,5,250,47,0,0,0,0
415,465,-5,5,250,47,0,0,0,0
410,470,-5,5,250,47,0,0,0,0
405,475,-5,5,250,47,0,0,0,0
400,480,-5,5,250,47,0,0,0,0
395,485,-5,5,250,47,0,0,0,0
390,490,-5,5,250,47,0,0,0,0
385,495,-5,5,250,47,0,0,0,0
